tree
version=v4
num_class=1
num_tree_per_iteration=1
label_index=0
max_feature_idx=7
objective=binary sigmoid:1
feature_names=Age Hours Income Education Employment Gender Marital Occupation
feature_infos=[17:83] [1:99] [609.72000000000003:481259.5] -1:4:2:1:5:8:0:10:9:14:15:3:7:13:11:6 -1:4:0:2:5:3:1 -1:1:0 -1:2:0:1:4:5:3 -1:2:7:1:9:11:10:5:13:0:3:12:8:4
tree_sizes=3273 3307 3305 3279 3296 3314 3334 3313 3320 3316 3313 3299 3298 3305 3345 3339 3319 3298 3339 3330 3312 3291 3345 3308 3307 3333 3321 3321 3346 3337 3334 3356 3325 3334 3310 3364 3306 3331 3312 3328 3355 3323 3313 3350 3335 3314 3320 3359 3362 3323 3353 3359 3348 3381 3355 3317 3363 3339 3332 3348 3404 3345 3353 3390 3356 3345 3354 3362 3368 3350 3352 3339 3370 3363 3354 3363 3378 3366 3396 3365 3376 3373 3366 3361 3380 3395 3392 3376 3388 3380 3402 3385 3358 3370 3371 3373 3375 3366 3362 3380 3369 3393 3387 3373 3395 3390 3387 3412 3397 3373 3379 3365 3380 3379 3376 3364 3392 3412 3361 3374 3387 3372 3389 3409 3387 3392 3372 3374 3405 3401 3386

Tree=0
num_leaves=31
num_cat=2
split_feature=6 7 0 1 1 1 2 0 1 0 1 0 0 2 2 1 2 0 0 2 2 2 1 2 0 0 2 2 0 0
split_gain=361.371 134.881 24.9509 13.835 11.7551 8.17127 6.42183 11.0431 6.41492 6.11853 5.2612 5.15376 4.88231 4.62766 4.44582 4.42574 3.82318 3.55908 3.55679 3.47276 3.35683 2.77087 2.58136 2.80828 9.76656 8.86537 6.69678 6.56981 2.49933 8.62454
threshold=0 1 31.500000000000004 30.500000000000004 48.500000000000007 41.500000000000007 56318.030000000006 36.500000000000007 48.500000000000007 38.500000000000007 41.500000000000007 28.500000000000004 25.500000000000004 27097.545000000002 47640.350000000006 38.500000000000007 32239.695000000003 38.500000000000007 32.500000000000007 123098.33500000002 40403.080000000009 54296.495000000003 55.500000000000007 29386.665000000005 47.500000000000007 50.500000000000007 21538.500000000004 43617.120000000003 31.500000000000004 36.500000000000007
decision_type=1 9 2 2 2 2 2 2 2 2 2 2 2 2 2 2 2 2 2 2 2 2 2 2 2 2 2 2 2 2
left_child=1 5 10 -4 9 11 7 8 -5 -2 21 -1 -6 -7 16 -13 -11 -8 -15 -14 -20 -3 23 24 26 27 -9 -25 -17 -30
right_child=4 2 3 6 12 13 17 22 -10 14 -12 15 19 18 -16 28 -18 -19 20 -21 -22 -23 -24 25 -26 -27 -28 -29 29 -31
leaf_value=-1.2915606834429865 -1.3003464425259985 -1.2079023876322035 -1.0836734445414333 -1.1237179390175791 -1.3089237259697526 -1.200887016914318 -0.78108723315605744 -0.90483837261955569 -0.96405777785191205 -1.2493932944494113 -1.0221534752050967 -1.2584130568009781 -1.1729747972495401 -1.1826470530478161 -1.271441602419908 -1.1104889542352809 -1.1144576496699703 -0.90237443753815183 -1.0231776546721132 -1.2811428579269266 -1.1296923192418427 -1.0866767816271443 -0.98125194905436841 -0.77914903306004657 -0.84855505554577793 -0.96166287543442697 -1.0708019998883864 -0.93110392058731839 -1.2925820388857374 -1.1596533902172546
leaf_weight=5.75935935974121 104.92832833528519 3.9595595598220807 6.6592592597007743 4.859459459781645 4.3195195198059109 6.479279279708865 3.5995995998382551 3.9595595598220843 5.2194194197654724 5.0394394397735578 5.5793793797492981 7.9191191196441642 16.918118119239811 3.9595595598220816 45.354954957962036 5.0394394397735587 3.5995995998382568 7.3791791796684265 6.2992992997169477 3.5995995998382559 5.5793793797492981 3.5995995998382568 7.0192192196845999 7.739139139652254 6.2992992997169486 10.078878879547117 6.2992992997169495 4.499499499797821 6.1193193197250393 24.117317318916321
leaf_count=32 583 22 37 27 24 36 20 22 29 28 31 44 94 22 252 28 20 41 35 20 31 20 39 43 35 56 35 25 34 134
internal_value=-1.17814 -1.07081 -0.990497 -0.94621 -1.27121 -1.17963 -0.932538 -0.946254 -1.04104 -1.28627 -1.09581 -1.2027 -1.21229 -1.12969 -1.25892 -1.19086 -1.19317 -0.862608 -1.10057 -1.19195 -1.07321 -1.15018 -0.925439 -0.915361 -0.946565 -0.892211 -1.00675 -0.835015 -1.17569 -1.18656
internal_weight=341.782 158.022 86.7504 73.6118 183.76 71.2721 66.9526 55.9738 10.0789 158.922 13.1385 48.9546 24.8372 22.3175 53.994 43.1952 8.63904 10.9788 15.8382 20.5177 11.8787 7.55916 45.8949 38.8757 16.5582 22.3175 10.2589 12.2386 35.2761 30.2366
internal_count=1899 878 482 409 1021 396 372 311 56 883 73 272 138 124 300 240 48 61 88 114 66 42 255 216 92 124 57 68 196 168
cat_boundaries=0 1 2
cat_threshold=4 10793
is_linear=0
shrinkage=1


Tree=1
num_leaves=31
num_cat=3
split_feature=6 7 1 3 0 0 2 2 1 1 2 1 0 1 2 2 0 2 2 2 1 2 2 0 2 2 2 2 2 0
split_gain=290.162 93.0841 16.3681 12.6101 10.5405 10.2978 12.856 8.45623 6.84317 6.53366 5.87976 5.00948 4.55693 3.77447 3.53577 3.47565 2.612 2.53904 3.9018 4.46178 3.45624 2.53263 2.30022 2.22025 2.1297 3.16781 2.03779 2.2616 1.98101 3.32579
threshold=0 1 37.500000000000007 2 38.500000000000007 36.500000000000007 63392.280000000006 115648.01000000002 41.500000000000007 41.500000000000007 78297.630000000019 48.500000000000007 28.500000000000004 38.500000000000007 27097.545000000002 30167.705000000005 32.500000000000007 13304.090000000002 21538.500000000004 25410.690000000006 55.500000000000007 32623.385000000006 40403.080000000009 51.500000000000007 29386.665000000005 38195.715000000004 100787.93000000001 140012.44500000004 52477.80000000001 40.500000000000007
decision_type=1 9 2 9 2 2 2 2 2 2 2 2 2 2 2 2 2 2 2 2 2 2 2 2 2 2 2 2 2 2
left_child=1 9 7 4 11 6 8 -3 -4 12 -6 -2 -1 21 -11 -10 -16 -7 -19 -20 23 -14 -18 24 -21 -26 -12 -28 -15 -30
right_child=3 2 5 -5 10 17 -8 -9 15 14 26 -13 13 28 16 -17 22 18 19 20 -22 -23 -24 -25 25 -27 27 -29 29 -31
leaf_value=-0.10900507753156569 -0.093694519772038229 -0.0088641268638571177 0.010263917619816924 -0.10835807688508166 0.081099895258324561 0.13411256845779579 0.27837850697057315 0.15989028326739393 0.20992297918557715 -0.020737349596745433 -0.080972202990722164 0.021393755263242276 -0.012331735775403696 -0.0098929361626775361 -0.0040678579701855806 0.10199878719189058 0.12847347375443496 0.30251747050494171 0.10573891281094745 0.18386760221169951 0.15269395031591837 -0.12841044715708719 0.042455665527579844 0.19410130094502587 0.31941183592346661 0.23256953293651145 0.062381299015480098 -0.048094456452374278 -0.019439695582433428 0.11624954422424812
leaf_weight=5.4115281105041495 20.864863693714145 7.1841005235910398 6.3543055206537309 127.59403622150421 9.4929292351007479 4.3528692424297324 4.7920748740434638 5.0613955855369568 4.3252494335174552 6.4011486768722561 4.1710655838251096 4.6194162964820853 3.4459376335144034 28.092398926615715 3.9501090049743679 9.6227340102195722 6.8073888868093473 4.5135651826858512 4.1190434247255316 4.6811253726482418 7.5706682056188574 4.1351251602172852 5.7218409031629562 13.510552346706389 6.0210245847702053 13.89181913435459 3.65699802339077 3.7564597427845001 3.590933457016944 3.6347624659538269
leaf_count=32 124 38 35 750 54 21 24 26 22 36 24 26 20 156 22 49 35 22 21 24 38 24 31 67 28 67 21 22 20 20
internal_value=-0.000567262 0.0908185 0.152944 -0.0884356 -0.0243362 0.184664 0.131054 0.0608866 0.0962796 -0.00147643 0.0227541 -0.072833 -0.0225324 -0.0116243 0.0423366 0.135466 0.0668367 0.207599 0.213489 0.205419 0.214408 -0.0756474 0.0891909 0.226669 0.24456 0.258828 -0.0250573 0.00640233 0.00211836 0.0488165
internal_weight=341.347 167.192 96.0005 174.156 46.5617 83.755 25.0944 12.2455 20.3023 71.1912 21.0775 25.4843 48.3107 42.8992 22.8805 13.948 16.4793 58.6607 54.3078 49.7942 45.6752 7.58106 12.5292 38.1045 24.594 19.9128 11.5845 7.41346 35.3181 7.2257
internal_count=1899 878 482 1021 271 418 130 64 106 396 121 150 272 240 124 71 88 288 267 245 224 44 66 186 119 95 67 43 196 40
cat_boundaries=0 1 2 3
cat_threshold=4 10793 34987
is_linear=0
shrinkage=0.1


Tree=2
num_leaves=31
num_cat=4
split_feature=6 7 0 3 0 0 2 0 1 1 1 0 0 1 1 2 2 0 0 2 2 0 2 2 0 5 2 2 1 0
split_gain=238.065 67.8515 12.8105 12.0422 9.03091 5.83383 5.37684 6.08318 6.36148 5.25138 4.73996 5.4038 4.03663 3.22886 2.83614 2.73753 2.34339 2.07354 7.2461 4.2884 2.62762 2.06335 2.05284 2.04382 1.9616 1.87593 1.64899 1.55213 1.52481 1.61401
threshold=0 1 30.500000000000004 2 26.500000000000004 62.500000000000007 56318.030000000006 36.500000000000007 44.500000000000007 41.500000000000007 48.500000000000007 40.500000000000007 28.500000000000004 38.500000000000007 41.500000000000007 27097.545000000002 32623.385000000006 31.500000000000004 36.500000000000007 46703.295000000006 20946.475000000002 33.500000000000007 49195.090000000004 166828.36500000002 32.500000000000007 3 40403.080000000009 89918.320000000022 48.500000000000007 38.500000000000007
decision_type=1 9 2 9 2 2 2 2 2 2 2 2 2 2 2 2 2 2 2 2 2 2 2 2 2 1 2 2 2 2
left_child=1 9 14 4 -2 6 7 8 -4 12 11 25 -1 16 -3 -11 -14 -15 -19 20 -20 -10 -13 -8 -17 -6 -26 -12 -5 -30
right_child=3 2 5 28 10 -7 23 -9 21 15 27 22 13 17 -16 24 -18 18 19 -21 -22 -23 -24 -25 26 -27 -28 -29 29 -31
leaf_value=-0.10494590149031678 -0.10673533814391284 0.00032841787209528445 0.0025413080830926325 -0.11725707358350837 -0.029676425852068391 0.062167894897363775 0.24180883484053528 0.16443224589191252 0.19324186115327721 -0.018885884470594 0.097881224251180704 0.08116768429023434 -0.011179693475479285 0.060273604221305371 0.098098080398541967 -0.0036694371815219912 -0.12498677800624164 -0.10962280865325864 0.05331718911871576 0.086005821027799953 -0.032552822751612032 0.096130815687194615 -0.005983950838827432 0.16797057918321978 0.10883036501094248 -0.11002796356303211 0.037356709988610896 0.017215709722748423 -0.10445437928240149 -0.028690199413349465
leaf_weight=5.0761804580688468 10.893656611442564 6.5691352188587171 5.1809342652559272 106.54266932606697 5.2005311548709869 6.3587294220924369 9.8899181187152845 54.273895293474197 4.1700807958841306 6.3297311067581203 4.7818210422992689 3.7321472913026801 3.4222385287284842 5.1864009350538245 5.410879522562027 3.9415766894817379 3.8387807607650757 5.7085366845130947 4.8815422207117143 6.3775436580181113 13.198243781924246 4.603033646941185 9.7987989783287031 6.0369522571563712 7.2085574269294721 6.5841098725795764 5.845512717962265 4.7596085965633392 9.1911441385745984 4.0510496199131003
leaf_count=32 68 34 28 670 32 31 44 249 20 36 26 20 20 28 26 22 24 34 27 34 73 22 57 28 35 41 31 27 56 24
internal_value=-0.00121726 0.0784906 0.129071 -0.0844068 -0.0223714 0.154526 0.161504 0.149292 0.0904034 -0.00143127 -0.00242375 -0.0250626 -0.0206508 -0.0106094 0.0444869 0.0372501 -0.0713476 0.0018656 -0.00817646 0.0155019 -0.00936792 0.14229 0.0180545 0.213821 0.058157 -0.074569 0.076825 0.0576424 -0.104551 -0.0812766
internal_weight=339.044 173.508 102.494 165.536 45.7507 90.5135 84.1548 68.2279 13.954 71.0148 34.857 25.3156 47.6895 42.6133 11.98 23.3254 7.26102 35.3523 30.1659 24.4573 18.0798 8.77311 13.5309 15.9269 16.9956 11.7846 13.0541 9.54143 119.785 13.2422
internal_count=1899 878 482 1021 271 422 391 319 70 396 203 150 272 240 60 124 44 196 168 134 100 42 77 72 88 73 66 53 750 80
cat_boundaries=0 1 2 3 4
cat_threshold=4 10793 34987 2
is_linear=0
shrinkage=0.1


Tree=3
num_leaves=31
num_cat=5
split_feature=6 3 3 7 2 1 0 0 2 2 2 1 0 1 0 0 0 1 0 2 2 2 0 2 2 2 2 0 2 5
split_gain=196.284 53.5261 11.365 9.90729 10.1011 9.88478 7.98567 5.51862 4.97056 6.81045 4.52853 3.78684 4.68745 3.7475 3.63602 3.44922 4.12303 2.96069 5.57903 4.5532 3.15428 3.13126 2.44625 2.41342 2.42961 2.26652 1.99272 1.91992 1.70249 2.03933
threshold=0 1 2 3 29134.335000000003 37.500000000000007 26.500000000000004 28.500000000000004 115648.01000000002 29134.335000000003 59732.775000000009 48.500000000000007 39.500000000000007 53.500000000000007 39.500000000000007 54.500000000000007 37.500000000000007 41.500000000000007 41.500000000000007 21974.115000000005 40403.080000000009 39451.380000000012 28.500000000000004 33632.600000000006 26510.045000000002 40617.340000000004 25204.395000000004 46.500000000000007 49195.090000000004 4
decision_type=1 9 9 9 2 2 2 2 2 2 2 2 2 2 2 2 2 2 2 2 2 2 2 2 2 2 2 2 2 1
left_child=1 3 6 4 -1 8 -2 -7 9 -3 15 12 -8 14 22 16 -6 18 21 -19 -21 -9 -5 24 -20 26 -16 -25 -14 -30
right_child=2 5 -4 13 10 7 11 17 -10 -11 -12 -13 28 -15 25 -17 -18 19 23 20 -22 -23 -24 27 -26 -27 -28 -29 29 -31
leaf_value=-0.04050029304566595 -0.10294927358386413 0.080747459319485071 -0.10075554103651992 -0.026348895960642566 0.010940373575198503 0.050373960716667145 -0.074809406640939116 0.02917949670704921 0.12005390243324582 -0.10327226990577379 0.17215619215720412 0.050267358238423147 0.070063274225625222 0.030117796427070666 -0.051208672208446576 -0.013293025913876362 0.13647643442426069 0.23416991418910765 0.14925027377902964 0.1204838388981435 0.17902448230481036 0.118420131708266 -0.11056399413977647 0.22996409241317145 0.056469017780790644 -0.065651890253800846 0.040474945549958362 0.1521151143619667 -0.040217773862823963 0.050240796776036614
leaf_weight=9.2220508903265017 10.200839832425116 4.1665507555007917 111.6733483672142 4.841196462512019 4.1630585342645663 7.3871580064296714 10.277472406625749 7.7881066799163801 4.8510738164186469 3.8877442926168442 4.6631421297788611 9.8231937587261182 3.8825471252202979 6.3990613520145407 3.6492533981800097 4.5645549744367591 7.0413724780082703 6.7369722276926032 7.9910331815481204 22.031187862157822 15.80878362059593 7.940666452050209 11.996218070387838 4.6024235785007468 4.3635766506195068 6.867793232202529 6.7658814340829849 10.164026349782942 6.8263898193836221 3.9253173023462269
leaf_count=48 68 22 750 29 23 38 67 41 23 23 22 53 20 32 20 22 34 31 37 100 70 40 65 20 21 35 36 46 40 23
internal_value=-0.00142598 0.0687243 -0.0803666 -0.00311761 0.0346784 0.111815 -0.0205793 0.133371 0.0400866 -0.0080774 0.0855828 -0.00231389 -0.0230477 -0.0321677 -0.0532767 0.0599817 0.0898329 0.140384 0.121614 0.158426 0.144941 0.0742326 -0.08635 0.149093 0.11648 -0.0210559 0.00835085 0.176379 0.0133039 -0.00719245
internal_weight=334.502 177.893 156.609 70.1736 29.6542 107.719 44.9358 94.8139 12.9054 8.0543 20.4321 34.7349 24.9117 40.5194 34.1203 15.769 11.2044 87.4268 42.8498 44.5769 37.84 15.7288 16.8374 27.1211 12.3546 17.2829 10.4151 14.7664 14.6343 10.7517
internal_count=1899 878 1021 366 149 512 271 444 68 45 101 203 150 217 185 79 57 406 205 201 170 81 94 124 58 91 56 66 83 63
cat_boundaries=0 1 2 3 4 5
cat_threshold=4 58896 34987 518 1
is_linear=0
shrinkage=0.1


Tree=4
num_leaves=31
num_cat=4
split_feature=6 7 3 1 0 1 0 1 1 0 2 2 0 0 2 0 2 1 0 2 2 1 0 2 1 2 2 2 5 0
split_gain=163.642 45.3943 10.8351 8.3428 7.06718 6.32431 5.29679 3.40277 3.03983 4.01474 3.01046 2.80508 2.58932 6.64673 2.51179 2.51129 2.08791 2.77009 4.65711 2.94261 1.78489 1.65572 1.60633 1.57674 1.61428 1.7637 1.84518 1.32948 1.64945 2.31648
threshold=0 1 2 41.500000000000007 26.500000000000004 26.500000000000004 28.500000000000004 37.500000000000007 48.500000000000007 39.500000000000007 34166.205000000009 47117.580000000009 31.500000000000004 36.500000000000007 40403.080000000009 31.500000000000004 39451.380000000012 48.500000000000007 39.500000000000007 32239.695000000003 33897.615000000005 48.500000000000007 38.500000000000007 44056.680000000008 47.500000000000007 49530.245000000003 91074.435000000012 49195.090000000004 3 47.500000000000007
decision_type=1 9 9 2 2 2 2 2 2 2 2 2 2 2 2 2 2 2 2 2 2 2 2 2 2 2 2 2 1 2
left_child=1 5 4 6 -2 -1 -3 10 9 -6 -8 14 -9 -14 20 -7 17 18 -17 -19 -5 -4 -23 -18 25 -25 -27 -11 29 -29
right_child=2 3 21 11 8 15 7 12 -10 27 -12 -13 13 -15 -16 16 23 19 -20 -21 -22 22 -24 24 -26 26 -28 28 -30 -31
leaf_value=0.032563823710103759 -0.099393156653640735 -0.10724331879374678 -0.11128975719859646 0.028311237491650817 -0.070767386775653779 0.082272863694739948 -0.0047856403425222361 0.06579392636954412 0.044065445248119603 0.060956929406617649 -0.12651858766870663 0.099928483598467663 -0.10627915214109321 0.01372853330261874 -0.031615534144090157 0.018616868509134851 0.20104274109447851 0.18738082292147223 0.12265288958841691 0.09097644698382179 0.090680631152434105 -0.09665823816081634 -0.017512146909117086 0.2122669299346113 0.10645678963547969 0.10435321437998568 0.17925488766524189 -0.096456845585499246 0.043908532773609545 0.021392033928847348
leaf_weight=7.4045109599828711 9.5433916896581632 5.8630015999078742 92.743956670165062 17.997882634401329 9.8031607419252413 10.084365129470823 4.0601162016391736 6.0080721378326407 10.071001946926115 4.009002372622489 4.0658937394618988 7.2498046904802314 5.4868218004703513 29.052286460995674 5.332863360643386 5.41884317994118 5.9652712196111706 9.66886258125305 20.891312941908836 4.7078716456890097 6.1585823744535437 8.0976856946945173 3.752748191356658 4.8317714482545915 7.9372539818286887 6.6101219058036786 6.5459243506193161 3.3104113340377816 4.0359335243701908 3.3617037385702133
leaf_count=36 68 38 670 89 67 48 24 32 53 20 26 35 35 151 26 26 25 41 89 20 28 56 24 21 33 28 27 20 23 20
internal_value=-0.00186254 0.0605171 -0.076824 0.00663798 -0.0189217 0.109 -0.017449 -0.00663273 -0.00219046 -0.0211888 -0.0656954 0.0441999 0.00520394 -0.00533568 0.0304993 0.129033 0.13553 0.120514 0.101226 0.155812 0.044212 -0.0974732 -0.0715946 0.154688 0.144022 0.160598 0.141621 0.0118359 -0.00655453 -0.0370794
internal_weight=330.07 181.341 148.729 91.2753 44.1346 90.0661 54.5362 48.6732 34.5912 24.5202 8.12601 36.7391 40.5472 34.5391 29.4893 82.6616 72.5772 40.6869 26.3102 14.3767 24.1565 104.594 11.8504 31.8903 25.9251 17.9878 13.156 14.7171 10.708 6.67212
internal_count=1899 878 1021 484 271 394 306 268 203 150 50 178 218 186 143 358 310 176 115 61 117 750 80 134 109 76 55 83 63 40
cat_boundaries=0 1 2 3 4
cat_threshold=4 4486 34987 1
is_linear=0
shrinkage=0.1


Tree=5
num_leaves=31
num_cat=4
split_feature=6 3 3 7 2 0 0 1 1 2 1 0 1 0 0 2 1 0 0 2 2 0 2 2 2 2 0 1 0 0
split_gain=136.432 37.1762 10.1965 6.95711 7.47778 6.65472 6.25232 3.77971 3.49955 3.12065 3.01251 2.80296 2.79993 3.03332 2.78639 2.58042 4.51855 2.61377 2.35842 2.27694 4.61615 1.89328 5.20679 3.41421 1.88618 1.80188 1.74509 1.66109 1.48314 1.22933
threshold=0 1 2 3 29134.335000000003 28.500000000000004 26.500000000000004 41.500000000000007 30.500000000000004 59732.775000000009 17.500000000000004 54.500000000000007 53.500000000000007 39.500000000000007 37.500000000000007 140012.44500000004 48.500000000000007 39.500000000000007 28.500000000000004 20946.475000000002 33632.600000000006 44.500000000000007 27469.245000000006 27647.070000000003 30654.320000000003 10705.280000000001 33.500000000000007 48.500000000000007 38.500000000000007 57.500000000000007
decision_type=1 9 9 9 2 2 2 2 2 2 2 2 2 2 2 2 2 2 2 2 2 2 2 2 2 2 2 2 2 2
left_child=1 3 6 4 -1 7 -2 -3 10 11 -7 14 13 18 -6 16 17 26 -5 25 21 23 -23 -21 -15 -10 -8 29 -29 -4
right_child=2 5 27 12 9 8 15 -9 19 -11 -12 -13 -14 24 -16 -17 -18 -19 -20 20 -22 22 -24 -25 -26 -27 -28 28 -30 -31
leaf_value=-0.041226218792895342 -0.096013209726293347 -0.04978992262313503 -0.11158994091492989 -0.021262425639010055 0.0067567703082588434 0.1060429755995463 -0.025134874814930448 0.08014446835823516 0.090786573038733998 0.1359714554300383 -0.017846359101665508 -0.020077295040279209 0.021474847090444057 0.027269647859560722 0.10842988724981757 -0.067458519224637831 0.069873584425469523 0.012988813411365858 -0.10598099202504403 -0.006758071354494884 0.11895636273427201 0.1602524708614402 0.037689586942222568 0.09253007269864387 -0.043582215583223255 0.16472274980337043 -0.1208952861701152 -0.093060833664432949 -0.01594090387942931 -0.062053058080141249
leaf_weight=9.1916410177946108 8.9236364215612394 4.6086856722831708 80.614939227700233 4.6354573816061011 4.2200665175914818 3.6350670158863059 5.2709360122680717 4.3536701798439026 4.6691293567419043 4.9807264357805243 4.2662667334079742 4.6537558138370505 6.5974617451429358 5.5435580760240581 7.4608255475759506 5.1366320550441733 8.6861958801746351 12.350118815898893 11.287343442440031 6.9955331385135668 52.62083438038826 6.4708332866430265 7.4648307263851166 6.8591713905334473 11.660989031195639 11.20982603728771 2.9783299267292023 7.5958060622215253 3.7125873863697052 5.3416215032339087
leaf_count=48 68 25 629 29 23 19 38 20 20 22 24 22 32 30 34 32 44 68 65 33 228 28 33 32 61 50 21 56 24 41
internal_value=-0.00192947 0.0537614 -0.0731809 -0.00583074 0.0257327 0.0882189 -0.0174053 0.0133287 0.103128 0.0666792 0.0391498 0.0455508 -0.0303705 -0.0498635 0.0716975 -0.00208327 0.00938341 -0.0161236 -0.0813177 0.108378 0.101544 0.0685747 0.0946 0.0423974 -0.0207527 0.142982 -0.0597084 -0.0940972 -0.0677421 -0.108512
internal_weight=323.996 183.386 140.611 70.2318 30.507 113.154 43.3458 8.96236 104.191 21.3154 7.90133 16.3346 39.7248 33.1273 11.6809 34.4222 29.2856 20.5994 15.9228 96.2902 80.4112 27.7904 13.9357 13.8547 17.2045 15.879 8.24927 97.265 11.3084 85.9566
internal_count=1899 878 1021 366 149 512 271 45 467 101 43 79 217 185 57 203 171 127 94 424 354 126 61 65 91 70 59 750 80 670
cat_boundaries=0 1 2 3 4
cat_threshold=4 58896 34987 518
is_linear=0
shrinkage=0.1


Tree=6
num_leaves=31
num_cat=2
split_feature=6 7 0 1 1 2 2 1 2 0 0 2 1 0 0 2 2 0 0 2 2 2 2 1 2 0 1 2 2 2
split_gain=114.033 32.3804 9.00068 6.10244 4.54604 4.03687 3.8941 3.03357 2.89 2.88431 3.13826 3.7182 2.84785 2.7843 2.71038 7.47731 2.61626 2.44991 3.42896 2.33683 2.0758 1.51012 2.0725 2.62055 1.72001 1.5525 1.49211 2.27534 2.20537 1.30797
threshold=0 1 38.500000000000007 37.500000000000007 48.500000000000007 115648.01000000002 80018.655000000013 38.500000000000007 47640.350000000006 35.500000000000007 54.500000000000007 46703.295000000006 48.500000000000007 57.500000000000007 36.500000000000007 61032.000000000007 31447.195000000003 31.500000000000004 29.500000000000004 31960.595000000005 30167.705000000005 13304.090000000002 21538.500000000004 55.500000000000007 25410.690000000006 51.500000000000007 41.500000000000007 20946.475000000002 27097.545000000002 43617.120000000003
decision_type=1 9 2 2 2 2 2 2 2 2 2 2 2 2 2 2 2 2 2 2 2 2 2 2 2 2 2 2 2 2
left_child=1 7 12 5 8 -3 -6 19 16 17 11 26 -2 -12 15 20 -4 18 -9 -1 -5 -16 -23 24 -24 29 27 -11 -28 -26
right_child=2 3 4 14 6 -7 -8 9 -10 10 13 -13 -14 -15 21 -17 -18 -19 -20 -21 -22 22 23 -25 25 -27 28 -29 -30 -31
leaf_value=-0.0070010572705096544 -0.10327841417403441 -0.023756311284889576 -0.055710550372861802 0.084513301687027406 0.087231731516283495 0.086046540206741615 -0.038488142429550697 -0.043857456889934268 -0.069399047322027549 0.050677887894270413 -0.094712256879744133 0.08932150681084304 -0.050597837153807924 0.012650271332301892 0.054404600400105363 0.16601426615794573 0.060765771643901491 -0.082384605972612046 0.05729379292096224 -0.12091262922710658 0.021000992803476993 0.16973534717510483 0.056156242357369934 0.057169117750493353 0.15284797488944563 0.095657457499575951 -0.026075150624815358 -0.036198472745527621 0.067584244750328135 0.11025115065597696
leaf_weight=3.3262946605682364 69.71223908662796 7.6133238822221738 4.1554340273141852 7.9256466478109422 4.5171951800584775 5.9767619669437408 5.4198616296052933 9.5381198823452014 33.533422850072384 4.2632754892110851 4.3985607922077161 7.7733367383480063 12.032850258052347 5.3578344732522964 5.1413345336914054 6.360433727502822 3.5983507633209229 6.4133329838514319 5.1667693704366675 3.9271126538515091 14.672864481806753 5.4490670412778845 4.6023064106702796 9.50714562833309 16.379811331629757 16.389077588915825 3.7084151059389097 10.293716400861738 7.8061674237251282 12.874182209372519
leaf_count=20 583 38 27 37 25 26 31 59 252 22 22 38 82 28 21 27 21 40 27 28 66 22 20 39 67 67 20 56 36 52
internal_value=-0.00197437 0.0479084 -0.0696876 0.0802708 -0.0420619 0.0245337 0.0186617 -0.00645285 -0.0566769 -0.000476421 0.0142156 0.0286199 -0.0955239 -0.0357529 0.0959822 0.0702336 -0.0016566 -0.0308101 -0.00831654 -0.0686746 0.0432757 0.106583 0.110697 0.105313 0.114422 0.120298 0.0105216 -0.0107552 0.0374201 0.134102
internal_weight=317.834 184.865 132.969 112.892 51.2243 13.5901 9.93706 71.9729 41.2872 64.7195 43.6013 33.8449 81.7451 9.7564 99.3019 28.9589 7.75378 21.1182 14.7049 7.25341 22.5985 70.3429 65.2016 59.7525 50.2454 45.6431 26.0716 14.557 11.5146 29.254
internal_count=1899 878 1021 482 356 64 56 396 300 348 222 172 665 50 418 130 48 126 86 48 103 288 267 245 206 186 134 78 56 119
cat_boundaries=0 1 2
cat_threshold=4 10793
is_linear=0
shrinkage=0.1


Tree=7
num_leaves=31
num_cat=5
split_feature=6 3 3 0 7 2 0 1 1 0 2 2 1 0 0 2 2 1 2 0 0 0 2 0 0 0 2 5 2 0
split_gain=95.5087 27.1118 10.7506 5.38307 5.13155 5.90552 5.12649 3.08825 2.88785 3.72546 3.46251 2.9252 2.29069 2.65205 2.42017 2.39852 2.13995 3.05565 2.13265 2.07281 2.05832 2.01657 1.82514 1.81911 1.78027 1.62902 2.06217 2.41396 1.62821 1.39799
threshold=0 1 2 26.500000000000004 3 29134.335000000003 28.500000000000004 41.500000000000007 41.500000000000007 42.500000000000007 52477.80000000001 19430.205000000005 53.500000000000007 38.500000000000007 28.500000000000004 40617.340000000004 140012.44500000004 48.500000000000007 59732.775000000009 62.500000000000007 54.500000000000007 39.500000000000007 55976.840000000004 37.500000000000007 33.500000000000007 34.500000000000007 99434.165000000023 4 49195.090000000004 51.500000000000007
decision_type=1 9 9 2 9 2 2 2 2 2 2 2 2 2 2 2 2 2 2 2 2 2 2 2 2 2 2 1 2 2
left_child=1 4 3 -2 5 -1 7 -3 9 10 -8 -10 13 14 -6 29 17 21 20 22 23 24 -11 -7 -5 -4 27 -27 -13 -15
right_child=2 6 25 16 12 18 8 -9 11 19 -12 28 -14 15 -16 -17 -18 -19 -20 -21 -22 -23 -24 -25 -26 26 -28 -29 -30 -31
leaf_value=-0.041478734205899627 -0.089419726193515861 -0.051648739004132208 -0.11043431508537567 -0.014015723307771075 -0.019933192214518398 0.0060733029208321397 0.0096402399080778491 0.064845565250717482 0.17260533174652595 0.088400217028495404 0.090453682312454597 0.083759694074481264 0.01697340266460037 -0.029478077305988028 -0.1086018118415729 -0.067199695244421431 -0.059237384720206149 0.061949993659505091 0.11070317047852243 0.029248993902982807 -0.019832950980804512 0.016415174795384981 0.15377162781832207 0.087782375725481476 -0.11697415775852432 -0.025427067583725094 -0.109084421035746 -0.095993069354912183 0.13193421603454242 0.041822751336645952
leaf_weight=9.1224312186241168 7.7636661678552619 4.5999113619327527 49.856569729745388 4.827635318040854 4.5444382801651946 4.2159909456968361 15.044315733015539 4.5036566555500031 5.2617970556020728 24.747400492429737 8.1870072782039625 34.266589343547821 6.6645738929510108 5.3558894246816653 9.5411003530025464 7.1685228273272505 4.724329635500907 8.9143821299076063 5.1383880525827399 4.8568935617804518 4.6060138791799536 12.11290258169174 5.1617251932620993 7.7028594315052032 2.5753445699810982 9.7609320804476738 15.867718443274496 9.6309130564332008 8.8220166712999326 5.6515889167785645
leaf_count=48 68 25 453 38 29 23 75 20 22 110 37 143 32 28 59 38 32 44 22 23 22 68 21 34 21 79 138 80 36 31
internal_value=-0.00196534 0.0429886 -0.06617 -0.0116248 -0.00772791 0.0196363 0.0717872 0.00598255 0.0841704 0.0691245 0.0381199 0.102218 -0.0289597 -0.047425 -0.0799945 -0.0221852 0.00308593 0.0134424 0.0544362 0.0898424 0.0369401 -0.00871476 0.099682 0.0588799 -0.0498328 -0.0884129 -0.0823497 -0.0604735 0.093623 0.00713003
internal_weight=311.198 185.163 126.034 40.9183 69.7118 30.7857 115.451 9.10357 106.348 57.9973 23.2313 48.3504 38.9261 32.2615 14.0855 18.176 33.1546 28.4303 21.6633 34.766 16.5249 19.5159 29.9091 11.9189 7.40298 85.1161 35.2596 19.3918 43.0886 11.0075
internal_count=1899 878 1021 271 366 149 512 45 467 266 112 201 217 185 88 97 203 171 101 154 79 127 131 57 59 750 297 159 179 59
cat_boundaries=0 1 2 3 4 5
cat_threshold=4 58896 34987 518 2
is_linear=0
shrinkage=0.1


Tree=8
num_leaves=31
num_cat=5
split_feature=6 7 3 0 1 0 1 0 0 0 0 2 2 2 1 0 0 1 1 0 5 0 2 5 2 0 1 0 0 0
split_gain=80.2089 24.5086 9.96788 4.72177 4.64023 3.85639 3.24013 2.60585 2.66444 2.40832 1.95707 1.79413 1.80191 1.7862 2.40562 1.76686 2.10622 2.03327 1.70637 1.69309 1.70089 1.68152 2.04147 2.24993 1.62237 1.53215 1.40622 2.06913 1.3365 1.30605
threshold=0 1 2 26.500000000000004 41.500000000000007 28.500000000000004 26.500000000000004 31.500000000000004 43.500000000000007 53.500000000000007 35.500000000000007 26510.045000000002 39113.875000000007 140012.44500000004 48.500000000000007 49.500000000000007 43.500000000000007 53.500000000000007 48.500000000000007 39.500000000000007 3 34.500000000000007 99434.165000000023 4 59330.335000000006 28.500000000000004 41.500000000000007 41.500000000000007 36.500000000000007 31.500000000000004
decision_type=1 9 9 2 2 2 2 2 2 2 2 2 2 2 2 2 2 2 2 2 1 2 2 1 2 2 2 2 2 2
left_child=1 6 3 -2 5 -3 -1 -7 24 11 25 -10 -13 14 19 16 17 -12 -17 20 -5 -4 23 26 28 -6 27 -23 -9 -8
right_child=2 4 21 13 10 7 29 8 9 -11 15 12 -14 -15 -16 18 -18 -19 -20 -21 -22 22 -24 -25 -26 -27 -28 -29 -30 -31
leaf_value=0.018398734160185819 -0.086343866534619743 -0.10107239997687448 -0.10857394710377506 0.0077208171067559804 0.041975185174879061 0.048924721119473935 0.053781057768453357 -0.078184500693161518 0.084196366721152063 -0.029430189516427549 -0.0041346917208359485 -0.042231605018715652 0.052124749793335638 -0.055487874936118356 0.054250534098604787 0.055072516958389821 0.11164700508575678 0.08629990420347905 -0.029349665265714361 0.014642227397972302 -0.090421979098769034 0.010458709963393978 -0.106962972085349 -0.092973449752599066 -0.11247542509838947 -0.031412520972538917 0.019026265834811824 -0.11530165532232273 -0.012060485801150695 0.091032383181088916
leaf_weight=7.6371028572320929 7.2623438313603392 5.1900582984089842 45.845549561083317 3.1882859766483307 4.3670167773962012 6.4276845455169669 10.759230285882948 4.6529906839132336 4.3560834974050548 12.709457017481325 5.6569090187549609 4.0773039013147336 4.0187620371580124 4.5486092567443839 9.1481678783893567 4.3658462911844236 5.7007402628660193 4.4354963749647141 5.301530048251152 12.21585702896118 3.9581420198082986 2.404853381216526 14.627922311425207 8.9830010607838631 3.3480413183569899 8.1613947153091413 4.3134722039103508 2.8691221475601196 8.9097938910126668 75.156801521778107
leaf_count=36 68 38 453 25 22 34 48 34 22 69 26 21 20 32 44 21 25 20 24 68 34 22 138 80 19 40 32 25 49 310
internal_value=-0.00196338 0.0386237 -0.062912 -0.0106829 -0.00019934 -0.0191452 0.0730143 -0.0103781 -0.0194381 0.00119271 0.0265246 0.0324484 0.00460543 0.0027067 0.0119912 0.0424463 0.0630567 0.0356103 0.00877591 -0.00797527 -0.0466368 -0.085363 -0.0790226 -0.0570139 -0.0501348 -0.00583184 -0.0233215 -0.0579568 -0.0347457 0.0863674
internal_weight=304.598 185.232 119.365 40.3214 91.6791 53.6902 93.5531 48.5001 42.0724 25.1616 37.9889 12.4521 8.09607 33.0591 28.5105 25.4605 15.7931 10.0924 9.66738 19.3623 7.14643 79.0439 33.1984 18.5704 16.9108 12.5284 9.58745 5.27398 13.5628 85.916
internal_count=1899 878 1021 271 484 306 394 268 234 132 178 63 41 203 171 116 71 46 45 127 59 750 297 159 102 62 79 47 83 358
cat_boundaries=0 1 2 3 4 5
cat_threshold=4 4486 34987 2 2
is_linear=0
shrinkage=0.1


Tree=9
num_leaves=31
num_cat=5
split_feature=6 3 3 7 2 0 2 0 0 3 2 2 0 0 1 2 0 1 2 0 2 0 2 2 0 2 1 0 0 1
split_gain=67.4378 23.8814 9.22692 5.12235 4.57261 4.13798 3.06533 3.29628 3.60115 3.06042 2.75149 6.00444 3.82748 4.96278 2.61079 3.03603 2.76401 2.14983 2.07234 2.03173 1.87697 1.7287 2.01216 2.18264 1.66883 1.49018 1.90427 1.4208 1.69776 1.21855
threshold=0 1 2 3 61032.000000000007 26.500000000000004 15736.805000000002 37.500000000000007 54.500000000000007 4 19430.205000000005 28251.555000000004 53.500000000000007 41.500000000000007 41.500000000000007 29386.665000000005 42.500000000000007 42.500000000000007 49195.090000000004 36.500000000000007 45388.020000000004 34.500000000000007 99434.165000000023 85814.590000000011 32.500000000000007 140012.44500000004 48.500000000000007 39.500000000000007 33.500000000000007 45.500000000000007
decision_type=1 9 9 9 2 2 2 2 2 9 2 2 2 2 2 2 2 2 2 2 2 2 2 2 2 2 2 2 2 2
left_child=1 9 5 17 6 -2 -5 24 -9 10 -1 -12 13 -13 16 -16 20 19 -17 -3 -11 -4 23 -23 -8 26 27 28 -7 -19
right_child=2 3 21 4 -6 25 7 8 -10 14 11 12 -14 -15 15 18 -18 29 -20 -21 -22 22 -24 -25 -26 -27 -28 -29 -30 -31
leaf_value=0.091211685423468747 -0.083314976612980637 -0.096042577832529313 -0.10685733936544364 -0.0792927343027508 0.092357012435381206 -0.0089063450635804113 0.0022242732689501249 0.06044887226839351 -0.024819404403315409 0.0039260572972732001 -0.075609435833669233 0.013152346103344037 -0.038961741293368657 0.11131184497256007 0.16400247255863787 0.078356417059680716 0.10446096786800418 0.037326610496204504 0.14452856844891779 -0.033644361837427902 0.081831681697344588 -0.068961191502508068 -0.10497958664014395 0.026877914800914712 -0.08112386689461204 -0.051894269971691526 0.047735667136628128 0.013074499228155616 -0.11444941866577946 -0.0241409134452957
leaf_weight=5.8059094101190558 6.7979618310928336 8.0078395083546656 42.115174919366837 3.8092312365770331 7.2765777558088294 4.6374316215515199 5.6136034578084928 16.862184584140781 7.0128917694091788 6.2303866893053073 5.8083665668964377 11.801170274615293 5.3241746202111235 9.1396410316228849 10.488312497735022 15.376828491687776 17.350887089967728 4.3303739279508617 6.8370416760444632 14.979201272130011 6.1405224576592445 14.98043510317803 13.473213881254194 2.8242792338132849 4.1992642879486084 4.3859487995505324 9.345728471875189 12.307433173060415 2.270235650241375 12.636521220207213
leaf_count=26 68 60 453 19 31 38 30 75 35 31 28 55 24 40 43 63 74 22 28 85 27 133 138 26 21 32 44 68 21 61
internal_value=-0.00194947 0.034757 -0.0597701 -0.00558875 0.0161951 -0.00981147 0.00573445 0.0153488 0.0354028 0.0662546 0.0220455 0.0163986 0.0367457 0.0559942 0.0863329 0.11966 0.0787113 -0.0283557 0.0987231 -0.0553816 0.0425959 -0.0824035 -0.0758225 -0.0537587 -0.0334433 0.00237664 0.0107108 -0.00729719 -0.0435935 -0.00845287
internal_weight=298.169 185.031 113.138 84.7277 44.7738 39.7447 37.4972 33.6879 23.8751 100.303 37.8793 32.0734 26.265 20.9408 62.424 32.7022 29.7218 39.9539 22.2139 22.987 12.3709 73.3931 31.2779 17.8047 9.81287 32.9468 28.5608 19.2151 6.90767 16.9669
internal_count=1899 878 1021 439 211 271 180 161 110 439 173 147 119 95 266 134 132 228 91 145 58 750 297 159 51 203 171 127 59 83
cat_boundaries=0 1 2 3 4 5
cat_threshold=4 174 34987 11305 4
is_linear=0
shrinkage=0.1


Tree=10
num_leaves=31
num_cat=5
split_feature=6 3 3 0 2 0 1 0 1 1 0 2 3 2 2 0 1 2 2 1 0 0 0 0 0 2 5 1 0 0
split_gain=56.7631 19.2943 8.51104 4.11937 4.69758 3.62204 3.26786 3.69798 4.15564 2.68574 2.86452 2.31042 3.12222 2.87934 3.38409 2.29478 1.8408 1.73309 2.50203 1.70199 2.16236 1.63336 1.5973 2.98327 1.57162 2.13167 1.30988 2.75006 3.37722 2.72144
threshold=0 1 2 37.500000000000007 13304.090000000002 26.500000000000004 37.500000000000007 40.500000000000007 57.000000000000007 37.500000000000007 42.500000000000007 70200.60000000002 3 19430.205000000005 33632.600000000006 43.500000000000007 48.500000000000007 47117.580000000009 22758.170000000002 43.500000000000007 52.500000000000007 25.500000000000004 35.500000000000007 48.500000000000007 57.500000000000007 100787.93000000001 4 38.500000000000007 41.500000000000007 33.500000000000007
decision_type=1 9 9 2 2 2 2 2 2 2 2 2 9 2 2 2 2 2 2 2 2 2 2 2 2 2 1 2 2 2
left_child=1 9 5 21 -5 -2 -6 -8 15 10 -1 12 13 -11 -15 -9 24 18 -17 20 -20 -3 -16 -24 -4 -26 -7 -28 29 -29
right_child=2 3 16 4 6 26 7 8 -10 11 -12 -13 -14 14 22 17 -18 -19 19 -21 -22 -23 23 -25 25 -27 27 28 -30 -31
leaf_value=-0.037319759798388273 -0.080316153761503251 -0.10356059462327774 -0.10186073845359611 -0.099836871238508262 -0.047616343471059468 0.02188514628304657 0.10460324807139243 -0.027482622604902009 -0.074140489776244933 0.090461927926238542 0.063415749133313104 0.12904055360798777 0.079751423309032551 -0.037916618247247257 -0.011170082392295966 0.093477763966490893 -0.048811948952356722 0.07971050780577911 -0.066295558544490207 0.047100471761833795 0.027106925511397692 -0.027883260375782523 0.11029501392856632 0.0043570732842027051 0.035065514984768238 -0.11151429906019397 -0.096690030969770677 0.006345592799025461 0.054643984031064276 -0.12664349387919213
leaf_weight=4.9456175491213781 6.3690175190567961 3.2075360789895084 55.267305545508862 3.6143788546323767 6.5915477797389022 16.560249760746956 5.4989287853240958 6.0199596881866446 4.4336287081241599 4.8355538398027447 6.576601579785347 6.4686428606510153 51.514001578092575 10.347960345447065 4.9314379543066016 4.2489827126264634 8.9389814808964712 8.0725488215684873 4.8633431941270846 6.5143115520477286 5.0548461824655533 25.730464175343513 5.3528116196393949 5.280526340007782 2.0257668793201442 1.9444440677762029 3.4934363812208202 3.7519787326455099 6.4128906279802322 2.6085598692297935
leaf_count=26 68 20 629 18 39 95 26 29 20 21 31 27 217 48 24 20 80 37 24 29 26 151 23 22 20 21 24 27 37 20
internal_value=-0.00191951 0.0314019 -0.0566973 -0.00512735 0.0103514 -0.00900507 0.018115 0.0278065 0.0170356 0.0596484 0.0201776 0.0714963 0.0669713 0.0148076 0.00640426 0.0286605 -0.0794573 0.0404146 0.0250763 0.00738965 -0.0186926 -0.0362715 0.0358702 0.0576861 -0.0974951 -0.0367232 0.00208731 -0.0180676 0.00343504 -0.0481954
internal_weight=291.476 184.104 107.373 83.8505 54.9125 39.1961 51.2981 44.7065 39.2076 100.253 11.5222 88.7309 82.2623 30.7483 25.9127 34.774 68.1765 28.754 20.6815 16.4325 9.91819 28.938 15.5648 10.6333 59.2375 3.97021 32.8271 16.2669 12.7734 6.36054
internal_count=1899 878 1021 439 268 271 250 211 185 439 57 382 355 138 117 165 750 136 99 79 50 171 69 45 670 41 203 108 84 47
cat_boundaries=0 1 2 3 4 5
cat_threshold=4 174 34987 4 2
is_linear=0
shrinkage=0.1


Tree=11
num_leaves=31
num_cat=5
split_feature=6 3 3 0 2 1 0 7 0 1 0 0 5 0 2 2 1 0 0 2 0 0 1 0 0 0 0 0 2 1
split_gain=48.2177 17.98 8.00593 3.20405 3.60048 3.0125 3.01107 3.38275 2.7727 2.61125 2.31761 3.64469 2.29458 4.17811 1.9194 2.36227 3.84969 2.48863 1.8403 2.2802 1.77873 2.41917 1.71124 1.6962 2.15032 2.21635 1.69559 1.59417 1.49915 1.29173
threshold=0 1 2 37.500000000000007 13304.090000000002 37.500000000000007 26.500000000000004 3 28.500000000000004 44.500000000000007 40.500000000000007 43.500000000000007 4 47.500000000000007 15130.985000000002 59732.775000000009 37.500000000000007 37.500000000000007 56.500000000000007 99434.165000000023 48.500000000000007 45.500000000000007 41.500000000000007 57.500000000000007 54.500000000000007 51.500000000000007 34.500000000000007 38.500000000000007 187263.57500000004 48.500000000000007
decision_type=1 9 9 2 2 2 2 9 2 2 2 2 1 2 2 2 2 2 2 2 2 2 2 2 2 2 2 2 2 2
left_child=1 8 6 26 -5 -6 -2 12 22 -9 -7 -12 27 -14 -10 16 -16 -17 29 -20 21 -13 -1 24 25 -22 -3 -8 -19 -4
right_child=2 3 18 4 5 10 7 9 14 -11 11 20 13 -15 15 17 -18 28 19 -21 23 -23 -24 -25 -26 -27 -28 -29 -30 -31
leaf_value=-0.042606149487061054 -0.076455879033066554 -0.024957666267490033 -0.099926939881099741 -0.09324140026980858 -0.053840226103033843 0.08435328509120936 0.026710750474061185 -0.077483477138362802 0.11151965298274212 0.0027744541278108422 -0.056877226802983599 0.011188984994867229 -0.049261148058292209 0.090447418622831816 -0.020624382205793199 0.15837718882786714 0.059869380413242981 0.10646289939737141 0.029263254256861462 -0.11155725665376535 -0.023143271302795445 0.11425751525814634 0.04709055966813655 0.054143199569920288 -0.064940548011972923 0.07109015228862739 -0.087201522102258608 0.11799066111543111 0.02699797348490875 -0.057828647546017201
leaf_weight=4.0369304269552213 5.837916672229766 20.295080177485946 49.920399628579617 3.4896439164876929 6.0662637054920188 5.1548931747674933 3.2472204938530922 8.6217800825834292 7.8484317362308493 7.6516474783420554 6.2369879931211463 4.4442804157733935 5.3622494861483592 3.5628885328769684 6.498025767505168 4.5546055287122718 69.381981357932091 4.9683098495006544 2.7792847752571097 1.9612743705511091 5.7223958522081393 4.6703993529081345 4.4955510199069977 6.3858004659414283 4.5237071663141242 4.4266740083694458 5.5797320678830138 4.6576764583587646 4.5466475635766983 8.5346437245607358
leaf_count=22 67 127 616 18 37 24 22 66 33 41 31 21 39 20 34 20 298 21 26 22 27 21 19 31 22 20 32 24 20 78
internal_value=-0.00160343 0.0287619 -0.0536679 -0.00859109 0.00480605 0.0119893 -0.00814766 0.00143747 0.0542234 -0.0246187 0.0215969 0.012712 0.0258815 0.0065101 0.0640926 0.0599544 0.0529763 0.0975891 -0.0767724 -0.0289973 0.0270965 0.0640017 0.0046528 0.011123 -0.00760006 0.0179581 -0.0383801 0.0804942 0.0684912 -0.0937804
internal_weight=285.463 183.326 102.137 76.9959 51.121 47.6314 38.9414 33.1035 106.33 16.2734 41.5651 36.4102 16.83 8.92514 97.798 89.9496 75.88 14.0696 63.1956 4.74056 30.1733 9.11468 8.53248 21.0586 14.6728 10.1491 25.8748 7.9049 9.51496 58.455
internal_count=1899 878 1021 411 252 234 279 212 467 107 197 173 105 59 426 393 332 61 742 48 142 42 41 100 69 47 159 46 41 694
cat_boundaries=0 1 2 3 4 5
cat_threshold=4 175 18603 1152 2
is_linear=0
shrinkage=0.1


Tree=12
num_leaves=31
num_cat=6
split_feature=6 7 7 3 1 2 0 2 5 2 7 0 0 2 2 1 2 0 2 0 0 0 1 2 2 2 0 2 2 2
split_gain=40.568 14.9246 7.63681 6.56094 2.91337 2.66894 2.43198 2.40616 3.79881 1.99621 1.94595 5.82415 3.53069 3.67538 1.92821 1.92132 3.64898 1.46751 1.39549 1.86735 1.3544 1.52462 1.31812 1.07751 2.05525 1.50893 0.8833 1.34555 2.1811 2.07568
threshold=0 1 2 3 37.500000000000007 34166.205000000009 36.500000000000007 91074.435000000012 4 74709.99500000001 5 41.500000000000007 54.500000000000007 59732.775000000009 82863.660000000018 37.500000000000007 115648.01000000002 52.500000000000007 36865.170000000006 32.500000000000007 32.500000000000007 41.500000000000007 44.500000000000007 21974.115000000005 26202.650000000005 30167.705000000005 59.500000000000007 13304.090000000002 21538.500000000004 26510.045000000002
decision_type=1 9 9 9 2 2 2 2 1 2 9 2 2 2 2 2 2 2 2 2 2 2 2 2 2 2 2 2 2 2
left_child=1 15 3 6 5 -3 14 8 20 -8 11 22 13 23 -2 16 -1 -13 19 -4 -5 -22 -6 -12 -25 -26 27 -17 -29 -30
right_child=2 4 18 7 10 -7 9 -9 -10 -11 12 17 -14 -15 -16 26 -18 -19 -20 -21 21 -23 -24 24 25 -27 -28 28 29 -31
leaf_value=-0.028576534550526805 -0.062070667950099349 -0.0056253792456332488 -0.10987302499881885 -0.0583864205742484 -0.10791462189900324 -0.12039307217258355 0.11367264284730079 -0.10112569834523254 -0.099647072980807591 0.032020044049993993 0.043879264550450131 -0.012121520579447277 -0.047946847663516735 0.10584040118278876 0.040553124326300205 0.0090311402698658016 0.082863874976668445 0.052556895514752268 -0.093038240506392325 0.015683844538301978 0.089128348630609297 -0.014834501136370096 -0.03964234257635145 -0.063546251522582073 0.069344740874472413 0.0054935065315692621 0.10555452017943889 0.12650930003093044 0.011260582943372975 0.066463124111246386
leaf_weight=6.5878144055604917 3.232039853930476 4.1650673970580083 2.0416714772582045 1.9698961079120634 6.3947516381740588 3.9459786936640739 5.4322603270411474 8.1303182095289213 4.933088958263399 6.6709040403366089 9.5397598296403867 7.4643984735012037 8.1156023144721967 4.8562575727701178 4.2232319712638855 4.5831488072872153 5.3037566691637039 6.6185189187526703 52.139115139842033 2.8214903473854065 2.8639197871088982 2.779741570353508 5.0699493438005447 3.7921288609504691 4.3100233599543598 26.196726150810719 4.8531514704227439 5.3209850788116446 7.726505681872367 57.518101722002029
leaf_count=32 27 27 26 26 47 30 28 94 47 39 50 38 39 24 33 20 22 33 630 24 25 22 27 20 22 127 20 23 33 244
internal_value=-0.00158451 0.0259976 -0.0507657 -0.00822118 -0.00385113 -0.0614592 0.0271243 -0.039598 -0.0312883 0.0686682 0.0013548 -0.0178269 0.0111552 0.0232961 -0.00393676 0.0528777 0.021127 0.0182753 -0.0750871 -0.0370279 0.0130038 0.0379223 -0.0777231 0.0141522 0.00588398 0.0145145 0.0642067 0.0615364 0.0649466 0.0599258
internal_weight=279.6 182.363 97.2377 40.2354 90.4692 8.11105 19.5584 20.677 12.5466 12.1032 82.3581 25.5476 56.8105 48.6949 7.45527 91.8935 11.8916 14.0829 57.0023 4.86316 7.61356 5.64366 11.4647 43.8386 34.2989 30.5067 80.0019 75.1487 70.5656 65.2446
internal_count=1899 878 1021 341 484 57 127 214 120 67 427 145 282 243 60 394 54 71 680 50 73 47 74 219 169 149 340 320 300 277
cat_boundaries=0 1 2 3 4 5 6
cat_threshold=4 4486 900 139 2 10249
is_linear=0
shrinkage=0.1


Tree=13
num_leaves=31
num_cat=5
split_feature=6 3 3 5 0 2 2 1 3 0 2 2 2 0 0 1 1 2 2 2 0 0 0 0 2 0 2 0 2 2
split_gain=34.1182 13.6515 7.0986 6.30556 4.56273 4.28406 3.7587 3.21658 3.02593 2.40762 3.01013 2.25279 2.95658 2.86515 3.63405 2.11294 2.16719 1.93755 2.2675 3.21786 2.17968 2.40118 1.91578 2.54413 4.83992 2.88735 1.68529 1.52586 1.4522 2.33492
threshold=0 1 2 3 25.500000000000004 105751.86500000001 88985.940000000017 35.500000000000007 4 37.500000000000007 13304.090000000002 28251.555000000004 26202.650000000005 30.500000000000004 34.500000000000007 37.500000000000007 57.000000000000007 70200.60000000002 19430.205000000005 28251.555000000004 53.500000000000007 35.500000000000007 51.500000000000007 42.500000000000007 45803.650000000009 39.500000000000007 21538.500000000004 34.500000000000007 47117.580000000009 23883.185000000001
decision_type=1 9 9 1 2 2 2 2 9 2 2 2 2 2 2 2 2 2 2 2 2 2 2 2 2 2 2 2 2 2
left_child=1 8 3 6 -4 7 -2 -6 17 27 -11 12 26 -13 -15 -12 28 18 -1 -20 21 -21 23 25 -25 -16 -10 -3 29 -17
right_child=2 9 4 -5 5 -7 -8 -9 11 10 15 13 -14 14 22 16 -18 -19 19 20 -22 -23 -24 24 -26 -27 -28 -29 -30 -31
leaf_value=0.062125065540373337 0.028523177014903797 -0.022691750101234281 -0.10802321802173276 -0.032696951874158005 -0.10991915274942142 -0.091666278780792601 0.17768174055315794 -0.022843329468348949 0.1027401888313718 -0.088886505753204975 -0.047966556659944329 -0.017685469209362665 0.16730586426847005 0.12620714165837196 0.075937734798892001 0.070469181444206636 -0.044899459531721142 0.076870739446793748 -0.072881628359722853 -0.018921078620877999 -0.047876373865775215 0.058016477260654523 0.014451325042808903 0.15412378054842732 0.020831459913042638 -0.020899790923158593 0.035922137265768643 -0.082864836311715692 0.056191619545791688 -0.0031554692232726466
leaf_weight=6.0085168480873099 3.4992886036634445 19.873046986758713 21.10781329870224 7.4788450896739942 4.8677611574530593 19.554724715650082 3.2664614766836166 33.014809399843216 9.8327394872903842 3.3750976622104636 5.7483767122030249 4.5222209170460692 4.7030389010906211 8.1127671599388105 7.490776255726816 5.4586176127195385 5.0195129513740531 4.4222963005304328 5.6610274687409428 6.5986364036798539 4.7991517707705489 10.52925059199333 9.8117490112781507 6.8631446808576566 4.5170362442731857 5.2279113456606865 6.1267943903803816 5.3482547700405112 10.683697536587713 20.426277011632919
leaf_count=26 21 127 309 55 62 250 22 302 43 18 37 21 20 36 33 26 23 20 28 32 22 45 42 30 20 23 26 32 49 99
internal_value=-0.00156859 0.0235221 -0.0479251 0.0179696 -0.0605552 -0.0536539 0.100536 -0.0340322 0.0457461 -0.00901513 0.00235528 0.0610595 0.0976234 0.0579463 0.0660852 0.00886084 0.0167156 0.0115973 0.00645736 -0.00566673 0.0116865 0.0283758 0.0517016 0.0668679 0.101217 0.0361335 0.077089 -0.0354516 0.0251731 0.0123705
internal_weight=273.95 181.16 92.7897 14.2446 78.5451 57.4373 6.76575 37.8826 105.227 75.9329 50.7116 67.2082 20.6626 46.5456 42.0234 47.3365 41.5881 38.0189 33.5966 27.5881 21.927 17.1279 33.9106 24.0989 11.3802 12.7187 15.9595 25.2213 36.5686 25.8849
internal_count=1899 878 1021 98 923 614 43 364 467 411 252 294 89 205 184 234 197 173 153 127 99 77 148 106 50 56 69 159 174 125
cat_boundaries=0 1 2 3 4 5
cat_threshold=4 175 169 2 4
is_linear=0
shrinkage=0.1


Tree=14
num_leaves=31
num_cat=4
split_feature=6 7 3 1 0 0 0 0 2 5 0 0 1 2 2 2 2 0 2 2 2 2 2 2 2 1 1 2 2 1
split_gain=28.6571 11.1911 8.11925 2.67568 2.37242 2.69396 2.17517 1.95114 1.97273 2.07935 1.72174 1.71203 1.5685 2.82364 1.52824 2.08908 1.50987 1.22993 1.43314 1.11579 1.04429 1.04276 1.02449 1.73236 0.981705 1.54997 0.925809 0.915063 1.48814 0.903972
threshold=0 1 2 41.500000000000007 28.500000000000004 31.500000000000004 26.500000000000004 34.500000000000007 99434.165000000023 3 43.500000000000007 55.500000000000007 37.500000000000007 115648.01000000002 47117.580000000009 40403.080000000009 59330.335000000006 53.500000000000007 26510.045000000002 91074.435000000012 33897.615000000005 39113.875000000007 26202.650000000005 18838.730000000003 140012.44500000004 48.500000000000007 48.500000000000007 26510.045000000002 37981.94000000001 53.500000000000007
decision_type=1 9 9 2 2 2 2 2 2 1 2 2 2 2 2 2 2 2 2 2 2 2 2 2 2 2 2 2 2 2
left_child=1 12 6 4 -3 -6 19 26 9 -9 16 -11 13 -1 15 22 27 18 -12 -2 -19 -20 23 -5 25 -8 -4 -7 -29 -24
right_child=2 3 7 14 5 10 24 8 -10 11 17 -13 -14 -15 -16 -17 -18 20 21 -21 -22 -23 29 -25 -26 -27 -28 28 -30 -31
leaf_value=-0.028236271754962808 -0.10872197813792923 -0.091591686515209492 -0.10699597560806616 0.031734637206378764 0.047614288361238107 -0.076068123094316459 -0.0028115643231480607 -0.0054433420539758155 -0.097564473089396461 -0.11036284246491301 0.06010399883998635 0.0057122127857949685 0.054834542133618297 0.070071529469254865 0.055784408942309904 -0.050569408485111489 -0.11060349232776856 -0.058699129589894518 -0.0459410744790004 -0.0099316686984162652 -0.00058724083202076158 0.025024349083674437 0.015610862250915042 -0.054353339450785493 -0.04025711074834263 0.047648166458680453 -0.052010029432166906 0.025272458933857198 -0.054696597133937812 0.066376888802305051
leaf_weight=6.5289792567491514 2.6359858885407439 4.217025399208068 25.198648516088728 5.023832052946096 6.2932783216238013 3.5878270789980915 18.257919974625118 8.2125976756215096 9.4416430965065938 4.9582422822713861 4.5912508517503765 1.708522096276283 78.495667472481728 5.2880640774965286 7.4801803380250922 5.4793022125959387 3.1257461979985228 6.0218019336462003 4.0369664132595044 2.0189271345734596 6.3566960841417313 4.2508462369441986 9.8877343833446485 4.3714799135923386 3.7951149344444266 9.1322229802608472 3.4856606498360625 4.4395575001835805 4.8902839496731758 5.435941979289054
leaf_count=32 36 38 413 25 34 24 125 81 141 62 22 19 340 22 35 26 19 33 21 27 36 20 45 23 30 42 45 28 31 24
internal_value=-0.00152462 0.0213211 -0.0450843 -0.00445939 -0.0197034 -0.0133338 -0.00164966 -0.06953 -0.0618116 -0.0391247 -0.0226209 -0.0806158 0.0447646 0.0157559 0.0153189 0.00529556 -0.0482392 -0.00634831 0.0152856 -0.0658747 -0.0288571 -0.00954268 0.0176788 -0.00832064 0.00740799 0.0140124 -0.100314 -0.0331486 -0.0166437 0.0336197
internal_weight=268.648 179.802 88.8455 89.4898 51.8113 47.5943 35.8402 53.0053 24.321 14.8794 41.301 6.66676 90.3127 11.817 37.6785 30.1983 16.0434 25.2576 12.8791 4.65491 12.3785 8.28781 24.719 9.39531 31.1853 27.3901 28.6843 12.9177 9.32984 15.3237
internal_count=1899 878 1021 484 306 268 260 761 303 162 234 81 394 54 178 143 102 132 63 63 69 41 117 48 197 167 458 83 59 69
cat_boundaries=0 1 2 3 4
cat_threshold=4 4486 2219 2
is_linear=0
shrinkage=0.1


Tree=15
num_leaves=31
num_cat=3
split_feature=3 6 0 2 7 2 1 1 0 0 0 0 2 0 2 1 2 1 2 2 0 0 2 2 2 2 2 2 2 2
split_gain=24.1653 14.9713 5.7262 4.42737 4.25088 3.22848 3.07131 2.95147 4.0175 2.86941 4.66055 2.29073 3.87582 2.2078 2.05066 1.74013 2.32808 1.61358 1.95313 3.77009 2.41021 1.76191 1.41264 1.35938 1.31428 1.18509 2.49096 1.16907 1.11659 1.39918
threshold=0 1 29.500000000000004 79476.60000000002 2 41420.005000000005 41.500000000000007 38.500000000000007 56.500000000000007 45.500000000000007 59.500000000000007 37.500000000000007 52477.80000000001 48.500000000000007 112964.78500000002 42.500000000000007 29386.665000000005 57.000000000000007 12637.335000000001 20435.400000000005 34.500000000000007 54.500000000000007 56318.030000000006 27097.545000000002 23883.185000000001 27647.070000000003 19837.380000000001 33632.600000000006 57611.885000000009 46017.575000000004
decision_type=9 1 2 2 9 2 2 2 2 2 2 2 2 2 2 2 2 2 2 2 2 2 2 2 2 2 2 2 2 2
left_child=2 4 6 15 9 17 -1 -3 -9 25 -11 12 -7 -13 -5 28 24 18 -6 -20 -21 23 -18 -22 -17 26 -2 -27 29 -4
right_child=1 7 3 14 5 11 -8 8 -10 10 -12 13 -14 -15 -16 16 22 -19 19 20 21 -23 -24 -25 -26 27 -28 -29 -30 -31
leaf_value=-0.074045506792051782 -0.024219782031311934 -0.10774762068611468 0.049600506604590873 -0.039117355038464183 -0.072642022837771325 0.084021429659369484 0.027636032335257073 -0.06743009569329296 0.053483909328547886 0.035750925069618626 -0.075211316461979261 0.10350646742443817 -0.037418378711985764 0.032248026268959736 0.036385039155752447 0.085784472509313231 0.049896024531065328 0.048459408248041562 0.066873710118281582 -0.067819550298093292 -0.029122268784288991 -0.048457470792062245 0.11326484249032012 0.034745301293286568 0.15955514010317143 0.015438111056934404 -0.13730233794902749 -0.047922946271542421 0.09464356165118698 -0.012067546093111375
leaf_weight=5.819810710847376 3.8114934563636806 17.295652531087399 22.807335332036025 6.5057764053344718 4.3243122547864905 4.0732898563146609 6.0676059797406197 34.641513757407665 2.9846680983901015 12.625131897628309 5.405965879559516 7.6503259539604214 7.4073423966765404 10.072662651538847 8.0464096218347532 5.0296634733676928 17.798806801438335 5.5293049067258826 6.5779785811901084 7.0558902621269253 4.693788990378386 5.6927137151360503 4.3844279646873465 11.491398148238657 4.6456301808357239 3.6198994964361217 3.9840799272060394 14.891269765794275 4.2725133672356597 4.3868745416402808
leaf_count=60 22 287 105 42 22 21 32 490 33 63 29 34 37 46 49 23 77 25 34 41 23 29 21 54 20 20 24 88 27 21
internal_value=-0.00149228 -0.0228934 0.038241 0.0523689 -0.00130832 0.012814 -0.022145 -0.0622258 -0.0578387 -0.0230468 0.00248295 0.040466 0.00566806 0.0630075 0.00263054 0.0637988 0.0802734 -0.00216221 -0.00918857 -0.00146176 -0.0169975 -0.000606832 0.0624206 0.0162234 0.121206 -0.0493062 -0.0820128 -0.0355326 0.0471191 0.0396524
internal_weight=263.594 173.829 89.7649 77.8774 118.907 74.569 11.8874 54.9218 37.6262 44.3378 18.0311 29.2036 11.4806 17.723 14.5522 63.3253 31.8585 45.3654 39.8361 35.5118 28.9338 21.8779 22.1832 16.1852 9.67529 26.3067 7.79557 18.5112 31.4667 27.1942
internal_count=1899 1422 477 385 612 366 92 810 523 246 92 138 58 80 91 294 141 228 203 181 147 106 98 77 43 154 46 108 153 126
cat_boundaries=0 1 2 3
cat_threshold=170 4 11401
is_linear=0
shrinkage=0.1


Tree=16
num_leaves=31
num_cat=4
split_feature=6 3 3 0 1 2 2 3 1 2 2 0 2 0 2 0 2 2 2 2 2 2 0 0 2 2 1 0 0 2
split_gain=20.8158 9.27801 6.85378 4.86717 2.94837 3.04552 2.65448 2.08888 1.74757 2.09889 5.0022 3.79557 1.98108 1.92409 1.97287 1.82952 1.89842 1.8295 1.65838 2.71075 2.3149 1.6727 1.60662 2.77579 2.30902 2.36584 1.48115 1.44939 4.08814 2.47203
threshold=0 1 2 25.500000000000004 38.500000000000007 106776.45500000002 82863.660000000018 3 37.500000000000007 29134.335000000003 30949.395000000004 57.500000000000007 23883.185000000001 54.500000000000007 61032.000000000007 43.500000000000007 52477.80000000001 15736.805000000002 28251.555000000004 30949.395000000004 26202.650000000005 21538.500000000004 31.500000000000004 34.500000000000007 44383.265000000007 59732.775000000009 47.500000000000007 45.500000000000007 49.500000000000007 33632.600000000006
decision_type=1 9 9 2 2 2 2 9 2 2 2 2 2 2 2 2 2 2 2 2 2 2 2 2 2 2 2 2 2 2
left_child=1 7 6 -4 -5 -6 -2 27 -3 12 -11 13 17 14 15 16 -12 -10 20 -20 21 -9 -21 -24 26 -26 -25 29 -29 -1
right_child=2 8 3 4 5 -7 -8 18 9 10 11 -13 -14 -15 -16 -17 -18 -19 19 22 -22 -23 23 24 25 -27 -28 28 -30 -31
leaf_value=-0.03853289665351381 0.0082998652536744721 -0.058384514690379155 -0.10605563889057784 -0.09193361709853938 -0.017378424097265293 -0.074286239154221265 0.12075635957680378 0.088275490122097233 -0.054303048893729437 0.1204093546244711 -0.019483307828165042 0.080361305747246203 -0.077886424499568951 -0.08003385664068037 0.041450627499108432 0.016539616171795588 -0.097555427010441287 0.01878165301380675 -0.024284368911587122 0.0013221547997003622 0.14330444580541682 0.020821921196288368 0.12376752068888708 0.10997310049061755 -0.0072317801821600572 0.072854771725408315 0.043839628049392079 0.12059958129827264 0.0025582858633736473 0.027251678780606043
leaf_weight=11.153515346348287 3.9940707422792894 6.8414656296372405 16.467768974602222 10.5927960537374 33.27566796913743 13.108824133872984 4.4238222353160381 9.4516531229019183 5.7857478111982372 3.5529776662588111 13.766267530620103 4.8509952425956717 6.4491881132125846 3.9054598808288565 6.9952650740742675 9.8683068752288801 4.025301866233348 8.3949735686182958 4.9094335287809363 4.9933782890439025 4.5323369354009619 6.0163978040218344 6.0203533470630637 7.3109809309244174 9.7524699568748456 5.932463973760604 6.3088933527469635 4.0700252354145041 10.511444829404352 11.708849377930163
leaf_count=53 27 49 310 156 308 187 33 43 34 18 82 23 37 19 36 45 22 46 22 23 20 26 28 34 44 27 27 18 47 55
internal_value=-0.00144812 0.0177974 -0.0403325 -0.0512004 -0.044332 -0.0334613 0.0308046 0.0363084 -0.0090116 -0.00534759 0.00633134 -0.00300526 -0.031935 -0.0134929 -0.0059941 -0.017993 -0.0371469 -0.011037 0.0489696 0.0458737 0.0804548 0.062039 0.0544166 0.0619217 0.0492162 0.0230591 0.0793393 0.00857947 0.0355063 -0.00484164
internal_weight=258.971 177.108 81.863 73.4451 56.9773 46.3845 8.41789 102.672 74.4359 67.5945 46.9646 43.4116 20.6299 38.5606 34.6551 27.6599 17.7916 14.1807 65.2284 45.228 20.0004 15.4681 40.3185 35.3252 29.3048 15.6849 13.6199 37.4438 14.5815 22.8624
internal_count=1899 878 1021 961 651 495 60 467 411 362 245 227 117 204 185 149 104 80 294 205 89 69 183 160 132 71 61 173 65 108
cat_boundaries=0 1 2 3 4
cat_threshold=4 175 137 4
is_linear=0
shrinkage=0.1


Tree=17
num_leaves=31
num_cat=6
split_feature=7 0 6 3 4 0 4 0 2 3 0 0 0 0 0 2 2 2 1 2 0 2 2 2 2 0 2 2 2 1
split_gain=17.6471 8.98178 6.03524 4.98535 5.90172 3.97299 3.40885 2.58607 2.46402 2.31355 2.4118 2.28217 4.10803 4.83383 2.18292 2.30457 2.29844 5.29473 2.13975 1.93134 2.08359 1.76256 4.72443 2.08034 1.92977 1.82732 1.44633 1.39519 1.32735 1.50571
threshold=0 23.500000000000004 1 2 3 47.500000000000007 4 30.500000000000004 30949.395000000004 5 50.500000000000007 51.500000000000007 48.500000000000007 45.500000000000007 47.500000000000007 31960.595000000005 33897.615000000005 42495.06500000001 44.500000000000007 34598.850000000006 48.500000000000007 82863.660000000018 55976.840000000004 41913.87000000001 144356.73500000002 33.500000000000007 30167.705000000005 40949.195000000007 30316.580000000005 47.500000000000007
decision_type=9 2 1 9 9 2 9 2 2 9 2 2 2 2 2 2 2 2 2 2 2 2 2 2 2 2 2 2 2 2
left_child=1 -1 11 4 7 -6 9 -3 18 10 21 12 13 -2 16 -16 -11 -18 -9 -10 -21 22 23 25 -23 -5 -27 -7 -8 -30
right_child=2 3 -4 6 5 27 28 8 19 14 -12 -13 -14 -15 15 -17 17 -19 -20 20 -22 24 -24 -25 -26 26 -28 -29 29 -31
leaf_value=-0.09830371715952442 -0.027157939752476802 0.020436468233010409 -0.067395896669436503 -0.034019566410867036 -0.036786553429360429 0.080835138686116054 0.080169258361496812 0.010073168832367627 0.17850461231687459 -0.096276072430896253 -0.035426592966074817 0.02414805504156145 -0.12354092894925524 0.080108634964963177 0.079885282718798856 -0.024401702875266079 0.068784415584015018 -0.068087781008057832 0.089807069725948499 0.11057944984612172 0.044008479900425362 0.13805370857523999 -0.063217533640832602 0.1065941553787817 0.01620127633220218 0.0058005048725503399 0.083640966429272823 0.0066946289792394545 0.00084646880901523389 0.072519903888471446
leaf_weight=6.3500992506742469 31.31646678969264 7.7463008463382712 32.436259031295776 4.0966198667883971 15.752149123698475 5.031254366040228 7.8123993873596218 6.9198720306158048 2.8955923020839718 7.3103891760110917 8.5500835143029672 13.8112735748291 3.6893575489521018 4.8519847989082328 2.9416176453232747 7.5772652067244053 4.0581946223974219 9.3102579340338689 6.5529850572347641 16.76324234157801 6.5342253670096389 2.6272602416574946 5.9845628589391699 3.6776183955371371 2.5720613971352577 4.6440005935728532 4.911574013531208 5.1222963929176331 7.8401004858314973 4.6811429373919964
leaf_count=107 193 54 536 27 89 23 38 31 13 39 52 72 19 23 16 42 19 87 30 87 32 25 45 21 30 24 22 26 52 25
internal_value=-0.00139453 0.0173305 -0.0358368 0.0229359 0.0400412 -0.00385658 0.00382847 0.0605206 0.0836062 -0.00760218 0.00878675 -0.00917362 -0.0230216 -0.0127682 -0.0244794 0.00476227 -0.0511919 -0.0265382 0.0488545 0.101481 0.0919083 0.0251261 0.0133851 0.0398385 0.0777743 0.0218559 0.0458106 0.0434325 0.0320577 0.027642
internal_weight=254.369 168.263 86.1053 161.913 73.3179 25.9057 88.5951 47.4122 39.6659 68.2615 37.0638 53.6691 39.8578 36.1685 31.1977 10.5189 20.6788 13.3685 13.4729 26.1931 23.2975 28.5137 23.3144 17.3298 5.19932 13.6522 9.55557 10.1536 20.3336 12.5212
internal_count=1899 1056 843 949 385 138 564 247 193 449 246 307 235 216 203 58 145 106 61 132 119 194 139 94 55 73 46 49 115 77
cat_boundaries=0 1 2 3 4 5 6
cat_threshold=6020 4 162 16 17 25
is_linear=0
shrinkage=0.1


Tree=18
num_leaves=31
num_cat=4
split_feature=6 7 3 0 1 2 5 1 0 0 0 2 2 1 0 1 0 2 2 0 2 2 2 2 2 0 1 2 1 2
split_gain=15.5252 6.73005 5.51661 4.68841 2.76653 2.66836 2.33023 2.07299 1.79163 2.71354 1.34743 1.26749 1.93967 1.13813 2.0856 0.917152 0.971703 0.824557 3.113 2.25869 1.67018 1.57577 2.54419 2.05419 2.10695 1.15969 0.930165 0.771239 1.59605 1.57908
threshold=0 1 2 25.500000000000004 38.500000000000007 106776.45500000002 3 41.500000000000007 28.500000000000004 31.500000000000004 36.500000000000007 47117.580000000009 40403.080000000009 37.500000000000007 42.500000000000007 37.500000000000007 59.500000000000007 85814.590000000011 79476.60000000002 31.500000000000004 92565.815000000017 73780.295000000013 64708.420000000006 56318.030000000006 46703.295000000006 47.500000000000007 48.500000000000007 39451.380000000012 47.500000000000007 49530.245000000003
decision_type=1 9 9 2 2 2 1 2 2 2 2 2 2 2 2 2 2 2 2 2 2 2 2 2 2 2 2 2 2 2
left_child=1 13 6 -4 -5 17 -2 8 -3 -10 -11 12 -9 14 -1 16 -12 18 19 -6 -19 22 23 24 25 -21 -22 -15 29 -29
right_child=2 7 3 4 5 -7 -8 11 9 10 15 -13 -14 27 -16 -17 -18 20 -20 21 26 -23 -24 -25 -26 -27 -28 28 -30 -31
leaf_value=-0.042840474442986248 0.10403384790761568 -0.085849268981585403 -0.10510275880481523 -0.089186749302151855 -0.074763748564111332 -0.070036840307709389 -6.4583403303445871e-05 0.015353589803908311 0.047912519123063345 -0.074552453090196993 -0.089432997999372571 0.04958570916107008 -0.050878908534631964 0.032784460051014541 0.043556825694428078 -0.0094686760927038503 -0.0068505901793857425 0.082354509602754852 -0.11577992833906058 0.054546291898347102 -0.06616569788142522 0.083702787302941076 -0.087356774796355383 0.089997954785308282 -0.084414586335036151 -0.028283184328148237 0.022253215303964805 0.10254953150980549 0.022229843816090326 0.047824079003228014
leaf_weight=4.7300266921520215 4.8317622505128384 3.6801725402474394 14.075844660401343 9.5357981733977777 4.3374462127685609 12.041230894625185 3.8748476132750493 24.199062392115597 6.257134497165679 4.481343124061822 3.2241679169237605 7.3743333965539923 5.4102354347705832 41.43669593334198 6.8263945877552032 30.360500305891037 2.553051695227623 2.4327542558312407 3.1892984695732585 4.1773452460765856 2.2517488785088062 2.2619750909507266 3.0579170025885096 2.7914886735379687 2.5961402803659439 2.8391841202974319 2.5227928385138512 8.4890956729650515 11.129630342125891 13.915763899683951
leaf_count=23 30 38 310 156 50 187 30 117 34 39 25 35 26 188 31 151 19 23 37 30 31 17 32 26 24 21 17 38 51 63
internal_value=-0.00159418 0.0149675 -0.0363405 -0.0468233 -0.0403071 -0.0298327 0.0268577 -0.0049376 -0.0186633 -0.0133887 -0.0228318 0.0124903 0.00325153 0.0335308 0.00819453 -0.016418 -0.0529384 -0.0149178 -0.023433 -0.010083 0.0149154 0.00574573 -0.00565875 0.0144817 -0.00744794 0.02103 -0.0194465 0.0419088 0.0531832 0.0685593
internal_weight=250.885 174.068 76.8176 68.111 54.0351 44.4993 8.70661 87.54 50.5564 46.8762 40.6191 36.9836 29.6093 86.5276 11.5564 36.1377 5.77722 32.4581 25.2508 22.0615 7.2073 17.7241 15.4621 12.4042 9.61267 7.01653 4.77454 74.9712 33.5345 22.4049
internal_count=1899 878 1021 961 651 495 60 484 306 268 234 178 143 394 54 195 44 308 237 200 71 150 133 101 75 51 48 340 152 101
cat_boundaries=0 1 2 3 4
cat_threshold=4 4486 137 2
is_linear=0
shrinkage=0.1


Tree=19
num_leaves=31
num_cat=4
split_feature=3 6 4 2 0 7 0 0 1 0 0 2 2 0 0 2 1 1 0 2 2 2 2 2 2 0 2 2 1 2
split_gain=13.5439 9.28619 3.70935 3.91386 3.73237 3.23197 3.22406 5.17678 3.00602 3.85325 2.42851 2.41617 2.23555 2.00543 3.95697 1.81922 1.68566 3.17892 1.56465 1.4272 2.80947 2.51203 2.22376 2.16621 2.06885 1.70605 1.20719 3.46447 1.30173 1.13421
threshold=0 1 2 28251.555000000004 29.500000000000004 3 42.500000000000007 51.500000000000007 38.500000000000007 56.500000000000007 33.500000000000007 61032.000000000007 88985.940000000017 45.500000000000007 59.500000000000007 51574.885000000009 41.500000000000007 57.000000000000007 39.500000000000007 14652.105000000001 20435.400000000005 26766.650000000005 30654.320000000003 23883.185000000001 35189.35500000001 55.500000000000007 45388.020000000004 52477.80000000001 55.500000000000007 53672.670000000006
decision_type=9 1 9 2 2 9 2 2 2 2 2 2 2 2 2 2 2 2 2 2 2 2 2 2 2 2 2 2 2 2
left_child=2 5 4 -4 12 13 10 15 -3 26 -5 19 -1 -2 -15 -8 -6 -18 -13 -7 -21 23 -23 -22 -24 29 -10 -28 -29 -26
right_child=1 8 3 6 16 11 7 -9 9 -11 -12 18 -14 14 -16 -17 17 -19 -20 20 21 22 24 -25 25 -27 27 28 -30 -31
leaf_value=-0.046382422573182709 -0.044157712557834287 -0.105919220124917 0.06427631328523413 -0.010970470246483122 0.044802822118440361 -0.04554426737855518 0.1046321678895189 -0.057568879502893702 -0.11273996929535697 0.063292799481492454 -0.11224590833929637 0.0074350103005903891 0.058835055303986167 0.030121320954693404 -0.073006173658034912 0.0084524479711591133 0.10509324096474225 0.017958845643524329 0.08376055475592048 0.071259206041079701 -7.6449305852455558e-05 0.061644855384053211 -0.044129017931787959 -0.10751811888898109 0.035932068697981927 -0.041938524658496304 0.10041904663377572 -0.067883260516918106 0.010910364107578728 -0.019398533554923932
leaf_weight=5.5689362660050374 25.076473258435726 12.673680674284695 6.720399126410487 4.2746216095984 24.224944747984409 5.2594405785202971 4.4304487705230695 6.6502917781472206 3.6758420690894154 2.8172757141292086 5.3076514303684235 4.3585676774382573 3.1681253053247929 12.602124951779844 5.2792266681790343 3.53634013235569 16.503995150327686 5.6102643013000479 6.9982423037290573 6.4089608713984481 3.8550501912832251 7.0513406544923773 8.1307811290025693 3.6563190668821335 18.079680934548385 4.6406660601496688 1.4187669381499315 21.935937352478508 2.3183051794767371 4.6596258729696265
leaf_count=48 154 287 32 32 129 29 20 32 55 33 33 22 25 63 29 20 81 25 32 32 21 34 43 21 86 24 19 391 25 22
internal_value=-0.00154541 -0.0183159 0.0286321 -0.00244591 0.0437741 -0.00182706 -0.0219861 0.00756706 -0.0528777 -0.048418 -0.0670673 0.0106239 -0.00822976 -0.0210194 -0.000325674 0.0619394 0.0630256 0.0829877 0.054468 0.00427988 0.00891933 0.000940378 0.0103497 -0.052376 0.000164017 0.0133173 -0.0591414 -0.0514672 -0.0603519 0.024594
internal_weight=246.892 160.896 85.996 30.9198 55.0763 116.057 24.1994 14.6171 44.8398 32.1661 9.58227 73.0987 8.73706 42.9578 17.8814 7.96679 46.3392 22.1143 11.3568 61.7419 56.4824 50.0735 42.5621 7.51137 35.5108 27.38 29.3489 25.673 24.2542 22.7393
internal_count=1899 1422 477 169 308 612 137 72 810 523 65 366 73 246 92 40 235 106 54 312 283 251 209 42 175 132 490 435 416 108
cat_boundaries=0 1 2 3 4
cat_threshold=170 4 16 11401
is_linear=0
shrinkage=0.1


Tree=20
num_leaves=31
num_cat=5
split_feature=7 0 3 6 4 0 2 2 0 0 2 2 1 0 0 2 1 0 2 1 2 1 2 0 5 1 0 0 0 0
split_gain=12.4551 6.36068 4.71703 4.47398 3.80214 2.8603 2.75826 2.67742 3.25879 2.30546 3.72682 3.87404 2.78235 2.09806 3.28574 1.94507 1.92495 1.89145 1.72655 1.56522 2.12529 1.78782 1.86864 3.64928 4.11024 1.71686 1.54039 1.46122 1.40199 1.30597
threshold=0 23.500000000000004 1 2 3 47.500000000000007 116420.82000000002 85814.590000000011 60.500000000000007 46.500000000000007 53672.670000000006 46703.295000000006 41.500000000000007 54.500000000000007 57.500000000000007 88121.210000000006 48.500000000000007 57.500000000000007 45388.020000000004 41.500000000000007 42495.06500000001 38.500000000000007 50520.56500000001 40.500000000000007 4 57.000000000000007 41.500000000000007 40.500000000000007 39.500000000000007 39.500000000000007
decision_type=9 2 9 1 9 2 2 2 2 2 2 2 2 2 2 2 2 2 2 2 2 2 2 2 1 2 2 2 2 2
left_child=1 -1 4 17 19 15 7 8 9 10 11 16 -12 -11 -15 18 -4 -2 -6 20 26 -22 -23 24 -24 -21 -3 -18 -8 -9
right_child=3 2 6 -5 5 -7 28 29 -10 13 12 -13 -14 14 -16 -17 27 -19 -20 25 21 22 23 -25 -26 -27 -28 -29 -30 -31
leaf_value=-0.093741594152423585 -0.017882475563741809 -0.039442535928992148 -0.027187346198539426 -0.061262079792481099 -0.016587216553879541 0.038990243721735145 -0.12469062873007715 0.028381405631738073 -0.072558096219835361 0.055431112888377612 -0.012574804205545685 0.092592979922306265 -0.13570737667383323 -0.069140253485517916 0.054658947944531411 0.028203264968303859 0.052870875533983203 0.037217035305639058 -0.092733556771069703 0.092431260123248413 0.0041971818047251844 0.15898330750861756 0.01586719560870125 -0.030342775565431714 0.19411653974753493 0.028492680274486433 0.038571635327291846 -0.020145857346206514 -0.027029176350445095 0.14565511855586266
leaf_weight=5.1866417638957492 45.304725557565689 3.9741888009011763 17.855919804424051 27.50463892519474 7.3178711012005859 10.82461506128311 2.3816927485167971 1.9100114293396466 5.6184558160603038 14.468867283314468 3.8130914978682986 4.5475825183093539 3.5377302616834641 4.2705523222684842 4.3050442636013031 4.6695423461496821 7.2048579603433591 7.2235005795955649 5.0206575877964497 19.547703303396705 3.2567316479980919 2.80195402354002 2.377980738878251 2.7027049288153648 2.8369474299252024 5.3487242795526972 6.9693964272737503 4.42345330119133 3.8398027271032333 1.8884427621960638
leaf_count=107 268 22 101 536 34 54 39 23 34 75 41 25 31 22 20 32 36 39 32 98 23 13 23 14 20 24 33 20 43 17
internal_value=-0.00147865 0.0143418 0.0188057 -0.0315322 0.0342688 -0.000877966 -0.000418597 0.00491658 0.000482402 0.006852 -0.00726423 0.00668292 -0.0718348 0.0322016 -0.00699169 -0.0267679 -0.00656765 -0.00865726 -0.0475718 0.0507695 0.0432435 0.0690851 0.0887988 0.0639614 0.112836 0.0786948 0.0102406 0.025095 -0.0644156 0.0866853
internal_weight=242.934 162.901 157.715 80.0329 77.649 27.8327 80.0655 73.844 70.0456 64.4271 41.3826 34.0318 7.35082 23.0445 8.5756 17.0081 29.4842 52.5282 12.3385 49.8163 24.9199 13.9763 10.7196 7.91763 5.21493 24.8964 10.9436 11.6283 6.2215 3.79845
internal_count=1899 1056 949 843 422 152 527 445 405 371 254 182 72 117 42 98 157 307 66 270 148 93 70 57 43 122 55 56 82 40
cat_boundaries=0 1 2 3 4 5
cat_threshold=6020 163 4 16 1
is_linear=0
shrinkage=0.1


Tree=21
num_leaves=31
num_cat=7
split_feature=7 3 1 6 4 7 2 6 2 2 2 2 2 2 1 0 2 2 0 2 0 0 0 0 1 5 0 0 0 1
split_gain=10.5885 6.59099 4.44444 4.22584 2.59683 2.93437 4.06171 2.5481 5.66544 2.29894 2.64537 4.32275 2.26343 2.12915 1.85319 2.28732 1.85248 2.75558 1.78042 2.57463 1.75086 2.26488 1.62402 1.61682 1.60348 1.35351 2.51227 1.89141 1.15678 2.39141
threshold=0 1 37.500000000000007 2 3 4 45000.44000000001 5 59732.775000000009 10705.280000000001 30167.705000000005 34166.205000000009 31447.195000000003 49195.090000000004 47.500000000000007 36.500000000000007 36356.030000000006 44056.680000000008 29.500000000000004 82863.660000000018 42.500000000000007 37.500000000000007 36.500000000000007 36.500000000000007 16.500000000000004 6 42.500000000000007 45.500000000000007 54.500000000000007 41.500000000000007
decision_type=9 9 2 1 9 9 2 1 2 2 2 2 2 2 2 2 2 2 2 2 2 2 2 2 2 1 2 2 2 2
left_child=1 7 24 22 5 6 14 18 28 -7 -11 -12 -6 -8 15 -4 -13 -18 19 -1 21 -15 -2 -19 -3 27 -27 -20 29 -9
right_child=3 2 4 -5 12 9 13 8 -10 10 11 16 -14 20 -16 -17 17 23 25 -21 -22 -23 -24 -25 -26 26 -28 -29 -30 -31
leaf_value=-0.11897183792357667 -0.035644025685516022 0.000156673267300001 0.036556722863895955 -0.0590829573803799 0.088836367644800129 0.076205058577913834 0.17815534760837679 -0.001090456352962418 0.12205163322373913 -0.11306250680651571 0.072333455134677968 -0.13826667464567863 0.011046601930180609 0.063748385744894484 0.041447228553205422 -0.060293287305727278 0.022535640325550534 -0.11133141218155534 0.070941576936660811 0.0095652122497125354 0.11437873176053777 -0.077791205644357722 0.0024732221463489362 -0.036552281047463879 -0.10351039478445317 -0.089136526888650758 0.024477525030912457 -0.013552330153538593 0.067144955970370498 0.050339080954645447
leaf_weight=2.7674864716827896 16.186325561255217 1.9648136608302573 3.3868266120553079 26.108884014189243 6.51175533235073 1.6329775936901594 1.5259703099727611 15.391052506864069 9.4519165530800802 4.8404990360140827 3.4012524038553265 2.1120684444904354 8.7888791635632497 3.1869391351938248 4.591079916805028 8.7091754153370839 5.1218850538134602 4.6414884924888593 6.6841479390859604 3.5666282139718533 2.6432359926402569 1.7520986348390577 36.121443305164576 7.6680695302784443 6.2008376363664865 3.0049804598093033 5.5241682305932045 4.3888970613479614 10.18528828024864 21.914880245923996
leaf_count=33 116 22 22 536 34 10 8 74 52 25 16 9 58 44 25 45 24 60 36 33 16 18 191 64 96 28 32 21 47 104
internal_value=-0.00165253 0.0129661 -0.0077399 -0.0296441 -0.000635759 -0.0110468 0.0120141 0.0313399 0.0436774 -0.0291856 -0.0458836 -0.0317113 0.0267016 0.0703817 -0.0126449 -0.0331757 -0.0498187 -0.039102 -0.000363664 -0.0465949 0.0486918 0.0135379 -0.00782582 -0.0647488 -0.0785661 0.0143896 -0.0155509 0.0374517 0.037276 0.0291211
internal_weight=239.976 161.559 78.6799 78.4167 70.5142 55.2136 25.7953 82.8794 56.9431 29.4182 27.7853 22.9448 15.3006 9.10824 16.6871 12.096 19.5435 17.4314 25.9363 6.33411 7.58227 4.93904 52.3078 12.3096 8.16565 19.6022 8.52915 11.073 47.4912 37.3059
internal_count=1899 1056 596 843 478 386 178 460 277 208 198 173 92 86 92 67 157 148 183 66 78 62 307 124 118 117 60 57 225 178
cat_boundaries=0 1 2 3 4 5 6 7
cat_threshold=6020 171 4 17 4608 3 2
is_linear=0
shrinkage=0.1


Tree=22
num_leaves=31
num_cat=4
split_feature=6 7 3 0 1 2 2 2 2 0 0 0 2 2 7 2 2 0 2 0 2 2 2 2 2 2 0 2 1 2
split_gain=9.03253 4.33551 4.27407 4.24735 2.34702 2.10958 2.43682 2.09336 1.90973 1.81592 2.18203 1.57572 1.4605 1.39018 1.61514 3.5713 1.96506 1.3678 1.35398 2.63717 1.95639 1.79826 1.50102 1.21623 1.86393 1.66318 1.56811 1.2074 1.23054 1.08756
threshold=0 1 2 25.500000000000004 38.500000000000007 91074.435000000012 84329.035000000018 79476.60000000002 12637.335000000001 54.500000000000007 51.500000000000007 31.500000000000004 82863.660000000018 15130.985000000002 3 66758.250000000015 45000.44000000001 57.500000000000007 59732.775000000009 36.500000000000007 45000.44000000001 30167.705000000005 39451.380000000012 73780.295000000013 64708.420000000006 56318.030000000006 47.500000000000007 53324.80000000001 48.500000000000007 213624.91000000003
decision_type=1 9 9 2 2 2 2 2 2 2 2 2 2 2 9 2 2 2 2 2 2 2 2 2 2 2 2 2 2 2
left_child=1 18 12 -4 -5 6 7 11 -3 10 13 -6 -2 -10 16 27 -15 -11 19 21 22 -1 -21 24 25 26 -13 28 -16 -20
right_child=2 8 3 4 5 -7 -8 -9 9 17 -12 23 -14 14 15 -17 -18 -19 29 20 -22 -23 -24 -25 -26 -27 -28 -29 -30 -31
leaf_value=0.030078734713457806 0.0060052615495196863 -0.095185265794096308 -0.1039174212453275 -0.084515723022099892 -0.065341302659595049 -0.053480172132567699 0.092544196440664792 -0.11042849726298705 0.07527176331286925 -0.088962420581432333 0.073150846565847139 0.025785229324493328 0.08860789257038218 -0.00080973119435253792 -0.039592880315596442 -0.12930358460943808 0.069656077248779175 -0.016795708058646743 0.065622560314157516 0.034103000691871561 -0.0027239151057928202 -0.029267584350434053 0.089468256447150105 0.073607100324725644 -0.080963032468875026 0.078600048087579991 -0.05727353403394863 0.038264838910244479 0.014179001685230936 0.012428059752325388
leaf_weight=7.7549996003508594 3.8395115025341493 2.516492433845996 10.712377613410352 7.8534086570143691 3.7889888323843577 15.852498866617678 2.2428110577166072 2.1573010496795169 2.100263074040412 4.082606226205824 3.9224180877208701 5.5051743648946303 4.8371613323688507 14.656025752425196 14.463924784213313 3.0378691740334025 5.4213831275701514 7.3627462983131409 13.050673738121988 40.875097811222076 13.331938475370405 14.946322821080683 5.5632540807127944 2.298447683453559 2.6283364892005912 2.8605223894119254 3.8715824149549007 3.7044823728501788 6.0301642864942542 5.4478610008954993
leaf_count=40 27 16 310 156 50 244 18 33 11 23 19 44 33 76 105 22 27 43 67 191 61 70 28 17 32 26 31 22 32 25
internal_value=-0.00180969 0.0107786 -0.0299545 -0.0401532 -0.0344145 -0.0248657 -0.00697395 -0.016632 -0.00845856 -0.00639531 0.00136043 -0.0069748 0.0241835 -0.00433818 -0.00787207 -0.0198253 0.0121608 -0.0425379 0.0232074 0.0200214 0.0310419 -0.00899429 0.0407357 0.00590968 -0.00455736 0.0118531 -0.00850902 -0.0142742 -0.0237711 0.0499567
internal_weight=236.717 168.269 68.4481 59.7714 49.0591 41.2057 25.3532 23.1104 67.2984 64.7819 53.3365 20.9531 8.67667 49.4141 47.3138 27.2364 20.0774 11.4454 100.97 82.4716 59.7703 22.7013 46.4384 17.1641 14.8656 12.2373 9.37676 24.1986 20.4941 18.4985
internal_count=1899 878 1021 961 651 495 251 233 396 380 314 200 60 295 284 181 103 66 482 390 280 110 219 150 133 101 75 159 137 92
cat_boundaries=0 1 2 3 4
cat_threshold=4 5510 137 512
is_linear=0
shrinkage=0.1


Tree=23
num_leaves=31
num_cat=5
split_feature=7 0 6 3 5 4 0 0 1 2 2 0 0 2 0 2 1 0 2 2 2 2 2 0 1 2 1 0 0 2
split_gain=7.85219 4.57213 3.73149 2.23652 3.21741 2.81255 2.34731 2.21615 2.0284 3.64907 1.58952 1.46318 1.4622 1.43215 1.41943 2.26544 1.62377 1.50368 1.17232 2.15186 1.1654 1.55009 1.15844 1.04614 2.30221 1.73715 1.42426 1.09793 1.25498 2.14713
threshold=0 23.500000000000004 1 2 3 4 42.500000000000007 45.500000000000007 44.500000000000007 27914.400000000005 45803.650000000009 39.500000000000007 57.500000000000007 73780.295000000013 35.500000000000007 52477.80000000001 41.500000000000007 32.500000000000007 88121.210000000006 42127.220000000008 28796.995000000006 38753.285000000011 29134.335000000003 40.500000000000007 57.000000000000007 14652.105000000001 41.500000000000007 59.500000000000007 45.500000000000007 30316.580000000005
decision_type=9 2 1 9 1 9 2 2 2 2 2 2 2 2 2 2 2 2 2 2 2 2 2 2 2 2 2 2 2 2
left_child=1 -1 12 4 14 7 18 8 9 -5 -9 -6 -2 -11 15 17 -17 22 19 -7 -10 -22 -3 26 25 -25 -16 28 29 -27
right_child=2 3 -4 5 11 6 -8 10 20 13 -12 -13 -14 -15 23 16 -18 -19 -20 -21 21 -23 -24 24 -26 27 -28 -29 -30 -31
leaf_value=-0.089247936584847865 -0.014460024574703884 -0.016216604186935074 -0.055048444958169566 -0.062140676566621193 -0.12591537623202709 -0.0044176304432692864 0.017171231024659877 0.036956426883254567 0.12451470157862637 0.029172490636044653 -0.027911104719619009 -0.030924887799734242 0.034017067851304178 0.090378589636157899 0.0041085806830056665 -0.019337815280281515 -0.13332152777908765 -0.049687369531102227 0.010021697500882928 -0.10907352078294703 0.011437579245668317 0.085618542759826374 0.060347481706409883 -0.060028808411743462 -0.051173285386970038 -0.056897390114780538 0.08720359305282209 -0.022812242254653399 0.051730936809658838 0.042414986177841146
leaf_weight=4.3696947060525408 44.197425164282322 3.3349262401461619 23.591074476018548 3.272501919418576 2.5111591573804608 3.6336692944169062 19.74367780983448 10.183189727365972 4.5047165900468853 9.4938206896185857 6.005286641418933 4.5774379521608353 7.2414817735552779 6.4001383259892455 3.9099784828722459 2.5764350052922955 2.4272048361599445 3.4340802431106559 3.2906274646520615 4.2773061171174049 3.8049045354127875 10.848283898085354 4.8503148704767227 2.5448458828032043 5.4818635880947104 3.488085895776754 4.3659884855151176 3.9370814412832251 15.240388184785841 5.7915753163397312
leaf_count=107 268 23 536 16 41 17 100 52 23 57 32 56 39 52 25 34 25 19 25 31 18 59 27 15 26 16 23 23 74 40
internal_value=-0.00172453 0.01093 -0.026366 0.0144839 -0.000686888 0.0239205 -0.00270097 0.0371088 0.0570205 0.0340198 0.0128931 -0.0645756 -0.00639272 0.0538188 0.0065792 -0.0183739 -0.0746299 0.00585169 -0.0401385 -0.061003 0.0800315 0.0663564 0.0291529 0.0158463 0.00856498 0.0191281 0.0479454 0.0262069 0.0340777 0.00508495
internal_weight=233.329 158.299 75.03 153.929 68.4714 85.4581 30.9453 54.5128 38.3244 19.1665 16.1885 7.0886 51.4389 15.894 61.3828 16.623 5.00364 11.6193 11.2016 7.91098 19.1579 14.6532 8.18524 44.7598 36.4838 31.002 8.27597 28.4571 24.52 9.27966
internal_count=1899 1056 843 949 467 482 173 309 225 125 84 97 307 109 370 128 59 69 73 48 100 77 50 242 194 168 48 153 130 56
cat_boundaries=0 1 2 3 4 5
cat_threshold=6020 4 276 2 16
is_linear=0
shrinkage=0.1


Tree=24
num_leaves=31
num_cat=6
split_feature=6 7 0 2 3 0 5 2 2 5 0 1 0 0 2 0 7 1 1 2 0 2 0 2 1 2 0 2 2 2
split_gain=7.0683 4.54044 3.81499 2.39248 2.81919 2.93556 3.76166 2.48884 2.20774 1.76378 1.48774 1.45941 1.32534 2.70112 1.2451 1.12961 2.48488 2.39698 1.94069 1.83001 1.74836 1.7363 2.10785 1.56405 1.39784 1.47162 1.36431 1.32176 1.14186 1.7259
threshold=0 1 25.500000000000004 105751.86500000001 2 55.500000000000007 3 46703.295000000006 56318.030000000006 4 43.500000000000007 48.500000000000007 38.500000000000007 43.500000000000007 62897.960000000006 44.500000000000007 5 55.500000000000007 48.500000000000007 40403.080000000009 50.500000000000007 47117.580000000009 57.500000000000007 51574.885000000009 41.500000000000007 33632.600000000006 33.500000000000007 30039.515000000003 21538.500000000004 29386.665000000005
decision_type=1 9 2 2 9 2 1 2 2 1 2 2 2 2 2 2 9 2 2 2 2 2 2 2 2 2 2 2 2 2
left_child=2 15 -1 4 5 6 -4 -8 -6 14 -10 -9 -5 -14 -3 16 18 20 23 28 27 24 -23 -2 25 -22 -25 -17 -18 -30
right_child=1 9 3 12 8 -7 7 11 10 -11 -12 -13 13 -15 -16 17 19 -19 -20 -21 21 22 -24 26 -26 -27 -28 -29 29 -31
leaf_value=-0.093118168140619892 -0.068435532971221527 -0.011396026828219117 0.068056305248919841 -0.094886314897063687 -0.12307178388360179 -0.088036291837677069 0.070536031361846149 -0.10991417443975089 -0.064764902944674546 -0.069726388534388437 0.020669636617950231 0.0029160588303607429 0.059365705833768947 -0.074394912763731724 0.045050866207584188 0.034974506963417556 0.048939153916946018 -0.020414668362652148 0.021265257576321368 0.057265784008017108 0.031100912223428614 -0.067427019696839396 0.032025726674996806 0.048515592180379347 0.0063710420606315436 0.10151163241754087 -0.049327610797903307 0.098679296130986971 -0.043285214338339408 0.027767080422811671
leaf_weight=9.4891759883612377 8.2941063493490237 61.409979768097401 11.8168092854321 5.9234913792461139 3.8355519343167535 2.200133115053176 1.9125502705574078 2.8480673022568226 5.2906973641365749 4.9469060450792304 3.3156271390616894 1.9186428040266035 2.2535293474793434 4.5737524572759867 4.1732944268733254 5.4679841548204413 5.9153958559036282 6.8357905000448218 7.9035058114677659 16.482428068295121 5.9001267552375847 3.5190256312489492 5.4033548794686794 2.8508471418172112 5.726009026169776 5.973778560757637 2.8496212270110846 8.0544573888182622 6.1107876747846586 7.7600229382514954
leaf_count=309 43 365 106 124 48 15 18 48 77 56 29 11 35 69 39 26 30 31 38 89 28 21 35 20 27 29 24 45 28 36
internal_value=-0.00184408 0.00826852 -0.0299848 -0.023464 -0.00930031 0.014268 0.0341513 -0.0258329 -0.0332489 -0.0106389 -0.0318508 -0.064499 -0.060274 -0.0302436 -0.00780411 0.0207845 0.0134535 0.0343139 -0.0125962 0.025597 0.0436563 0.0287365 -0.00719887 -0.0407205 0.0469541 0.0665246 -0.000395488 0.0729194 0.012153 -0.00353502
internal_weight=230.955 175.577 55.378 45.8889 33.1381 20.6962 18.4961 6.67926 12.4419 70.5302 8.60632 4.76671 12.7508 6.82728 65.5833 105.047 58.1667 46.8805 21.8981 36.2686 40.0447 26.5223 8.92238 13.9946 17.5999 11.8739 5.70047 13.5224 19.7862 13.8708
internal_count=1899 1010 889 580 352 198 183 77 154 460 106 59 228 104 404 550 308 242 125 183 211 140 56 87 84 57 44 71 94 64
cat_boundaries=0 1 2 3 4 5 6
cat_threshold=3 5510 154 2 2 5122
is_linear=0
shrinkage=0.1


Tree=25
num_leaves=31
num_cat=5
split_feature=3 0 3 1 7 1 3 2 5 2 0 2 0 0 2 1 2 2 2 0 0 1 2 0 2 2 2 2 0 2
split_gain=6.84563 7.03007 4.31228 3.49694 2.88273 3.485 3.48057 3.36778 2.52449 2.33296 3.429 3.23558 2.22454 2.40766 1.99599 1.92818 2.29389 1.91182 1.65094 1.45705 2.10207 1.45184 1.5664 2.01387 2.3766 1.97237 1.63466 3.41085 1.50362 1.42948
threshold=0 24.500000000000004 1 64.500000000000014 2 57.000000000000007 3 61032.000000000007 4 66293.295000000027 58.500000000000007 59732.775000000009 51.500000000000007 42.500000000000007 39451.380000000012 38.500000000000007 191446.83500000005 54800.880000000012 26202.650000000005 37.500000000000007 29.500000000000004 34.500000000000007 42737.520000000004 39.500000000000007 12637.335000000001 38753.285000000011 20435.400000000005 26766.650000000005 29.500000000000004 63392.280000000006
decision_type=9 2 9 2 9 2 9 2 1 2 2 2 2 2 2 2 2 2 2 2 2 2 2 2 2 2 2 2 2 2
left_child=8 -2 3 4 5 6 29 14 -1 11 12 17 13 15 -8 -11 19 21 -4 20 -17 -6 23 26 -25 -26 -23 -28 -29 -3
right_child=1 2 18 -5 9 -7 7 -9 -10 10 -12 -13 -14 -15 -16 16 -18 -19 -20 -21 -22 22 -24 24 25 -27 27 28 -30 -31
leaf_value=0.056079857942013804 -0.092504998658523463 0.0041294244425886407 -0.0058248187328935573 0.082585414508959426 -0.04466347777616702 -0.11501774807381347 -0.062660856784512664 -0.12811118875658703 -0.0056484643452349801 -0.11436638788875111 0.098265781001892843 0.09511880457274971 -0.12869400783104284 0.033191817779938591 0.030766810083545971 -0.091668083146047685 0.05051716847881798 -0.050765181229200151 -0.067003746816065121 -0.098969651520657814 0.027771499230223824 0.033264258234335792 0.045652473803884638 -0.062083906168727457 0.043610242936532033 -0.021227864808698038 -0.11118480386220837 -0.050099473566856192 0.01641772675098806 0.067264697056499664
leaf_weight=28.339450228959322 9.8277043215930444 9.3872942924499494 5.7599631957709816 5.1702213920652857 3.9961323309689751 4.1797780618071547 6.3872190639376623 5.2655649781227121 8.646743353456257 2.9316522069275477 2.2782022953033438 4.766928616911172 2.0897089745849362 6.0087544973939648 3.5618709698319435 2.4176604934036714 3.0955242291092864 4.8117712885141364 18.832638759166002 3.5870968494564295 3.7731261942535639 6.1710259933024671 15.429571343585847 2.8754271045327178 27.778394121676683 5.6450989395380011 3.7698450647294548 5.0275150630623093 10.487318769097326 5.8031568862497815
leaf_count=148 299 51 37 30 26 22 43 102 64 49 23 36 23 57 28 39 41 33 194 38 54 43 92 18 133 28 24 32 54 38
internal_value=-0.00173505 -0.00962727 -0.00566549 0.00160964 -0.00104711 -0.0228072 -0.0176321 -0.0382801 0.0327848 0.00676057 -0.018959 0.0149249 -0.0301314 -0.0206894 -0.0292128 -0.0411739 -0.0245058 0.0104794 -0.0374475 -0.0482569 -0.0188727 0.0141095 0.0171524 0.0100316 0.0251542 0.0326593 -0.0115327 -0.0258676 -0.00513689 0.0170347
internal_weight=228.102 191.116 181.288 156.696 151.526 34.5849 30.4051 15.2147 36.9862 116.941 26.1817 90.759 23.9035 21.8138 9.94909 15.8051 12.8734 85.9921 24.5926 9.77788 6.19079 81.1803 77.1842 61.7546 36.2989 33.4235 25.4557 19.2847 15.5148 15.1905
internal_count=1899 1687 1388 1157 1127 284 262 173 212 843 324 519 301 278 71 221 172 483 231 131 93 450 424 332 179 161 153 110 86 89
cat_boundaries=0 1 2 3 4 5
cat_threshold=169 22 2185 2 2
is_linear=0
shrinkage=0.1


Tree=26
num_leaves=31
num_cat=6
split_feature=3 0 3 1 7 1 3 2 5 6 2 1 2 0 0 2 0 1 2 2 2 2 2 0 0 0 0 2 1 0
split_gain=5.60886 6.27594 3.5607 2.83375 2.37092 2.91709 2.88729 3.20857 2.06423 1.96644 4.08306 1.99612 1.66908 1.5946 4.53335 2.25176 1.97279 1.71492 1.89318 2.79346 2.38773 2.73813 1.61613 1.47842 1.45895 1.46628 1.63643 1.43189 1.36197 1.21762
threshold=0 24.500000000000004 1 64.500000000000014 2 57.000000000000007 3 61032.000000000007 4 5 61423.250000000007 41.500000000000007 39451.380000000012 44.500000000000007 48.500000000000007 26766.650000000005 45.500000000000007 38.500000000000007 16330.520000000002 26766.650000000005 30167.705000000005 42737.520000000004 21974.115000000005 32.500000000000007 59.500000000000007 44.500000000000007 29.500000000000004 26202.650000000005 48.500000000000007 52.500000000000007
decision_type=9 2 9 2 9 2 9 2 1 1 2 2 2 2 2 2 2 2 2 2 2 2 2 2 2 2 2 2 2 2
left_child=8 -2 3 4 5 6 29 12 -1 13 11 -11 -8 17 16 -16 -15 -6 -19 22 -21 -22 -20 -23 25 26 -12 -4 -17 -3
right_child=1 2 27 -5 9 -7 7 -9 -10 10 24 -13 -14 14 15 28 -18 18 19 20 21 23 -24 -25 -26 -27 -28 -29 -30 -31
leaf_value=0.050817239927725591 -0.090397482428283563 0.0091703632183928255 -0.0052553123688342277 0.074223855743267092 -0.062085365065840385 -0.10650273694666566 -0.058238070560182126 -0.12638164500336485 -0.0050971166186831859 -0.019827817047744382 -0.11105597959335514 0.075891191463170235 0.027367351060879064 0.025485496478888175 -0.053350075695936916 0.034677835166445896 0.11169809701659486 0.067896484867080123 -0.004111736977202035 0.091583847655008099 -0.025778048740876271 0.068015606679868085 -0.089571251185583622 0.0083946054626862689 0.054465563169910358 -0.1156126533635306 -0.020589111886476795 -0.06251341860994962 -0.024455968029000005 0.074811976003511069
leaf_weight=28.156748406589031 9.0893748179078084 11.560319863259791 5.7464889436960247 5.1769442595541468 3.7703223600983611 4.0684760287404051 6.1953679546713811 4.8263927418738612 8.6250465884804708 3.954860735684635 2.6362845152616492 4.8509694710373878 3.6016431860625744 4.0762966871261579 5.0257650986313847 16.719973541796211 7.6082496270537376 4.7512251511216155 4.236680366098879 3.5658137798309317 15.073902025818823 6.9937843903899219 4.6324432268738747 10.261459749191998 1.1875569447875012 3.6560710966587058 8.2777450904250127 18.200778480619192 5.0777728408575049 3.7401400953531274
leaf_count=148 299 71 37 30 25 22 43 102 64 53 65 34 28 19 26 80 37 28 24 18 76 37 27 56 15 58 142 194 23 18
internal_value=-0.00165297 -0.00886053 -0.00522481 0.00139117 -0.00102413 -0.0209057 -0.0162541 -0.0354218 0.0296458 0.00605991 -0.015377 0.032902 -0.0267672 0.0127434 0.0296359 0.00699035 0.0816218 0.00292721 0.00787757 0.00150721 0.0139246 0.00535899 -0.0487482 0.0325598 -0.0521152 -0.0608022 -0.0424414 -0.0344061 0.0209026 0.0152495
internal_weight=225.345 188.563 179.474 155.526 150.35 33.9923 29.9239 14.6234 36.7818 116.357 24.5635 8.80583 9.79701 91.7937 38.5081 26.8235 11.6845 53.2856 49.5153 44.7641 35.895 32.3291 8.86912 17.2552 15.7577 14.5701 10.914 23.9473 21.7977 15.3005
internal_count=1899 1687 1388 1157 1127 284 262 173 212 843 367 87 71 476 185 129 56 291 266 238 187 169 51 93 280 265 207 231 103 89
cat_boundaries=0 1 2 3 4 5 6
cat_threshold=169 22 2185 2 2 4
is_linear=0
shrinkage=0.1


Tree=27
num_leaves=31
num_cat=5
split_feature=6 7 0 2 3 0 5 2 2 2 3 1 2 0 0 0 0 0 1 0 0 0 1 2 2 2 2 2 2 2
split_gain=4.822 3.06619 3.03301 1.92938 2.32873 2.54982 2.66473 2.93792 2.17698 1.68313 1.53274 2.28287 1.74296 1.882 1.62502 2.36794 1.37637 2.79951 1.36064 1.30775 2.22744 1.23984 1.22523 1.48406 1.94693 1.20244 1.09424 1.91043 2.18021 0.990954
threshold=0 1 25.500000000000004 105751.86500000001 2 55.500000000000007 3 43206.560000000005 56318.030000000006 12637.335000000001 4 41.500000000000007 65263.595000000008 32.500000000000007 45.500000000000007 34.500000000000007 46.500000000000007 53.500000000000007 48.500000000000007 38.500000000000007 43.500000000000007 43.500000000000007 51.000000000000007 27914.400000000005 34598.850000000006 29386.665000000005 44056.680000000008 61032.000000000007 88121.210000000006 83770.235000000015
decision_type=1 9 2 2 9 2 1 2 2 2 9 2 2 2 2 2 2 2 2 2 2 2 2 2 2 2 2 2 2 2
left_child=2 -2 -1 4 5 6 26 -8 -6 -3 11 12 13 -11 15 -12 25 -18 -9 -5 -21 29 23 -13 -25 -15 -4 -28 -29 -10
right_child=1 9 3 19 8 -7 7 18 21 10 14 22 -14 16 -16 -17 17 -19 -20 20 -22 -23 -24 24 -26 -27 27 28 -30 -31
leaf_value=-0.089614485898879548 0.017169682543306655 -0.091980402837095354 -0.0070332161212196464 -0.092728364893811394 -0.1226124935096779 -0.084405363051922505 0.094110267918866675 -0.10881074953588417 -0.024149119836993856 0.041517569034127649 -0.074484437720763505 0.11890015524165916 -0.077732103290855642 -0.10152401496141822 -0.07149693329192848 0.028722247140598026 0.05573910202280772 -0.050063806456409891 -0.00013007761760057822 0.05361801405355901 -0.069468835253031214 0.018986236919365185 0.0011325280480942563 -0.036771802689365841 0.06476533456696798 -0.023090716516417358 0.14777579396929336 -0.0049495858206193505 0.1035684080817281 -0.11661779897213598
leaf_weight=7.4733774550259104 102.3985104598105 2.4297845736145964 2.0644016303122052 5.2232655771076661 3.4954862445592871 2.1136666014790526 1.6425957828760189 2.6365163959562778 2.954764945432542 6.7708694748580518 3.6152433659881371 2.594040401279929 3.6330368891358367 2.8878381997346896 8.4353241324424726 5.7730024289339781 5.2699875831603986 4.7593912594020367 2.045839861035347 2.2939877361059189 4.0941833406686783 3.3019957710057497 7.8762320987880221 2.7568944618105871 5.9946901611983776 6.0485336370766163 2.5419767741113883 3.8438324667513371 3.5716640949249268 1.9068892374634741
leaf_count=309 550 17 20 124 48 15 13 51 45 51 29 14 49 21 56 37 26 31 13 35 69 29 43 14 34 38 15 41 30 32
internal_value=-0.00156771 0.00676075 -0.0257183 -0.0206798 -0.00805077 0.013166 0.031583 -0.0209586 -0.030455 -0.00893535 -0.00724254 0.00384956 -0.0128933 -0.00374054 -0.0253945 -0.0110208 -0.0198979 0.00553086 -0.0613254 -0.0556145 -0.0252684 -0.028301 0.0314342 0.0524699 0.0327795 -0.0484369 0.0592262 0.0729632 0.047318 -0.0604182
internal_weight=222.448 171.243 51.2044 43.7311 32.1196 20.4605 18.3468 6.32495 11.6591 68.8449 66.4151 48.5915 29.3697 25.7366 17.8236 9.38825 18.9658 10.0294 4.68236 11.6114 6.38817 8.16365 19.2219 11.3456 8.75158 8.93637 12.0219 9.95747 7.4155 4.86165
internal_count=1899 1010 889 580 352 198 183 77 154 460 443 321 216 167 122 66 116 57 64 228 104 106 105 62 48 59 106 86 71 77
cat_boundaries=0 1 2 3 4 5
cat_threshold=3 5510 154 2 532
is_linear=0
shrinkage=0.1


Tree=28
num_leaves=31
num_cat=4
split_feature=3 0 3 2 1 0 2 2 1 1 0 7 1 2 2 0 1 2 2 2 2 0 1 2 5 0 0 0 0 2
split_gain=4.70641 5.14632 3.27278 2.12503 2.40979 3.08274 3.76419 2.13561 2.00861 2.78998 2.34231 2.13532 2.08616 1.83741 4.63455 2.90588 2.37868 1.99533 2.90872 3.43018 2.30593 1.72504 1.66412 1.66812 1.50256 1.3045 1.39429 4.38784 2.08601 1.30313
threshold=0 24.500000000000004 1 21538.500000000004 37.500000000000007 57.500000000000007 36356.030000000006 49195.090000000004 64.500000000000014 57.000000000000007 37.500000000000007 2 53.500000000000007 29386.665000000005 30654.320000000003 50.500000000000007 48.500000000000007 40617.340000000004 65263.595000000008 191446.83500000005 213624.91000000003 42.500000000000007 48.500000000000007 12637.335000000001 3 42.500000000000007 33.500000000000007 36.500000000000007 39.500000000000007 88985.940000000017
decision_type=9 2 9 2 2 2 2 2 2 2 2 9 2 2 2 2 2 2 2 2 2 2 2 2 1 2 2 2 2 2
left_child=24 -2 3 22 -5 8 -7 -8 9 11 -11 25 13 -13 -15 16 17 -16 -19 21 -21 -20 23 -3 29 26 -6 -28 -29 -1
right_child=1 2 -4 4 5 6 7 -9 -10 10 -12 12 -14 14 15 -17 -18 18 19 20 -22 -23 -24 -25 -26 -27 27 28 -30 -31
leaf_value=0.037499237066978795 -0.087386128634145674 -0.033000034671556898 -0.03859635579050167 -0.042575090638445792 0.021081734684167866 -0.036078094532088899 0.16561035718663319 0.053097770148656076 0.056292532640444017 0.0023577599630115634 -0.091992294664536942 -0.06955728281228879 0.063098207702165843 0.13388309865054843 -0.073368705275019735 -0.08735419124986421 0.053896285494764877 0.031010868056068099 -0.11392043078198177 0.14820600765496209 -0.023469174102034265 0.0021227595730348345 0.075663239204593419 0.035510281058503006 -0.001966209951958215 0.034032923767276818 -0.13423217496172002 0.062431601135365292 -0.030070201346269382 0.099873115260754874
leaf_weight=23.765459142625335 7.9288578964769831 5.294842788949615 14.933745410293339 14.55470631085336 15.268425272777678 3.4666748419404012 2.4887739419937134 5.2367476038634777 5.1845614425837985 4.3243312537670118 6.7204637415707111 7.2564842216670504 2.9703908190131179 1.9906457066535939 5.9509732462465825 5.8593346904963246 4.8322938419878474 9.9690651800483483 5.200135422870515 1.2084127571433785 2.2193570174276829 1.6997638959437606 5.7478657215833655 10.809531204402445 8.4151257798075658 19.924127094447613 2.8047699797898522 4.07428698427975 6.0699278563261032 3.8990541771054259
leaf_count=126 299 36 160 184 120 18 12 37 31 23 37 41 18 10 38 42 32 68 106 15 33 25 31 61 64 115 24 31 40 22
internal_value=-0.00142675 -0.00813464 -0.0050276 0.000451065 -0.00406989 0.000423635 0.0504955 0.0893437 -0.00451273 -0.00742245 -0.0550517 -0.00201583 -0.0150692 -0.0233591 -0.0147478 -0.0227575 -0.0105794 -0.0224496 -0.00752025 -0.0447135 0.0370525 -0.0853336 0.0294717 0.0129853 0.0274319 0.0119589 0.000610787 -0.0235269 0.0070819 0.0462903
internal_weight=220.069 183.989 176.061 161.127 139.275 124.72 11.1922 7.72552 113.528 108.343 11.0448 97.2984 49.1569 46.1865 38.93 36.9393 31.08 26.2477 20.2967 10.3277 3.42777 6.8999 21.8522 16.1044 36.0796 48.1415 28.2174 12.949 10.1442 27.6645
internal_count=1899 1687 1388 1228 1100 916 67 49 849 818 60 758 428 410 369 359 317 285 247 179 48 131 128 97 212 330 215 95 71 148
cat_boundaries=0 1 2 3 4
cat_threshold=169 278 10112 2
is_linear=0
shrinkage=0.1


Tree=29
num_leaves=31
num_cat=4
split_feature=6 2 7 2 2 1 7 0 0 0 1 0 0 0 2 3 1 2 0 0 0 0 0 2 2 0 0 1 2 0
split_gain=3.89733 2.593 2.65682 3.53874 3.52314 3.40889 2.54093 2.3489 2.17886 1.85877 2.32585 1.80712 1.91196 1.42163 1.41207 1.16929 1.75028 1.42297 1.48456 1.34193 1.95871 1.10458 2.2303 1.13516 1.0533 2.10775 2.43601 2.2625 1.55731 1.23888
threshold=0 105751.86500000001 1 82863.660000000018 92056.155000000013 48.500000000000007 2 28.500000000000004 43.500000000000007 30.500000000000004 42.500000000000007 38.500000000000007 43.500000000000007 38.500000000000007 12637.335000000001 3 41.500000000000007 65263.595000000008 32.500000000000007 45.500000000000007 34.500000000000007 46.500000000000007 53.500000000000007 29386.665000000005 59732.775000000009 52.500000000000007 42.500000000000007 44.500000000000007 50197.330000000009 47.500000000000007
decision_type=1 2 9 2 2 2 9 2 2 2 2 2 2 2 2 9 2 2 2 2 2 2 2 2 2 2 2 2 2 2
left_child=1 2 3 7 -5 -6 24 -1 13 -4 -11 -3 -13 -9 -8 16 17 18 -16 20 -17 23 -23 -20 28 26 27 -26 29 -2
right_child=6 11 9 4 5 -7 14 8 -10 10 -12 12 -14 -15 15 19 -18 -19 21 -21 -22 22 -24 -25 25 -27 -28 -29 -30 -31
leaf_value=-0.10741827875015236 0.0066109706217998753 -0.095605101681875443 -0.11341434463861806 0.17019854776108342 -0.076660417594649366 0.10487051975150237 -0.086814452892657268 -0.0015495374918638952 -0.040954757565281191 -0.081886951657642662 0.0089477088592010128 0.047337692471925985 -0.066882071624775663 0.10001661392599098 0.035577337717936301 -0.070018735748908836 0.026778260553265126 -0.072847697421182689 -0.097900888125348584 -0.066076319499586741 0.025245207301445218 0.048198449503590597 -0.046822283735992724 -0.020120607039198869 0.0058654323066398987 -0.022744932243918006 0.11707411724961572 0.10811955459957 -0.027875171217094374 0.033875969828025897
leaf_weight=2.1418081298470559 45.206703811883926 8.0699277343228442 4.0481302402913526 2.5589444581419221 1.9209763538092373 2.2415236290544271 2.2917086966335765 2.6803880203515273 4.900904543697834 5.3966688401997072 5.9014521669596434 2.3474496491253367 3.9009120501577854 2.8365272376686335 6.9191262498498025 3.4382458534091729 19.373255338519812 3.3987289108335963 2.7463963925838488 8.0490770488977414 5.7977543957531452 5.3212616741657239 4.610290203243494 5.9230956733226776 9.0750374644994789 4.6136128623038521 4.433363400399684 2.8413378931581965 8.8178576007485372 26.396733343601227
leaf_count=70 229 288 119 23 38 14 17 39 44 83 45 35 69 22 51 29 105 49 21 56 37 26 31 38 64 33 28 20 44 132
internal_value=-0.00151648 -0.0237072 -0.0137502 0.0127078 0.0778606 0.0210948 0.00594989 -0.0120416 0.00756695 -0.0334656 -0.0344404 -0.0643446 -0.0239708 0.0506708 -0.00841497 -0.00695838 0.00291494 -0.0120635 -0.00396841 -0.0229514 -0.0102183 -0.0186785 0.00408921 -0.0447605 0.0154582 0.0369468 0.0537908 0.0302469 0.0117789 0.0166623
internal_weight=218.199 48.9456 34.6273 19.2811 6.72144 4.1625 169.254 12.5596 10.4178 15.3463 11.2981 14.3183 6.24836 5.51692 67.8689 65.5772 48.2922 28.9189 25.5202 17.2851 9.236 18.601 9.93155 8.66949 101.385 20.9634 16.3497 11.9164 80.4213 71.6034
internal_count=1899 889 497 250 75 52 1010 175 105 247 128 392 104 61 460 443 321 216 167 122 66 116 57 59 550 145 112 84 405 361
cat_boundaries=0 1 2 3 4
cat_threshold=3 4995 5510 532
is_linear=0
shrinkage=0.1


Tree=30
num_leaves=31
num_cat=4
split_feature=3 4 7 4 1 2 2 0 2 2 0 0 2 0 0 0 1 2 1 2 0 0 1 0 2 2 2 1 0 0
split_gain=3.54745 3.58298 3.22182 2.92389 2.88161 2.68776 2.62376 2.36118 2.01888 1.92834 1.8433 1.70707 1.81562 1.48995 4.42897 1.80067 1.38538 1.31286 1.56791 1.6321 1.72075 1.85658 2.297 1.39096 1.29157 2.47593 1.34165 1.25528 1.20875 1.9009
threshold=0 1 2 3 48.500000000000007 28251.555000000004 42495.06500000001 36.500000000000007 193089.31000000003 213624.91000000003 29.500000000000004 30.500000000000004 54800.880000000012 51.500000000000007 42.500000000000007 33.500000000000007 51.000000000000007 47117.580000000009 38.500000000000007 193089.31000000003 38.500000000000007 29.500000000000004 47.500000000000007 42.500000000000007 89918.320000000022 50520.56500000001 56318.030000000006 41.500000000000007 32.500000000000007 29.500000000000004
decision_type=9 9 9 9 2 2 2 2 2 2 2 2 2 2 2 2 2 2 2 2 2 2 2 2 2 2 2 2 2 2
left_child=3 2 4 10 8 -5 -4 11 24 -10 27 12 -3 14 15 -7 -6 -8 -19 20 21 22 -20 -22 25 28 -27 -1 29 -2
right_child=1 7 6 5 16 13 17 -9 9 -11 -12 -13 -14 -15 -16 -17 -18 18 19 -21 23 -23 -24 -25 -26 26 -28 -29 -30 -31
leaf_value=-0.056366816689408308 -0.052542809579064466 0.092649096563089339 -0.018083251266808584 0.044892577906094092 0.083589676992827988 -0.0087222253727094225 -0.12254091125364944 0.042536287941281857 0.12846083588544283 -0.00085329949507265829 0.042063972549118415 -0.086570523249516862 -0.063955446973701632 -0.070936746222882152 0.0443158543650021 -0.1018603475352091 0.013667095795810318 -0.092599487754480292 0.055704893269277259 -0.12594081073964253 0.072337967014487012 -0.09294812786203499 -0.11837935346119806 -0.020284964219575152 -0.069604634758359998 0.1112429300267785 0.013836814246684632 0.025289249753785444 -0.039703287379963988 0.060252207858287769
leaf_weight=3.4245892707258454 2.6308564860373762 1.6473041884601145 29.874821073375642 6.1553146466612843 5.2223748527467233 3.6095568127930182 3.0217415988445309 19.793167924508452 1.8932540230453003 2.9499621260911226 41.59875956363976 2.7800264917314053 1.3445810861885545 6.3016763702034941 7.2020393386483184 4.8850362002849579 6.1946823410689831 7.2646617908030775 2.3531631790101586 1.9074731692671765 2.222871841862796 5.760968305170536 1.1180915692821143 5.991664219647646 4.4326665233820668 1.8793651936575759 5.7113935351371765 4.1811774652451277 18.943742828443646 3.4578514695167542
leaf_count=49 32 18 194 32 33 32 22 136 17 42 235 25 32 32 40 33 39 211 64 38 19 70 23 61 120 17 68 24 119 22
internal_value=-0.00144475 -0.0107389 -0.0184115 0.0146742 0.000938669 -0.00997553 -0.0333874 0.0187793 -0.0110209 0.0496967 0.0280809 -0.030153 0.0222696 -0.0298628 -0.013373 -0.0622837 0.045651 -0.0600766 -0.0529858 -0.0381167 -0.0285148 -0.0581385 -0.000367663 0.00477901 -0.0189567 -0.012075 0.0379532 -0.0114774 -0.0272454 0.0115149
internal_weight=215.755 138.397 112.832 77.3581 53.3161 28.1536 59.5155 25.5651 41.8991 4.84322 49.2045 5.77191 2.99189 21.9983 15.6966 8.49459 11.4171 29.6406 26.6189 19.3542 17.4468 9.23222 3.47125 8.21454 37.0559 32.6232 7.59076 7.60577 25.0325 6.08871
internal_count=1899 1422 1211 477 509 169 702 211 437 59 308 75 50 137 105 65 72 508 486 275 237 157 87 80 378 258 85 73 173 54
cat_boundaries=0 1 2 3 4
cat_threshold=170 17 4898 16
is_linear=0
shrinkage=0.1


Tree=31
num_leaves=31
num_cat=3
split_feature=3 0 6 2 7 0 0 1 1 2 2 0 2 0 0 2 2 0 1 0 1 0 0 2 2 0 0 2 2 0
split_gain=3.58504 3.98351 2.17592 2.20814 1.85844 1.72809 2.82172 1.75818 1.80384 1.72336 1.75962 1.74192 1.29377 1.38598 1.22381 1.52692 2.62018 1.6701 1.27282 3.08019 1.53572 4.38593 1.21024 2.34879 2.70222 1.12082 2.32801 1.63894 1.02241 0.993358
threshold=0 24.500000000000004 1 89918.320000000022 2 57.500000000000007 60.500000000000007 48.500000000000007 44.500000000000007 84329.035000000018 79476.60000000002 38.500000000000007 47117.580000000009 46.500000000000007 32.500000000000007 52477.80000000001 164562.62000000002 46.500000000000007 51.000000000000007 40.500000000000007 42.500000000000007 41.500000000000007 51.500000000000007 22429.340000000004 38753.285000000011 45.500000000000007 50.500000000000007 29386.665000000005 59732.775000000009 31.500000000000004
decision_type=9 2 1 2 9 2 2 2 2 2 2 2 2 2 2 2 2 2 2 2 2 2 2 2 2 2 2 2 2 2
left_child=22 -2 4 9 5 7 -7 8 25 10 11 28 -13 -14 -6 18 17 -17 20 -20 -16 -22 23 -1 -25 27 -27 -3 -4 -30
right_child=1 2 3 -5 14 6 -8 -9 -10 -11 -12 12 13 -15 15 16 -18 -19 19 -21 21 -23 -24 24 -26 26 -28 -29 29 -31
leaf_value=-0.04213212771744064 -0.083591260767028247 -0.051600211558849834 -0.077040427106773501 -0.062519046646349483 0.015621118528151214 0.12500776542698633 -0.00053107224672627911 0.046178255159646138 -0.053088086609511725 0.082132059435421637 -0.10913912751693047 0.05579957325292631 -0.054125923967234812 0.04550633912030972 -0.02514759587294764 -0.0012427959772996356 -0.055592134774547886 0.08406489455189109 0.0083056956226585481 -0.097690186585558586 -0.061698705124941834 0.053119224390671654 0.00011531890327196005 0.11270430510768857 0.03312592616544361 0.099495408966172746 -0.0096889824590841583 0.017451644987769299 -0.059644905781789818 0.049616085324855674
leaf_weight=2.9430987462401417 6.6638809852302066 5.0707893222570481 4.4334828872233727 13.271956776268778 18.359199810773134 3.7229626663029185 3.4492140673100948 10.589306883513926 5.4818166121840468 1.8259966745972622 1.9683884037658561 4.7117794789373857 3.5235760230571032 2.3126004878431559 32.613039538264275 4.1604810990393144 3.5127871446311465 5.1179660744965076 4.9292993471026403 6.1771750822663307 5.0644537881016722 9.6971210315823537 9.4175213575363141 5.6642058230936554 17.29941676184535 3.6752553954720488 4.166889501735568 10.669819038361309 1.6256216187030079 1.7046527620404957
leaf_count=18 299 25 68 311 118 19 23 55 27 23 42 37 37 25 202 26 26 34 24 31 26 49 48 33 113 22 22 56 34 26
internal_value=-0.00136405 -0.00732199 -0.00479033 -0.0236041 0.00169304 0.0160383 0.0646341 0.0112934 -0.00141646 -0.0109182 -0.0192963 -0.00963879 0.0168219 -0.0146464 -0.00665889 -0.0133323 0.0179644 0.0458127 -0.0201777 -0.0506469 -0.0130345 0.0137271 0.0240164 0.0419752 0.0527547 0.0105946 0.0414808 -0.0047932 -0.0455887 -0.00371797
internal_weight=213.824 178.5 171.836 35.3781 136.458 46.8261 7.17218 39.6539 29.0646 22.1061 20.2801 18.3117 10.548 5.83618 89.6315 71.2723 12.7912 9.27845 58.4811 11.1065 47.3746 14.7616 35.3242 25.9067 22.9636 23.5828 7.84214 15.7406 7.76376 3.33027
internal_count=1899 1687 1388 603 785 249 42 207 152 292 269 227 99 62 536 418 86 60 332 55 277 75 212 164 146 125 44 81 128 60
cat_boundaries=0 1 2 3
cat_threshold=169 36 4358
is_linear=0
shrinkage=0.1


Tree=32
num_leaves=31
num_cat=4
split_feature=3 7 6 2 0 0 0 1 2 4 1 0 2 2 2 0 2 2 0 0 0 2 0 0 2 2 2 1 0 2
split_gain=2.93972 2.67602 2.64551 2.39007 2.31438 4.05798 2.58644 2.50414 2.60334 2.25535 2.3236 2.01041 1.93181 1.91593 2.57572 1.88305 3.25915 2.72803 1.43283 1.87167 1.67035 2.92815 2.28346 2.18926 2.31459 1.57673 1.43567 1.3713 1.15924 1.02702
threshold=0 1 2 100125.67000000001 53.500000000000007 48.500000000000007 60.500000000000007 48.500000000000007 30654.320000000003 3 38.500000000000007 45.500000000000007 17932.775000000005 26098.345000000005 28251.555000000004 47.500000000000007 28251.555000000004 37219.750000000007 54.500000000000007 45.500000000000007 36.500000000000007 61032.000000000007 40.500000000000007 28.500000000000004 84329.035000000018 100787.93000000001 54296.495000000003 44.500000000000007 30.500000000000004 28251.555000000004
decision_type=9 9 1 2 2 2 2 2 2 9 2 2 2 2 2 2 2 2 2 2 2 2 2 2 2 2 2 2 2 2
left_child=1 4 3 12 5 7 -6 8 -1 10 -3 -10 -2 27 -15 -11 -17 -18 19 20 21 28 -22 25 -25 -23 -24 -12 -16 -14
right_child=2 9 -4 -5 6 -7 -8 -9 11 15 13 -13 29 14 18 16 17 -19 -20 -21 22 23 26 24 -26 -27 -28 -29 -30 -31
leaf_value=0.027870093789947703 0.033599332420751957 -0.029861243286652808 -0.048874595962866668 0.066082804472450241 0.089952736659501237 -0.14983369890460793 -0.035631554945481619 0.041750943436473467 -0.074336562366782225 -0.024595962932973562 -0.033633582584876767 0.04122468441647742 -0.051082110999235625 0.13143414144943694 -0.045719858647465139 0.1038561835942091 -0.084968753859540613 0.022690329034858642 0.082714581068814602 -0.010131449956248751 0.11022187748273055 0.17878130200744591 0.064032721501037823 0.090713229251014896 -0.042216556919415033 0.054654062371096448 -0.01715060661053134 0.030334866240591479 0.016709397843278961 -0.011746792564191177
leaf_weight=4.5135327018797495 8.0596091821789724 6.680136911571025 11.809379634447394 4.3882467225193968 3.5611266009509555 2.7170252706855527 3.0398634094744921 5.033199666067957 11.920518200844525 24.090308252722025 6.7713207229971868 1.723025508224963 8.4275901056826097 2.9286270961165419 5.3920945776626485 3.5710742995142963 3.1488361731171599 9.3206818029284459 5.6270607057958832 9.5671938303858024 6.4050123114138833 2.0945697305724007 5.5878840386867505 2.4837853200733662 2.7714641876518726 2.0009679524227977 3.5699976030737162 6.6348769143223763 6.6335803046822548 31.251366816461086
leaf_count=36 39 82 427 27 30 22 23 41 206 163 42 17 56 16 37 19 17 52 33 57 40 27 31 21 28 34 26 39 38 173
internal_value=-0.0012668 0.00655647 -0.0176198 -0.00381184 -0.0158616 -0.0342092 0.0321191 -0.0206624 -0.0379635 0.0136397 0.0233297 -0.0597425 -0.0110352 0.0319266 0.0401808 -0.00553969 0.0196261 -0.00449603 0.0350546 0.029288 0.0394975 0.0213533 0.0644194 0.0633253 0.02061 0.118136 0.0323852 -0.00197488 -0.0112827 -0.0201014
internal_weight=211.724 147.788 63.9362 52.1268 32.5083 25.9073 6.60099 23.1903 18.1571 115.279 75.1486 13.6435 47.7386 68.4684 55.0622 40.1309 16.0406 12.4695 52.1336 46.5065 36.9394 21.3765 15.5629 9.35079 5.25525 4.09554 9.15788 13.4062 12.0257 39.679
internal_count=1899 1177 722 295 375 322 53 300 259 802 551 223 268 469 388 251 88 69 372 339 282 185 97 110 49 61 57 81 75 229
cat_boundaries=0 1 2 3 4
cat_threshold=187 6186 4 16
is_linear=0
shrinkage=0.1


Tree=33
num_leaves=31
num_cat=4
split_feature=6 0 2 3 7 2 2 2 0 2 1 0 1 2 1 0 1 0 0 0 0 0 0 1 2 0 1 2 3 0
split_gain=2.69072 1.95562 1.54053 2.32513 2.21274 1.91138 2.28882 2.22524 1.35622 1.32256 2.98153 3.62181 1.91853 1.63272 1.49331 1.83988 1.30328 1.29633 1.32297 2.1445 1.23029 1.21773 2.24495 3.07581 2.03827 1.87681 1.2023 1.02633 1.83796 2.04
threshold=0 25.500000000000004 59732.775000000009 1 2 20435.400000000005 30039.515000000003 50197.330000000009 48.500000000000007 37648.215000000004 53.500000000000007 43.500000000000007 41.500000000000007 33632.600000000006 42.500000000000007 51.500000000000007 44.500000000000007 32.500000000000007 44.500000000000007 54.500000000000007 39.500000000000007 50.500000000000007 42.500000000000007 44.500000000000007 132659.61000000002 39.500000000000007 48.500000000000007 105751.86500000001 3 55.500000000000007
decision_type=1 2 2 9 9 2 2 2 2 2 2 2 2 2 2 2 2 2 2 2 2 2 2 2 2 2 2 2 9 2
left_child=1 -1 3 -2 5 -5 -7 8 26 12 11 16 13 17 15 -13 -11 -6 20 -20 -19 22 23 25 -23 -4 -8 28 29 -3
right_child=2 27 21 4 9 6 7 -9 -10 10 -12 14 -14 -15 -16 -17 -18 18 19 -21 -22 24 -24 -25 -26 -27 -28 -29 -30 -31
leaf_value=-0.083021518034214564 0.025040742010969171 0.027647253978330268 0.016739582927127572 0.065576736715286063 0.022114416647691072 -0.039476404606972854 0.033815182397309899 -0.03855331963711716 0.0023524829422536279 -0.034205104781932151 -0.10303649534012681 -0.05770876539455623 0.014197987964402232 0.025330043056904384 0.073525818452657071 0.041951301734214373 -0.10649322441416587 -0.037011802896936175 0.014022310708455017 -0.078730525392078851 -0.12317039281405527 0.03216873366170641 0.095676475694141006 0.097189088484698649 -0.074486769326430363 -0.076200685547773567 0.099598994655719308 -0.045656348496659532 -0.028492082517047296 -0.079143661142856994
leaf_weight=5.1493853433057657 21.053384132683277 17.720014476217333 9.417724068276593 6.2122358139604321 2.9416683912277284 8.5648433268070203 8.5197349749505573 5.1469302698969832 7.852088749408721 7.1055503673851543 5.180639185011386 3.4583079107105714 22.281693525612354 4.907184734940528 3.6819608360528946 3.9893758334219456 3.842895470559597 3.0179808251559761 5.6352021060883981 4.4699998274445534 3.676058903336525 4.7243435718119136 5.1683874800801268 3.9085499811917535 2.8866502474993467 2.824371255002915 4.1226745918393126 9.8426370434463006 10.783016214147212 1.9896518662571896
leaf_count=309 127 183 87 35 23 45 49 27 40 50 27 18 116 25 17 26 21 25 31 28 20 36 38 29 26 23 21 228 154 15
internal_value=-0.00141135 -0.0204849 0.00481189 0.000636582 -0.00554737 0.0116628 0.00528096 0.020231 0.0349939 -0.0151952 -0.0347624 -0.0187419 -0.00706762 -0.0262916 0.0214296 -0.00432553 -0.0595782 -0.0391236 -0.0498469 -0.0270066 -0.0843261 0.0260543 0.0383128 0.0199557 -0.0082829 -0.00470265 0.0552672 -0.0175799 -0.00851713 0.0111897
internal_weight=210.075 45.4847 164.59 135.66 114.607 40.4185 34.2063 25.6414 20.4945 74.1885 27.2587 22.0781 46.9298 24.6481 11.1296 7.44768 10.9484 19.7409 16.7992 10.1052 6.69404 28.93 21.319 16.1506 7.61099 12.2421 12.6424 40.3353 30.4927 19.7097
internal_count=1899 889 1010 771 644 217 182 137 110 427 159 132 268 152 61 44 71 127 104 59 45 239 177 139 62 110 70 580 352 198
cat_boundaries=0 1 2 3 4
cat_threshold=3 928 294 154
is_linear=0
shrinkage=0.1


Tree=34
num_leaves=31
num_cat=6
split_feature=3 4 2 0 0 2 2 2 2 7 0 2 0 2 0 4 1 3 5 2 0 2 1 2 0 0 0 1 0 2
split_gain=2.52904 2.36046 7.68539 2.47312 2.2015 2.18394 2.26605 2.9606 2.35496 2.15437 2.73418 1.92121 1.80092 1.78657 2.69455 1.64645 2.44305 2.36116 2.56826 2.03412 1.64058 1.57056 1.53945 1.38175 1.39767 1.3226 2.46555 1.90863 2.41929 1.99283
threshold=0 1 31680.205000000005 46.500000000000007 60.500000000000007 34750.085000000006 38753.285000000011 40403.080000000009 44056.680000000008 2 52.500000000000007 21538.500000000004 48.500000000000007 30654.320000000003 42.500000000000007 3 38.500000000000007 4 5 199879.12000000002 57.500000000000007 32982.095000000008 51.000000000000007 48830.025000000001 24.500000000000004 45.500000000000007 54.500000000000007 57.000000000000007 30.500000000000004 73780.295000000013
decision_type=9 9 2 2 2 2 2 2 2 9 2 2 2 2 2 9 2 9 1 2 2 2 2 2 2 2 2 2 2 2
left_child=9 4 3 -3 5 11 -7 -8 -9 10 12 -2 13 -1 -15 16 19 18 -17 -11 23 -12 -4 -10 -25 27 -27 28 -18 -30
right_child=1 2 22 -5 -6 6 7 8 20 15 21 -13 -14 14 -16 17 25 -19 -20 -21 -22 -23 -24 24 -26 26 -28 -29 29 -31
leaf_value=0.019005583885841906 -0.01420624060998292 0.035314667439432262 -0.059186232588446845 0.15059924970369939 -0.13170470401041481 0.067201812115052065 -0.14278373451765811 0.066848757727770408 -0.13211074087187072 -0.052449563116976808 -0.013676398351781867 -0.084578556714024714 -0.13443426803832548 -0.070614918706409888 0.032215339525808052 -0.068109675475669249 -0.0045789810210914456 0.013285204446233063 0.020119136627239576 0.065235038213632954 0.1031440119431528 0.090035303072980258 0.0394388503988801 -0.10369535928789156 -0.013662803144462627 -0.019620549839999082 0.050501373496446691 0.098800293958621957 0.035901509199766632 0.10535994983962649
leaf_weight=5.5924960775300958 6.2821802487596896 3.550097297877076 7.7672280836850387 3.9105602279305458 2.1902197506278744 3.2290698569268015 1.8720208369195486 3.2452117409557131 1.2878162581473649 6.7942929929122311 2.8507265821099272 10.143278761766849 1.7634236551821221 11.317114220000802 3.2888005673885337 11.541043512523174 12.62272290792316 25.968702255748212 4.6200085598975429 1.8737630266696212 0.94083602726459403 2.9933863934129477 1.9876861982047556 1.9604151174426103 14.314394398592411 12.502586062997581 8.3718474246561509 4.7600400000810614 23.930372059345249 4.9924058644101015
leaf_count=44 38 21 89 21 21 20 11 19 16 93 14 82 15 176 26 67 132 171 35 17 8 28 14 145 217 78 52 27 146 56
internal_value=-0.00132238 -0.0166198 0.0122348 0.095742 -0.0277817 -0.0289417 -0.011371 -0.0221124 -0.0117255 0.00598442 -0.0156975 -0.0576635 -0.0375189 -0.0290577 -0.0474607 0.0119219 0.0202799 -0.00412921 -0.0264938 -0.0270098 -0.0255062 0.0394453 -0.0390901 -0.0323981 -0.0245079 0.0294003 0.00850237 0.0388211 0.031949 0.0478908
internal_weight=208.465 62.681 17.2156 7.46066 45.4654 43.2752 26.8498 23.6207 21.7487 145.784 27.8059 16.4255 21.9618 20.1984 14.6059 117.978 75.848 42.1298 16.1611 8.66806 18.5035 5.84411 9.75491 17.5626 16.2748 67.18 20.8744 46.3055 41.5455 28.9228
internal_count=1899 722 145 42 577 556 436 416 405 1177 303 120 261 246 202 874 601 273 102 110 386 42 103 378 362 491 130 361 334 202
cat_boundaries=0 1 2 3 4 5 6
cat_threshold=187 16 14376 16 3 2
is_linear=0
shrinkage=0.1


Tree=35
num_leaves=31
num_cat=3
split_feature=3 0 3 1 1 7 1 0 1 2 0 2 2 2 0 2 2 2 2 1 2 0 2 2 0 0 1 0 0 0
split_gain=2.46722 2.9996 1.90985 2.1049 1.31232 1.23936 4.13863 1.50296 4.15697 1.30014 1.20332 2.00837 2.25338 1.18708 1.05992 0.863044 1.04288 1.05768 0.800728 1.58667 1.47292 0.828917 2.06465 1.81673 0.753282 2.31329 2.91359 1.94293 1.87861 1.68834
threshold=0 24.500000000000004 1 38.500000000000007 64.500000000000014 2 57.000000000000007 52.500000000000007 43.500000000000007 36865.170000000006 51.500000000000007 22429.340000000004 38753.285000000011 56318.030000000006 48.500000000000007 187263.57500000004 100787.93000000001 62897.960000000006 91074.435000000012 36.500000000000007 69785.455000000016 36.500000000000007 39113.875000000007 35699.980000000003 48.500000000000007 45.500000000000007 38.500000000000007 57.500000000000007 41.500000000000007 60.500000000000007
decision_type=9 2 9 2 2 9 2 2 2 2 2 2 2 2 2 2 2 2 2 2 2 2 2 2 2 2 2 2 2 2
left_child=10 -2 4 -4 5 6 7 14 9 -9 11 -1 -13 -5 18 16 17 -14 20 -20 21 23 -23 -3 25 26 28 -26 -7 -29
right_child=1 2 3 13 -6 24 -8 8 -10 -11 -12 12 15 -15 -16 -17 -18 -19 19 -21 -22 22 -24 -25 27 -27 -28 29 -30 -31
leaf_value=-0.040922803878241737 -0.079230140763475898 0.016417999285850512 0.044400176900020544 -0.039597718605561216 0.050312931947621244 -0.10692131347431766 -0.10495938736627189 -0.062706736596524468 0.13509080514607069 0.025176474001373229 -0.0048495279969925018 0.10490982127435092 0.0056892984067889374 -0.10139184942796874 -0.079417018605740741 0.075878487489722937 -0.037597089519230173 0.068468187945081457 0.027961973456270852 -0.10109495722862064 0.071049534030664205 -0.027196462116879684 0.070722267139195785 -0.081448876936753248 -0.029454724769536901 0.061286875292067257 0.010597227087178042 0.067920801284891294 0.025263248766517699 -0.0094481714558814298
leaf_weight=2.8989984728395966 5.5016858633607617 3.4233366996050014 2.4175004288554218 11.973083466291429 5.1326354816555968 3.6253207596018902 4.774380534887313 2.9594196751713735 2.6325649432837963 3.9040743429213762 9.2554208263754827 5.2369271758943823 6.3232014700770396 4.1990123949944964 2.5511345574632278 3.2820591889321795 2.6462435610592356 4.66248469799757 1.5359443435445417 2.5083844168111682 2.3506197966635218 6.2932201344519836 3.2734134867787361 4.2535961614921689 17.424383215606216 8.0400946177542192 60.680252853780985 4.9067587032914144 1.5284668840467928 6.6336701475083828
leaf_count=18 299 29 38 89 31 69 28 18 14 36 48 33 39 72 21 21 20 33 31 54 33 38 23 46 113 58 464 29 8 46
internal_value=-0.00118108 -0.00621795 -0.00418521 -0.0277204 0.00059013 -0.00114964 -0.0140486 -0.00582238 0.0282592 -0.0127172 0.0201023 0.0373464 0.0475898 -0.0556423 -0.0181799 0.0298423 0.0187586 0.0323336 -0.0115711 -0.0520821 -0.00320942 -0.0133323 0.00630837 -0.0378076 0.00482235 0.0106503 0.00446627 -0.00837691 -0.0677191 0.0234476
internal_weight=206.828 172.523 167.021 18.5896 148.432 143.299 40.4601 35.6857 9.49606 6.86349 34.3053 25.0499 22.1509 16.1721 26.1896 16.914 13.6319 10.9857 23.6385 4.04433 19.5942 17.2436 9.56663 7.67693 102.839 73.8741 65.834 28.9648 5.15379 11.5404
internal_count=1899 1687 1388 199 1189 1158 371 343 68 54 212 164 146 161 275 113 92 72 254 85 169 136 61 75 787 599 541 188 77 75
cat_boundaries=0 1 2 3
cat_threshold=169 1046 10377
is_linear=0
shrinkage=0.1


Tree=36
num_leaves=31
num_cat=6
split_feature=6 1 2 2 7 3 2 3 2 2 0 0 5 0 2 1 2 0 2 0 0 1 0 1 1 2 3 2 2 2
split_gain=2.33475 1.64141 1.88716 1.61977 1.2995 2.3621 2.22152 2.16532 3.41578 2.04274 2.08709 2.6487 1.57847 1.38304 3.62985 3.42586 4.12725 2.51614 1.27194 1.39257 1.27087 1.25845 1.23248 1.1168 1.04387 2.00118 0.994625 3.95835 3.7723 2.20215
threshold=0 35.500000000000007 246932.65500000003 219850.91000000003 1 2 13304.090000000002 3 59732.775000000009 30949.395000000004 36.500000000000007 49.500000000000007 4 47.500000000000007 28251.555000000004 41.500000000000007 27469.245000000006 33.500000000000007 48439.730000000003 42.500000000000007 31.500000000000004 53.500000000000007 39.500000000000007 41.500000000000007 41.500000000000007 27469.245000000006 5 44056.680000000008 50520.56500000001 25204.395000000004
decision_type=1 2 2 2 9 9 2 9 2 2 2 2 1 2 2 2 2 2 2 2 2 2 2 2 2 2 9 2 2 2
left_child=1 2 -1 26 7 6 -6 9 13 -2 -11 -12 -7 15 -15 16 -9 -17 -8 20 -20 -19 -22 -16 25 -14 27 -3 -29 -28
right_child=4 3 -4 -5 5 12 18 8 -10 10 11 -13 24 14 23 17 -18 21 19 -21 22 -23 -24 -25 -26 -27 29 28 -30 -31
leaf_value=-0.09199508194540644 0.027051255008298816 -0.11816460308455573 0.13192299744610078 -0.11327338857268668 -0.089632276649256187 -0.097165918184591832 0.0018229812641458116 -0.10480802488784249 0.089987291777919032 -0.075582612979094355 0.042001908153003961 -0.040998257338094882 0.046762866451734254 0.10807772940902338 0.033869698177633877 0.091857300184363194 0.012399173987416315 0.032327347897809111 0.049279879935952245 0.068620451177000413 -0.074567298511221278 -0.039631512461242524 0.02519680115928092 -0.0351748969342928 -0.063766219966346321 -0.039800424281997628 0.11289044800199084 0.2018349351921821 0.018390067774972124 -0.034914838544330022
leaf_weight=4.997410098090767 10.506617430597542 1.8788156891241694 0.40703871380537737 1.6482263533398498 2.2389402575790873 3.9064755961298943 37.258501723408699 4.9622952938079852 7.8044442581012836 6.2255978174507645 6.4717433787882319 9.4721066132187826 4.0504283830523544 5.4379702359437934 5.8235280439257604 5.3472937196493175 7.6144044287502766 7.2129164561629278 4.3421271936967987 7.0934613589197388 2.4839255083352327 3.665371261537075 2.4693685676902533 3.9194093495607376 5.2737863659858695 7.8399316985160112 1.0555436760187138 1.2576223323121656 10.316534351557491 22.38600530102849
leaf_count=242 54 31 14 48 18 33 227 24 52 36 37 49 27 31 32 26 40 44 40 58 32 19 19 21 32 59 11 10 195 338
internal_value=-0.00110617 -0.0191602 -0.0751306 -0.0162832 0.00470461 -0.00452536 0.00675371 0.0127031 0.0243224 -0.00709634 -0.0264806 -0.00730779 -0.0269865 0.0182006 0.0426259 0.00532674 -0.0338464 0.0356904 0.0120352 0.0352517 0.00978762 0.00808126 -0.0248318 0.00609429 -0.0267367 -0.0103128 -0.0119502 0.00944632 0.0383228 -0.019809
internal_weight=205.368 43.9472 5.40445 38.5427 161.421 76.9569 55.8863 84.4637 51.7876 32.6761 22.1694 15.9438 21.0706 43.9832 15.1809 28.8023 12.5767 16.2256 53.6474 16.3889 9.29542 10.8783 4.95329 9.74294 17.1641 11.8904 36.8945 13.453 11.5742 23.4415
internal_count=1899 889 256 633 1010 545 394 465 289 176 122 86 151 237 84 153 64 89 376 149 91 63 51 53 118 86 585 236 205 349
cat_boundaries=0 1 2 3 4 5 6
cat_threshold=3 5508 532 20 1 153
is_linear=0
shrinkage=0.1


Tree=37
num_leaves=31
num_cat=5
split_feature=6 1 3 2 2 2 2 2 0 2 3 5 2 2 7 2 1 0 1 2 2 2 2 2 2 2 0 0 0 2
split_gain=1.97396 1.91507 1.87106 1.79528 2.51541 1.70542 2.63349 1.81222 1.84172 1.50444 1.40227 2.27162 2.55641 4.54971 1.38221 1.57289 2.10674 2.12871 1.6187 1.48663 1.96649 1.48542 1.19945 1.15639 2.12857 1.12919 1.80774 1.84676 0.963745 3.86903
threshold=0 35.500000000000007 1 62897.960000000006 166828.36500000002 219850.91000000003 193089.31000000003 139034.62000000002 56.500000000000007 253672.84000000005 2 3 45388.020000000004 61032.000000000007 4 37648.215000000004 53.500000000000007 43.500000000000007 42.500000000000007 20435.400000000005 30039.515000000003 50197.330000000009 100125.67000000001 45803.650000000009 51187.615000000013 41913.87000000001 51.500000000000007 33.500000000000007 41.500000000000007 73780.295000000013
decision_type=1 2 9 2 2 2 2 2 2 2 9 1 2 2 9 2 2 2 2 2 2 2 2 2 2 2 2 2 2 2
left_child=2 9 -1 14 22 6 7 8 10 -2 28 -12 -13 -14 19 -16 17 23 -19 -4 -21 25 -5 -17 -25 26 27 -22 29 -3
right_child=1 5 3 4 -6 -7 -8 -9 -10 -11 11 12 13 -15 15 16 -18 18 -20 20 21 -23 -24 24 -26 -27 -28 -29 -30 -31
leaf_value=0.028472696270684345 -0.082254148232081978 -0.071786806454358879 0.056631259601386201 0.036621182199344342 -0.0084855161215100089 -0.11153704279756156 0.13735010428471447 -0.084852726052941738 0.056053308689510278 0.10733031817530475 -0.093369501308890226 -0.12116543737558889 0.1502471629722435 -0.028512603724206994 -0.0024583637917876076 -0.087700781078739354 -0.093497998994280018 -0.016042462316015527 0.06429773169761914 -0.038699353043357893 -0.019089289374106925 -0.025975762039529032 0.11023869520422763 0.036767111487449322 -0.076490640463935014 0.06504062667475273 -0.035916319252338492 0.076621629384636583 0.040040803175536398 0.047747139759808405
leaf_weight=18.163204599171877 6.1792137874290338 4.967108723707506 6.1887804903089991 5.6285954397171754 9.0737189427018148 1.6542793558910478 1.2103538289666165 3.1800804063677779 4.2193251661956301 0.44898618012666691 5.7631200682371784 1.9068794501945401 1.7664982732385377 7.3387825954705477 46.861142612993717 4.8055497296154552 4.7073665037751189 7.4737649187445623 3.7743183374404907 8.3875666558742505 3.2077304869890266 6.1283495351672164 3.6473789103329182 3.1266075372695923 3.5361697804182768 6.3678225427865973 4.7173912525176993 5.4263034798204899 7.44217824935913 5.9532079426571727
leaf_count=105 275 51 34 37 53 52 32 104 34 14 147 38 26 159 275 30 26 44 18 45 19 32 23 21 25 35 22 34 39 50
internal_value=-0.00103053 -0.016105 0.00489723 -8.62754e-05 0.0289494 -0.01187 -0.00810118 -0.0122399 -0.00637268 -0.0694119 -0.0138688 -0.0266284 -0.015881 0.00616824 -0.00473856 -0.0119775 -0.0326113 -0.0199942 0.0109159 0.00924107 0.00337351 0.0170262 0.0655681 -0.0503106 -0.0233428 0.0303903 0.0138643 0.041063 0.00795651 -0.00662291
internal_weight=203.252 52.03 151.222 133.059 18.3497 45.4018 43.7475 42.5372 39.3571 6.6282 35.1378 16.7753 11.0122 9.10528 114.709 74.2849 27.4238 22.7164 11.2481 40.4239 34.2352 25.8476 9.27597 11.4683 6.66278 19.7192 13.3514 8.63403 18.3625 10.9203
internal_count=1899 1021 878 773 113 732 680 648 544 289 510 370 223 185 660 439 164 138 62 221 187 142 60 76 46 110 75 53 140 101
cat_boundaries=0 1 2 3 4 5
cat_threshold=4 416 139 1 294
is_linear=0
shrinkage=0.1


Tree=38
num_leaves=31
num_cat=6
split_feature=3 5 6 2 7 2 0 2 0 0 2 2 0 5 0 0 0 7 0 0 1 2 0 0 1 0 2 1 2 2
split_gain=1.83841 2.78229 1.74683 2.62865 2.27207 2.35577 2.13078 1.91295 1.53866 1.4853 1.48544 1.66964 1.75672 1.63343 2.77879 1.92764 1.905 1.56524 2.0899 2.65952 1.69171 2.96749 1.33839 1.28195 1.2466 2.28661 1.25253 1.16974 2.88588 1.49516
threshold=0 1 2 116420.82000000002 3 104873.49500000001 31.500000000000004 25204.395000000004 66.500000000000014 57.500000000000007 59732.775000000009 55976.840000000004 56.500000000000007 4 32.500000000000007 43.500000000000007 47.500000000000007 5 33.500000000000007 38.500000000000007 44.500000000000007 25754.010000000006 30.500000000000004 32.500000000000007 42.500000000000007 41.500000000000007 78297.630000000019 44.500000000000007 82863.660000000018 74709.99500000001
decision_type=9 1 1 2 9 2 2 2 2 2 2 2 2 1 2 2 2 9 2 2 2 2 2 2 2 2 2 2 2 2
left_child=1 -1 8 4 27 7 -7 -6 9 10 11 12 17 14 -12 -16 22 18 -2 -20 21 -21 -15 -19 -9 26 -26 28 29 -4
right_child=2 -3 3 -5 5 6 -8 24 -10 -11 13 -13 -14 16 15 -17 -18 23 19 20 -22 -23 -24 -25 25 -27 -28 -29 -30 -31
leaf_value=0.052723659248025349 -0.019384551006052061 -0.044923255094450915 0.047864176710875762 -0.080194776404709178 0.056132655445601476 0.21748165851125908 -0.027816919412861199 -0.096836569975534095 -0.059827220818237575 0.031854569796249989 0.14811163444226838 -0.066983112402590292 -0.072814176545305545 -0.029934679104703071 -0.036008971691235521 0.074170312549695347 -0.076722832385751394 0.016208661205355229 0.10175996891353521 0.12294421316488868 -0.011728189051068965 0.010132839481816643 0.045112146784642614 -0.019415586332885672 -0.122802806910685 0.028151126010893701 -0.0069996515603671112 -0.0086256859543637262 0.15560928667430091 -0.067297969374130018
leaf_weight=15.580484353005886 10.754575423896311 3.5904309079051027 4.2038086066022515 7.3759373454377046 1.3810993004590297 0.61834444105625042 0.82871411275118589 7.1216607475653273 4.0212989430874577 15.743982851505278 2.3977547101676464 4.2686198092997065 3.4881101399660102 3.6158893238753063 3.0261709056794643 3.3410455640405416 2.563554842956365 12.913402702659367 4.6281396336853531 3.3864319771528262 9.9946514740586263 7.4870171956717968 6.9324679039418697 46.38690821826458 2.8841586988419294 3.0444483272731304 1.381327850744128 5.040162124671042 2.0331391170620918 1.5405079852789638
leaf_count=90 71 31 63 325 21 31 19 222 26 102 23 25 20 26 29 22 21 84 30 17 53 46 63 255 43 21 18 44 38 20
internal_value=-0.000847192 0.022631 -0.00431873 -0.0210714 -0.0135781 -0.0285708 0.0770019 -0.0563003 0.00109046 0.00290608 -0.000734655 -0.00574743 -0.00310816 0.0229369 0.0563576 0.021805 0.00059601 -0.000563526 0.013783 0.0331793 0.0179694 0.0452669 0.0193867 -0.00997571 -0.0670601 -0.0380505 -0.0853013 0.0162348 0.0532197 0.01698
internal_weight=201.574 19.1709 182.403 37.4533 30.0774 17.2598 1.44706 15.8127 144.95 140.929 125.185 103.308 99.0392 21.8769 8.76497 6.36722 13.1119 95.5511 36.2508 25.4962 20.8681 10.8734 10.5484 59.3003 14.4316 7.30993 4.26549 12.8176 7.77746 5.74432
internal_count=1899 121 1778 865 540 375 50 325 913 887 785 601 576 184 74 51 110 556 217 146 116 63 89 339 304 82 61 165 121 83
cat_boundaries=0 1 2 3 4 5 6
cat_threshold=160 2 52 4993 2 8484
is_linear=0
shrinkage=0.1


Tree=39
num_leaves=31
num_cat=4
split_feature=3 4 7 1 4 2 2 2 1 2 2 2 0 0 2 0 0 0 0 0 2 2 2 1 2 1 2 0 0 2
split_gain=1.60048 2.50015 2.37182 2.00747 1.88773 1.8796 1.73013 1.6443 1.58424 1.54667 3.83499 2.08517 1.43723 1.62188 1.37245 1.77664 1.2856 1.25989 3.20114 1.25934 1.25734 1.2476 1.28112 1.43498 1.55881 2.73314 2.45575 2.66393 1.65525 2.62799
threshold=0 1 2 48.500000000000007 3 42495.06500000001 42495.06500000001 28251.555000000004 44.500000000000007 47640.350000000006 50520.56500000001 56318.030000000006 36.500000000000007 30.500000000000004 193089.31000000003 38.500000000000007 28.500000000000004 51.500000000000007 42.500000000000007 29.500000000000004 89918.320000000022 47117.580000000009 164562.62000000002 37.500000000000007 79476.60000000002 41.500000000000007 97441.610000000015 39.500000000000007 35.500000000000007 59330.335000000006
decision_type=9 9 9 2 9 2 2 2 2 2 2 2 2 2 2 2 2 2 2 2 2 2 2 2 2 2 2 2 2 2
left_child=4 2 3 6 19 -4 -2 -6 9 -8 -11 -12 13 16 20 -16 -3 18 -9 -1 -13 -7 23 -23 28 26 -26 -28 -25 -30
right_child=1 12 5 -5 7 21 8 17 -10 10 11 14 -14 -15 15 -17 -18 -19 -20 -21 -22 22 -24 24 25 -27 27 -29 29 -31
leaf_value=-0.013122362766681217 -0.029701018990122771 -0.022470046484366953 -0.014795591567257066 0.040170542237268875 0.034274824664607538 -0.11799501864783435 0.085999431841964805 -0.054565043712273054 -0.074367750725982659 -0.15505898013490499 0.1261184845466771 0.01777899364878242 0.037728083035742592 -0.080029140492026057 -0.024290292817692384 0.10895616420423843 0.11913637124634642 -0.063906426625854856 0.039931189338055749 0.033232708107480809 -0.061684354726251014 -0.092801783432452087 -0.094766324106567879 -0.091274963163901046 0.17928676694619505 -0.10561770418452182 -0.12724514573444587 0.10906944271638375 0.046495866140700594 -0.077013972132775776
leaf_weight=6.9107810026034704 18.76385443052277 1.6734537831507652 28.363297271542251 11.238249973393975 5.7316868267953422 2.5893259737640646 3.0781091246753993 7.6060385126620549 1.910883187316357 1.3137435466051091 1.7385289072990406 4.914364403113721 18.755553733557463 2.4864672021940351 1.6623239954933513 2.5140159167349339 1.039287570863962 6.2146927118301383 6.7808358296751976 38.57049123570323 3.3476346852257848 3.3611769480630818 4.1896060188300899 4.0832991069182736 1.347426216118037 1.1140462160110471 0.86317104566842306 1.0663170693442223 3.7008132543414831 3.2231130935251713
leaf_count=73 140 44 194 72 32 22 21 65 23 8 16 63 136 25 32 22 6 32 40 235 112 149 119 55 30 32 35 18 22 26
internal_value=-0.000823899 -0.00730861 -0.0140396 0.0024258 0.0103423 -0.0274267 -0.00776512 -0.00949442 0.012333 0.0212553 0.00839011 0.0235366 0.0175185 -0.0216909 0.00919857 0.0559196 0.0317813 -0.0262803 -0.010027 0.0214688 -0.0144183 -0.0521945 -0.0447702 -0.0336044 -0.0206826 0.029693 0.0756944 0.00335233 -0.0407782 -0.0109984
internal_weight=200.153 128.338 104.383 50.4817 71.8145 53.9016 39.2435 26.3333 20.4796 18.5687 15.4906 14.1769 23.9548 5.19921 12.4383 4.17634 2.71274 20.6016 14.3869 45.4813 8.262 25.5383 22.949 18.7594 15.3982 4.39096 3.27691 1.92949 11.0072 6.92393
internal_count=1899 1422 1211 509 477 702 437 169 297 274 253 245 211 75 229 54 50 137 105 308 175 508 486 367 218 115 83 53 103 48
cat_boundaries=0 1 2 3 4
cat_threshold=170 17 4898 16
is_linear=0
shrinkage=0.1


Tree=40
num_leaves=31
num_cat=4
split_feature=3 0 3 1 0 2 2 2 1 2 2 2 7 0 1 1 0 0 0 4 2 2 0 0 0 2 2 2 2 0
split_gain=1.62206 2.29782 1.51445 1.77113 1.32879 1.13518 1.02257 1.44604 1.02021 0.971817 1.53413 0.964034 0.794924 3.83895 2.80176 2.52198 1.59664 1.24815 1.2143 1.07399 2.11257 1.24772 3.687 3.05347 1.26653 1.19727 0.983241 0.943854 0.898294 1.88204
threshold=0 24.500000000000004 1 38.500000000000007 57.500000000000007 253672.84000000005 22429.340000000004 29386.665000000005 64.500000000000014 62897.960000000006 49530.245000000003 56318.030000000006 2 51.500000000000007 43.500000000000007 55.500000000000007 48.500000000000007 46.500000000000007 55.500000000000007 3 31447.195000000003 29134.335000000003 49.500000000000007 39.500000000000007 30.500000000000004 20435.400000000005 38195.715000000004 38195.715000000004 47117.580000000009 40.500000000000007
decision_type=9 2 9 2 2 2 2 2 2 2 2 2 9 2 2 2 2 2 2 9 2 2 2 2 2 2 2 2 2 2
left_child=4 -2 5 -4 6 8 -1 -8 12 10 -9 -5 19 15 18 16 17 -14 -15 21 25 22 23 -3 27 -21 -22 -23 -28 -30
right_child=1 2 3 11 -6 -7 7 9 -10 -11 -12 -13 13 14 -16 -17 -18 -19 -20 20 26 24 -24 -25 -26 -27 28 -29 29 -31
leaf_value=-0.023758287459905533 -0.074950887427947047 -0.033950847593736122 0.041594421265454262 -0.037132572430436377 -0.027401724945272678 -0.058892233646534245 0.10536208230443218 0.032568113452700942 0.046586370048020506 0.049783272905953482 -0.046868371203382282 -0.096147550168657003 -0.015346678376559711 0.063070338401859979 0.11183066725278985 -0.095707078761630343 -0.082284591001095489 0.052477576478878622 -0.019233536810402713 -0.015779939849956688 -0.091555830992420609 -0.062673258163732273 -0.10204479965294451 0.065558474039147649 0.030664156457047662 0.064992101504064176 0.013116743843633935 0.0092732708354755066 0.023766356792297966 -0.086949435522995555
leaf_weight=3.1349666342139271 4.6023758403025559 6.1876280372962338 2.3716808613389757 11.494253531098364 4.6946194022893897 3.0927839381620279 2.7411125376820591 7.843470077961685 5.028085269033908 10.852931747213004 3.5233285129070282 3.6460400791838756 28.912342816591266 2.6441807784140092 3.7258547432720652 4.4502868410199872 3.2765597021207205 2.9942902149632564 5.566085197031498 3.4284326694905785 2.8280585408210746 2.5385012952610833 3.3948090914636841 6.1471315920352936 38.389132666401565 3.9488521963357925 3.8786712959408742 6.4729703776538372 2.3893184554763138 4.2958102077245712
leaf_count=20 299 42 38 89 25 37 17 50 31 77 23 72 310 19 20 29 28 22 47 21 15 15 21 33 321 21 19 83 24 31
internal_value=-0.000799258 -0.00497965 -0.0032898 -0.02467 0.0167396 0.000968346 0.0300734 0.0368344 0.00235499 0.0283806 0.00794545 -0.0513444 0.000713291 -0.00821397 0.0399107 -0.0247798 -0.0158083 -0.00898169 0.00727307 0.00641495 -0.0104728 0.0126432 -0.00975877 0.0156405 0.0227444 0.0274551 -0.0391867 -0.0109938 -0.0251668 -0.0473787
internal_weight=198.495 165.704 161.102 17.512 32.7904 143.59 28.0958 24.9608 140.497 22.2197 11.3668 15.1403 135.469 51.5696 11.9361 39.6335 35.1832 31.9066 8.21027 83.8993 20.7691 63.1302 15.7296 12.3348 47.4006 7.37728 13.3919 9.01147 10.5638 6.68513
internal_count=1899 1687 1388 199 212 1189 187 167 1152 150 73 161 1121 475 86 389 360 332 66 646 131 515 96 75 419 42 89 98 74 55
cat_boundaries=0 1 2 3 4
cat_threshold=169 1046 1798 28
is_linear=0
shrinkage=0.1


Tree=41
num_leaves=31
num_cat=5
split_feature=6 1 5 0 3 2 2 2 2 1 2 1 2 2 2 1 2 2 3 0 0 0 0 7 2 2 2 1 1 0
split_gain=1.48818 1.44308 1.54104 2.97641 1.50368 2.55169 2.07933 2.15707 2.3681 1.83253 3.00074 1.99359 3.1624 2.32861 2.89577 1.59146 1.44136 1.86523 1.51621 1.42115 2.24925 1.78566 2.12386 1.16377 2.12229 1.87187 1.59279 1.47047 0.956857 0.962906
threshold=0 35.500000000000007 1 40.500000000000007 2 194682.52000000005 44056.680000000008 61032.000000000007 66758.250000000015 48.500000000000007 163126.04000000004 41.500000000000007 112964.78500000002 82863.660000000018 97441.610000000015 57.000000000000007 62897.960000000006 166828.36500000002 3 46.500000000000007 49.500000000000007 43.500000000000007 41.500000000000007 4 20435.400000000005 12637.335000000001 26510.045000000002 38.500000000000007 55.500000000000007 36.500000000000007
decision_type=1 2 1 2 9 2 2 2 2 2 2 2 2 2 2 2 2 2 9 2 2 2 2 9 2 2 2 2 2 2
left_child=16 2 3 -2 5 6 -3 -8 -9 10 11 12 13 -10 -15 19 18 -18 -1 21 -21 22 -6 24 25 -20 -26 -25 29 -28
right_child=1 4 -4 -5 15 -7 7 8 9 -11 -12 -13 -14 14 -16 -17 17 -19 23 20 -22 -23 -24 27 26 -27 28 -29 -30 -31
leaf_value=0.021169623228754649 -0.10321982274958459 -0.067077685138110271 -0.10675143470484892 0.1205921520099083 -0.040638406982620022 -0.11274034506331117 0.1346529989139435 -0.1165875422476686 -0.035080087514919138 0.10379349130260269 0.18236486954954345 -0.12386607602709719 -0.10945643175292147 0.24955787160568732 0.015025155789106596 -0.1002219769456684 0.061780453750021502 -0.0016491915118274142 -0.00069620191063562758 0.09340608300397174 -0.021385157030678031 -0.12132642515389383 0.071158919843826149 -0.0779603702523608 -0.048090163409446718 0.093051156756068079 -0.012735984824909233 -0.011965457781558143 -0.031763224031433515 0.022233706127956412
leaf_weight=19.448015172034502 1.317525271791965 1.9268154297024036 3.4304918539710334 1.0822953889146445 11.833073172718295 1.3613386279903341 2.196235505398362 1.0513360388576973 1.3333310079760834 3.1969138337299228 0.90579741913825262 1.2758363299071787 1.4108482021838424 1.0666307900100949 1.0395192373543976 2.8113788161426774 9.4815641660243291 9.0716449394822103 3.7932672388851625 2.452753843739627 5.6136640897020698 2.2135923607274881 1.9842151571065176 3.6296767592430106 6.4500930979847899 4.857144720852375 11.458029862493275 48.357642903923988 6.0071905627846709 25.173828076571226
leaf_count=122 98 35 177 14 274 44 25 15 28 32 22 21 44 14 29 27 63 55 20 19 56 30 17 34 40 28 68 280 29 139
internal_value=-0.000749906 -0.0141611 -0.063751 -0.00228284 -0.0107835 0.0115828 0.0300902 0.0439829 0.0263297 0.0410189 0.0124799 -0.0126388 0.0166185 0.0683335 0.133801 -0.0211592 0.00440462 0.0307663 0.000959301 -0.0207159 0.0135194 -0.0379424 -0.0245839 -0.00417188 0.00534557 0.0519423 -0.00177668 -0.0138995 0.00522926 0.0112956
internal_weight=197.232 49.5036 5.83031 2.39982 43.6733 16.7646 15.4033 13.4764 11.2802 10.2289 7.03196 6.12617 4.85033 3.43948 2.10615 26.9087 147.728 18.5532 129.175 24.0973 8.06642 16.0309 13.8173 109.727 57.7396 8.65041 49.0891 51.9873 42.639 36.6319
internal_count=1899 1021 289 112 732 309 265 230 205 190 158 136 115 71 43 423 878 118 760 396 75 321 291 638 324 48 276 314 236 207
cat_boundaries=0 1 2 3 4 5
cat_threshold=4 2 153 928 3366
is_linear=0
shrinkage=0.1


Tree=42
num_leaves=31
num_cat=6
split_feature=7 3 2 0 2 1 1 0 1 2 2 2 2 2 7 2 2 1 2 2 2 2 2 2 3 5 4 0 1 0
split_gain=1.31892 2.35096 2.64175 2.17575 1.96027 1.38714 1.3611 1.25831 2.78641 1.98618 1.49268 2.44049 1.29484 2.31061 1.29268 2.17337 3.92433 1.92457 3.25262 1.37055 1.60213 2.23503 3.76937 2.04773 1.23661 2.36238 2.09815 1.96317 1.95976 1.62934
threshold=0 1 12637.335000000001 24.500000000000004 28796.995000000006 57.000000000000007 41.500000000000007 31.500000000000004 55.500000000000007 16330.520000000002 42737.520000000004 54800.880000000012 14652.105000000001 17932.775000000005 2 39451.380000000012 79476.60000000002 57.000000000000007 21538.500000000004 85814.590000000011 38195.715000000004 45000.44000000001 60596.350000000006 34598.850000000006 3 4 5 47.500000000000007 44.500000000000007 50.500000000000007
decision_type=9 9 2 2 2 2 2 2 2 2 2 2 2 2 9 2 2 2 2 2 2 2 2 2 9 1 9 2 2 2
left_child=24 2 -2 -4 -3 6 -6 8 9 -5 -11 -12 -9 -14 15 -15 -17 18 -16 20 23 -22 -23 -20 25 28 27 -26 29 -1
right_child=1 4 3 7 5 -7 -8 12 -10 10 11 -13 13 14 17 16 -18 -19 19 -21 21 22 -24 -25 26 -27 -28 -29 -30 -31
leaf_value=0.053898428747097583 -0.12155226240212247 0.003032446657504862 -0.1030911623030463 0.16663227211376261 -0.05432310002890816 0.018026652630372956 -0.12467416733583325 0.10756581530816932 0.16237925396239328 -0.03742931306933639 0.10930606373155226 -0.019753847573215331 -0.079829923608862041 -0.080139976692326545 0.19430076302007182 0.057264506850173792 -0.10765686517764955 -0.057918516593379689 0.0070952520212248255 0.068530125238651915 -0.088479457828965977 0.06069820493003978 -0.088951543738519559 0.098072269208030693 -0.052657365014821822 -0.073447540981079959 0.022351869274978647 0.019654747987954767 -0.024057566554676557 -0.013848160972562704
leaf_weight=8.8650510502047855 1.6701150545850385 6.8021674398332861 1.7789030210115004 0.8477027490735044 12.464837180916222 2.0238374117761841 3.5286007644608608 1.1274034678935994 1.5586969908326853 4.3054969441145641 2.7296474911272526 3.1629980532452464 3.434107143431901 5.0030671916902048 1.1148392260074675 4.7082567987963557 2.0803188136778772 2.9553630203008643 7.9127941336482817 4.7928253253921858 3.1812309268861991 5.1017225757241249 2.5118014849722385 3.5994887463748455 9.284566084854303 5.0064084073528639 56.388221512082964 6.3031466826796523 15.579186635091899 5.9213108737021676
leaf_count=85 19 50 151 4 190 14 38 7 11 36 22 90 20 35 7 41 69 17 52 84 21 38 33 19 72 117 396 38 91 32
internal_value=-0.000640673 -0.00912232 0.00220643 0.00590159 -0.0304411 -0.0599742 -0.0698445 0.00912619 0.0372158 0.0195538 0.00732818 0.0400305 0.00167599 -0.000897096 0.00541233 -0.016304 0.00672533 0.0142777 0.0269003 0.0200137 0.00958964 -0.0180863 0.0113268 0.0355406 0.00658038 -0.00764112 0.013649 -0.0142652 0.000692091 0.0267688
internal_weight=195.744 88.3962 63.5768 61.9067 24.8194 18.0173 15.9934 60.1278 12.6045 11.0458 10.1981 5.89265 47.5232 46.3958 42.9617 11.7916 6.78858 31.1701 28.2147 27.0999 22.307 10.7948 7.61352 11.5123 107.348 35.372 71.9759 15.5877 30.3655 14.7864
internal_count=1899 1068 776 757 292 242 228 606 163 152 148 112 443 436 416 145 110 271 254 247 163 92 71 71 831 325 506 110 208 117
cat_boundaries=0 1 2 3 4 5 6
cat_threshold=5508 532 2088 20 2 14
is_linear=0
shrinkage=0.1


Tree=43
num_leaves=31
num_cat=4
split_feature=6 3 2 2 7 1 2 2 0 2 2 2 0 2 2 2 0 2 2 2 2 0 7 2 2 2 2 2 0 0
split_gain=1.20723 1.37588 3.10216 2.46428 2.42186 1.33736 1.30117 1.5455 1.33658 1.15191 4.79412 1.75692 3.07018 1.4913 1.03071 2.58938 2.55858 0.925542 0.917006 0.862867 0.788029 0.704662 0.680743 2.22341 1.68549 1.39919 1.0145 0.911778 2.43221 1.55015
threshold=0 1 217554.31500000003 194682.52000000005 2 44.500000000000007 62897.960000000006 166828.36500000002 66.500000000000014 105751.86500000001 179217.83000000005 88121.210000000006 28.500000000000004 61423.250000000007 91074.435000000012 56318.030000000006 46.500000000000007 58941.060000000005 100125.67000000001 64004.205000000009 27914.400000000005 44.500000000000007 3 20435.400000000005 14652.105000000001 53672.670000000006 51574.885000000009 28251.555000000004 44.500000000000007 49.500000000000007
decision_type=1 9 2 2 9 2 2 2 2 2 2 2 2 2 2 2 2 2 2 2 2 2 9 2 2 2 2 2 2 2
left_child=6 3 14 4 5 20 8 18 22 11 -11 12 -6 -14 15 -3 19 -7 -8 -17 -2 -9 23 24 -1 27 -24 28 -25 -29
right_child=1 2 -4 -5 9 17 7 21 -10 10 -12 -13 13 -15 -16 16 -18 -19 -20 -21 -22 -23 26 25 -26 -27 -28 29 -30 -31
leaf_value=0.019394705845620228 0.030295438879713935 -0.11668361100103566 0.13012423234028994 -0.10966530905747672 -0.10753098833208852 -0.066379191559162776 0.033772362158874962 0.018458073092937285 -0.054745108662654987 -0.062437376761709774 0.20634994206843893 0.09358619979194098 0.076667861726873718 0.0043250638368664491 -0.11277387364688279 0.050364223574055511 0.095779875985899585 0.016694472491986089 0.098694535240889864 -0.086737381046828751 -0.096862939913269622 -0.042338060179247697 -0.0082402394562978293 -0.077949280150974243 0.1055432033340809 -0.050738974552872573 0.03471821363661394 0.030632844135448114 0.037175210209498058 -0.015024460197908658
leaf_weight=5.2741164267063123 0.54943083040416052 3.4210112681612337 0.81198549969121891 1.9197801630944002 1.5749531174078644 2.0415558340027928 5.8778479062020796 6.1307431235909444 4.187872387468814 3.6838986766524604 0.80936712212860573 4.9071990954689673 5.8479695022106153 5.5575857572257519 4.0689331297762692 0.57424421561881933 1.6953917182981966 3.9089958984404802 3.4541635736823082 2.2883338625542819 4.3141400488093495 2.7668746709823608 63.311697840690613 3.8712362498044959 3.9885757751762867 4.4181311801075926 6.0201239436864844 22.421547539532185 3.4891092702746391 11.126328632235525
leaf_count=28 7 77 35 72 67 15 40 38 25 99 15 45 50 59 195 14 17 35 23 78 141 17 390 25 22 24 39 131 20 56
internal_value=-0.000525638 -0.0128041 -0.0332269 0.000382389 0.006862 -0.0226526 0.0040948 0.0293716 0.000817598 0.0215953 -0.014021 0.0426146 0.0233452 0.0414174 -0.0718152 -0.0509281 -0.00157489 -0.011807 0.0578027 -0.0592343 -0.082498 -0.000447581 0.00269532 0.0100126 0.0564908 0.00272348 -0.00394162 0.00849748 -0.0233755 0.0154904
internal_weight=194.313 47.9748 12.8599 35.1149 33.1951 10.8141 146.338 18.2296 128.109 22.381 4.49327 17.8877 12.9805 11.4056 12.0479 7.97898 4.55797 5.95055 9.33201 2.86258 4.86357 8.89762 123.921 54.589 9.26269 45.3264 69.3318 40.9082 7.36035 33.5479
internal_count=1899 1021 416 605 533 198 878 118 760 335 114 221 176 109 381 186 109 50 63 92 148 55 735 306 50 256 429 232 45 187
cat_boundaries=0 1 2 3 4
cat_threshold=4 1179 10276 1316
is_linear=0
shrinkage=0.1


Tree=44
num_leaves=31
num_cat=5
split_feature=3 5 6 2 7 2 0 2 2 2 0 2 1 0 0 0 1 2 2 2 0 2 7 0 0 2 1 1 2 1
split_gain=1.20215 1.72258 1.09972 1.81909 1.54069 2.18289 1.77843 1.60954 1.71944 1.43477 1.73579 1.13785 1.65299 1.27262 1.19658 1.76955 0.973281 1.19654 2.33181 1.56737 1.50478 0.859754 1.46721 1.65236 1.38148 1.57645 2.6888 2.5859 2.93347 1.00734
threshold=0 1 2 116420.82000000002 3 104873.49500000001 30.500000000000004 61032.000000000007 56318.030000000006 45388.020000000004 40.500000000000007 59732.775000000009 41.500000000000007 43.500000000000007 66.500000000000014 62.500000000000007 55.500000000000007 82863.660000000018 92056.155000000013 74709.99500000001 38.500000000000007 53672.670000000006 4 57.500000000000007 39.500000000000007 33632.600000000006 48.500000000000007 42.500000000000007 23883.185000000001 44.500000000000007
decision_type=9 1 1 2 9 2 2 2 2 2 2 2 2 2 2 2 2 2 2 2 2 2 9 2 2 2 2 2 2 2
left_child=1 -1 11 4 16 7 -7 8 9 10 -6 14 -13 -14 15 21 17 19 -19 20 -4 22 24 -24 29 27 -27 28 -26 -2
right_child=2 -3 3 -5 5 6 -8 -9 -10 -11 -12 12 13 -15 -16 -17 -18 18 -20 -21 -22 -23 23 -25 25 26 -28 -29 -30 -31
leaf_value=0.043806583323149462 0.030782836708980427 -0.036559421383586387 -0.026465999592220131 -0.072983991729830153 -0.10837178572283673 0.20115242962736396 -0.023895398487408723 -0.084098238690671512 0.094609750926051589 -0.11740163509446098 0.038087929937027643 0.0058730328823191451 0.10827026071148836 0.014990589561160415 -0.061961118317039515 0.065494529542857421 -0.046315150686605633 0.15871836093779371 0.0021479811288600856 -0.070724586913277515 0.081863949331752062 -0.039260021542939241 0.0055087460900025151 0.073164180797316167 -0.034427728952517112 0.025347159495776886 -0.076080134575319147 0.0032552876223360533 -0.14203448158108634 -0.019560796908707021
leaf_weight=14.754366837441921 8.4803435858339054 3.2555551175028095 2.1707304450683278 5.8731337725184849 1.159471377730368 0.64109154464677043 0.77640384016558528 7.4826126107946038 1.1518113035708664 1.6610973291099069 2.6787135750055313 18.643153876066211 3.269513636827468 2.6464756205677986 3.3653685823082915 3.8150349557399741 1.7265190733596689 1.885575286112726 1.9195451843552289 1.7886872943490741 3.1328576430678368 6.43132728524506 53.755736585706472 3.8698024675250045 5.963923737406736 9.2407539635896665 3.6444649323821059 5.7975615747272959 4.4042726140469313 7.4804683551192275
leaf_count=90 61 31 53 325 53 30 20 197 17 37 21 174 25 19 21 24 13 14 36 27 22 42 323 19 33 50 18 33 29 42
internal_value=-0.00053399 0.0188261 -0.0034097 -0.0172819 -0.0118045 -0.0245992 0.0778871 -0.0522825 -0.0164891 -0.0397584 -0.00615586 0.000868196 0.0204875 0.0665423 -0.00320195 -0.00145018 0.0130812 0.0344956 0.0797343 0.0102243 0.0375251 -0.0037918 -0.00156933 0.00856566 -0.0134577 -0.0294329 -0.00334061 -0.0502303 -0.0801377 0.00718792
internal_weight=192.866 18.0099 174.856 34.0483 28.1751 15.5512 1.4175 14.1337 6.65109 5.49928 3.83818 140.808 24.5591 5.91599 116.249 112.884 12.6239 10.8974 3.80512 7.09228 5.30359 109.069 102.637 57.6255 45.0118 29.051 12.8852 16.1658 10.3682 15.9608
internal_count=1899 121 1778 865 540 375 50 325 128 111 74 913 218 44 695 674 165 152 50 102 75 650 608 342 266 163 68 95 62 103
cat_boundaries=0 1 2 3 4 5
cat_threshold=160 2 52 4993 2698
is_linear=0
shrinkage=0.1


Tree=45
num_leaves=31
num_cat=5
split_feature=3 7 2 4 2 7 2 2 1 2 1 0 2 2 4 0 1 2 2 0 2 2 0 2 2 1 2 2 0 2
split_gain=1.15447 2.88243 3.70673 1.96656 2.44052 1.5298 3.27022 3.26361 1.83344 2.21047 2.0913 1.6444 1.46758 1.30718 1.34331 1.65547 1.57263 2.72127 1.96996 1.25123 2.63258 1.63666 1.16607 1.32657 1.72476 1.01639 1.06097 1.00068 0.951 1.81236
threshold=0 1 39113.875000000007 2 48439.730000000003 3 66293.295000000027 98517.260000000009 47.500000000000007 59732.775000000009 51.000000000000007 37.500000000000007 26510.045000000002 115648.01000000002 4 61.500000000000007 55.500000000000007 30316.580000000005 57611.885000000009 46.500000000000007 164562.62000000002 95920.62000000001 31.500000000000004 31447.195000000003 36865.170000000006 48.500000000000007 143316.38000000003 31447.195000000003 21.500000000000004 82336.270000000004
decision_type=9 9 2 9 2 9 2 2 2 2 2 2 2 2 9 2 2 2 2 2 2 2 2 2 2 2 2 2 2 2
left_child=1 2 12 4 27 7 -7 8 9 22 -10 -11 -1 14 -3 16 17 -16 -19 28 21 -21 -5 -24 -25 26 -9 -2 29 -8
right_child=3 13 -4 5 -6 6 19 25 10 11 -12 -13 -14 -15 15 -17 -18 18 -20 20 -22 -23 23 24 -26 -27 -28 -29 -30 -31
leaf_value=-0.037008611225243543 0.032492039555250117 0.022932595536129332 -0.088470165259864883 0.010060139972637371 0.097822788015910933 -0.01363650739785183 0.21188142827661915 -0.052728347732839048 0.084072836571024601 0.13348245576056289 -0.021812798153085594 -0.0034151006064267013 0.055694798684129625 0.060827590344381115 0.027987968046532453 0.059229831690362326 0.04000294337177606 -0.096942075076388926 -0.010179601164844751 -0.052869276344634987 -0.12449701836342908 0.11828209582691773 -0.095861560816684843 0.022659098247400374 -0.069035578498479674 0.16257121147448497 0.079181324471112438 -0.032950247290412245 -0.10919947426887411 -0.10079303820591506
leaf_weight=3.1511086672544462 5.9915783726610226 37.707390818744898 7.4812461673282087 3.8620729739777842 4.2302174349315456 51.339143732097 0.27913447096943667 0.74205587059259315 4.0408493615686885 1.3796410872600966 3.4644973985850811 2.4104621531441808 3.7280563283711672 6.8510668962262562 4.9179743826389375 3.0378536209464064 3.544362809509038 6.4404215905815345 4.4080774998292327 1.000060627236963 1.609652600251138 1.2660611523315308 4.5712863998487583 3.6536930501461011 4.6775159947574139 1.130901491269469 3.4197410689666867 3.8303103148937225 6.685486015630886 0.55192129244096577
leaf_count=19 40 260 89 37 59 393 10 40 24 27 25 28 28 63 29 15 19 38 38 20 30 27 39 19 35 9 72 25 255 87
internal_value=-0.000531245 0.0079993 -0.0234336 -0.00692346 0.0200515 -0.0123868 -0.0210382 0.00498474 -0.00710627 -0.0225524 0.0351956 0.0464172 0.0132306 0.0169156 0.0147228 -0.00648742 -0.0201851 -0.0337156 -0.0616878 -0.072861 -0.0267087 0.0427514 -0.0381449 -0.052574 -0.0288224 0.0785052 0.0556616 0.00697106 -0.0966585 0.00422786
internal_weight=191.404 81.2676 14.3604 110.136 14.0521 96.0842 62.7315 33.3527 28.06 20.5547 7.50535 3.7901 6.87916 66.9071 60.0561 22.3487 19.3108 15.7665 10.8485 11.3923 3.87577 2.26612 16.7646 12.9025 8.33121 5.2927 4.1618 9.82189 7.51654 0.831056
internal_count=1899 598 136 1301 124 1177 822 355 234 185 49 55 47 462 399 139 124 105 76 429 77 47 130 93 54 121 112 65 352 97
cat_boundaries=0 1 2 3 4 5
cat_threshold=683 6690 42 4610 16
is_linear=0
shrinkage=0.1


Tree=46
num_leaves=31
num_cat=6
split_feature=3 7 2 0 4 2 7 0 2 0 0 0 1 0 1 0 0 2 0 2 2 4 2 5 2 2 1 1 2 2
split_gain=0.983671 2.38875 3.16204 1.62864 1.4936 2.09975 1.55746 2.64841 2.5499 1.84855 2.54881 1.77146 1.38785 1.26092 1.0777 1.0546 1.35291 1.27003 1.92834 1.02261 1.0178 1.12438 1.41114 1.46319 0.983969 1.36581 0.87902 1.2371 1.48776 1.24443
threshold=0 1 39113.875000000007 24.500000000000004 2 48439.730000000003 3 32.500000000000007 59330.335000000006 31.500000000000004 35.500000000000007 28.500000000000004 57.000000000000007 43.500000000000007 44.500000000000007 46.500000000000007 56.500000000000007 40403.080000000009 38.500000000000007 16813.290000000005 115648.01000000002 4 40949.195000000007 5 20946.475000000002 29134.335000000003 57.000000000000007 41.500000000000007 73780.295000000013 28796.995000000006
decision_type=9 9 2 2 9 2 9 2 2 2 2 2 2 2 2 2 2 2 2 2 2 9 2 1 2 2 2 2 2 2
left_child=1 2 13 -2 5 -5 9 11 12 24 -11 14 15 -1 -8 17 -17 18 -9 -12 21 26 -23 -24 -6 -26 27 28 -3 -29
right_child=3 20 -4 4 6 -7 7 8 -10 10 19 -13 -14 -15 -16 16 -18 -19 -20 -21 -22 22 23 -25 25 -27 -28 29 -30 -31
leaf_value=0.050580446751514102 -0.07858648179073506 0.0026883041622289359 -0.082943965426981778 0.00665258590791141 0.10620191057091133 0.091223958185287085 -0.081443578862723423 0.02816393814217015 -0.070884387698219614 -0.078436607782924009 -0.077180281460262859 -0.12363650160444511 -0.064644407517836955 -0.035546023821999104 0.030755958296691328 0.056886874174491203 -0.0076545981986989951 0.034399475410137333 -0.077626258367239909 0.0057916441947428688 0.054185959706184977 0.017701604603031919 -0.057021203167428362 0.019138970847418044 -0.060139775848257838 0.041641603646424552 -0.01241533085724373 0.10378078278228103 0.072141084223541457 0.036589354163438684
leaf_weight=3.7851739674806577 3.0821200967766336 15.427388693206014 7.1969014834612608 9.7731269728392345 1.7952709719538678 4.1962932655587784 1.7644342971034341 2.6927088815718943 6.6432441049255422 4.4386636330746105 1.5553866606205691 4.2492125802673399 3.1014139503240576 3.0855131670832634 1.6629067035391925 6.7149834157899004 6.2901196926832199 3.3714273050427437 4.7846869751811028 33.017587374895811 6.9179899124428621 10.712818846106531 7.8810703763738275 3.7101002922281605 1.5609893724322308 8.4841697551310045 4.9591012056916943 3.8907146304845801 3.8549777967855325 9.4544247956946474
leaf_count=31 265 106 89 61 11 46 37 26 136 65 15 75 18 16 15 41 41 30 28 275 63 61 47 31 11 105 28 28 34 64
internal_value=-0.000408747 0.00746807 -0.0214048 -0.00634638 -0.00484597 0.0186829 -0.00941923 -0.0221368 -0.015392 0.00284469 -0.00709975 -0.0804938 -0.00171572 0.0119025 -0.0270056 0.00646608 0.0256704 -0.0165552 -0.0395298 0.00205886 0.0155429 0.0136745 -0.00584282 -0.0326439 0.038012 0.0258251 0.0211765 0.0327726 0.0165735 0.0561787
internal_weight=190.055 80.8762 14.0676 109.179 106.097 13.9694 92.1272 41.2751 33.5986 50.8521 39.0116 7.67655 26.9553 6.87069 3.42734 23.8539 13.0051 10.8488 7.4774 34.573 66.8086 59.8906 22.304 11.5912 11.8404 10.0452 37.5866 32.6275 19.2824 13.3451
internal_count=1899 598 136 1301 1036 107 929 447 320 482 355 127 184 47 52 166 82 84 54 290 462 399 139 78 127 116 260 232 140 92
cat_boundaries=0 1 2 3 4 5 6
cat_threshold=683 6690 42 5666 16 2
is_linear=0
shrinkage=0.1


Tree=47
num_leaves=31
num_cat=3
split_feature=3 0 3 0 2 0 0 2 2 1 1 2 7 2 2 2 2 2 0 0 1 0 1 0 0 2 2 2 2 2
split_gain=0.965117 1.53901 1.2428 1.15023 1.17021 1.16851 1.1336 1.1854 1.07101 1.00299 0.975809 0.805536 0.580022 1.57203 1.62364 2.24749 1.04828 1.11546 0.69834 0.638728 0.584561 1.77712 1.30111 2.73849 2.7978 0.93026 1.13937 1.38567 1.34321 0.762862
threshold=0 24.500000000000004 1 57.500000000000007 22429.340000000004 32.500000000000007 51.500000000000007 42737.520000000004 89918.320000000022 38.500000000000007 66.500000000000014 253672.84000000005 2 36356.030000000006 67187.835000000006 193089.31000000003 15130.985000000002 12637.335000000001 43.500000000000007 31.500000000000004 57.000000000000007 37.500000000000007 41.500000000000007 41.500000000000007 33.500000000000007 17560.060000000001 47640.350000000006 42737.520000000004 49530.245000000003 30654.320000000003
decision_type=9 2 9 2 2 2 2 2 2 2 2 2 9 2 2 2 2 2 2 2 2 2 2 2 2 2 2 2 2 2
left_child=3 -2 10 4 -1 -6 7 -7 -9 -4 11 12 13 -3 -15 18 17 -14 19 -16 22 -22 25 24 -24 -18 27 29 -28 -27
right_child=1 2 9 -5 5 6 -8 8 -10 -11 -12 -13 16 14 15 -17 20 -19 -20 -21 21 -23 23 -25 -26 26 28 -29 -30 -31
leaf_value=-0.033499946905378157 -0.069170465963072608 -0.025487831344742046 0.026147977050113177 -0.028378613280718321 -0.011580437897995583 0.09891408392951391 -0.0052241745162223512 0.012837458845353845 0.078241825445453356 -0.053110907060744054 0.049824561248254497 -0.053399237764161035 0.0037897199438060958 0.092239641561670763 -0.026205413593423044 0.10114743255939194 -0.071846622221362219 0.078532667774254786 0.013457066095513077 -0.1428030956526411 0.019989928464127504 -0.057634052475428021 0.020645666922490216 0.038283359210764548 -0.056220627053392529 0.011253054660825847 -0.11113829653467265 0.052253043547674349 -0.018943614096290449 -0.020814916544453745
leaf_weight=2.969237841665751 3.539880193071439 4.136658421717585 1.8587038842961181 4.6254809200763694 4.6857182979583767 4.5713009461760548 3.7233821377158156 6.5140209570527059 4.0667709298431873 11.323461439460514 4.0117568038403979 2.789524396415799 5.3268751474097353 4.4846894508227688 1.0646165041252973 1.7811107812449334 2.4282736219465724 3.1938977353274822 1.5057727014645932 0.84093977883458126 5.0546440705656988 7.0811276659369469 10.26095195207745 19.794144427403808 8.7931748181581479 14.4405281431973 1.7026495561003709 4.8849529689177862 21.986913618166 15.254892164841293
leaf_count=20 299 27 30 25 40 34 21 44 28 126 24 37 41 44 25 20 15 18 26 30 30 41 85 116 61 95 15 29 348 105
internal_value=-0.00040965 -0.00374138 -0.00248037 0.0133525 0.025661 0.0331166 0.0442124 0.0563606 0.0379759 -0.0238458 0.00113263 -0.000212439 0.00089463 0.0151451 0.0481648 0.0100975 -0.00184916 0.0318061 -0.0374412 -0.0776611 -0.00458246 -0.0253031 -0.0020564 0.0122341 -0.0148269 -0.0112026 -0.00867543 0.0028983 -0.02557 -0.00522065
internal_weight=188.696 157.54 154 31.1559 26.5304 23.5612 18.8755 15.1521 10.5808 13.1822 140.818 136.806 134.017 13.8138 9.67713 5.19244 120.203 8.52077 3.41133 1.90556 111.682 12.1358 99.5465 38.8483 19.0541 60.6982 58.2699 34.5804 23.6896 29.6954
internal_count=1899 1687 1388 212 187 167 127 106 72 156 1232 1208 1171 172 145 101 999 59 81 55 940 71 869 262 146 607 592 229 363 200
cat_boundaries=0 1 2 3
cat_threshold=169 1558 258
is_linear=0
shrinkage=0.1


Tree=48
num_leaves=31
num_cat=4
split_feature=6 1 2 2 3 2 7 2 2 2 2 2 2 1 0 0 0 0 2 5 0 2 0 1 0 0 2 0 2 0
split_gain=0.97605 0.882851 1.62076 0.851168 0.921671 1.05243 1.09907 1.22321 1.35233 1.15561 0.835999 0.891536 0.834459 0.811901 1.24318 0.739016 2.81815 1.49938 1.12931 0.838906 2.08043 0.703718 1.55251 1.91678 0.922659 1.88071 0.922343 0.66001 0.628839 1.49145
threshold=0 38.500000000000007 265177.82500000001 59732.775000000009 1 54800.880000000012 2 20435.400000000005 26766.650000000005 17560.060000000001 21538.500000000004 49530.245000000003 40949.195000000007 41.500000000000007 43.500000000000007 42.500000000000007 51.500000000000007 39.500000000000007 91074.435000000012 3 30.500000000000004 36356.030000000006 53.500000000000007 53.500000000000007 44.500000000000007 39.500000000000007 31960.595000000005 57.500000000000007 105751.86500000001 29.500000000000004
decision_type=1 2 2 2 9 2 9 2 2 2 2 2 2 2 2 2 2 2 2 1 2 2 2 2 2 2 2 2 2 2
left_child=1 2 -1 4 -2 6 7 -6 -9 -8 -11 12 21 15 -15 17 -17 19 -18 -5 -21 22 23 24 25 26 -12 -10 -3 -30
right_child=3 28 -4 13 5 -7 9 8 27 10 11 -13 -14 14 -16 16 18 -19 -20 20 -22 -23 -24 -25 -26 -27 -28 -29 29 -31
leaf_value=-0.076458752395466553 0.016203819139089023 -0.0035799286674802408 0.15013135819868934 0.056350024614636 0.048242777399982645 -0.048574558846002792 -0.049352772499211994 -0.041006451842547857 0.0053233523170853926 0.03315864219865796 0.032142955819628664 0.031480804615371609 -0.042945950590085699 0.091597760655148089 0.0024096363888165221 0.095300276330360992 -0.08072717967311642 -0.073472843662734322 0.022227991874212077 -0.077047880990104289 0.04855679090456063 0.02120567028811348 -0.066824905414990934 0.060329334010677409 0.017719182315934955 -0.090513964214352843 -0.049357821700891036 0.044562228981217894 -0.11163400273708463 -0.0090351902385015087
leaf_weight=4.0278170511592171 18.787536509335041 25.730371508747339 0.34251636918634165 2.961019610054791 7.2330199331045142 5.0752976648509494 7.3501355573534957 5.818143554031848 28.567893110215664 4.7286952827125779 3.4434283114969819 4.3953116945922366 8.8718938305973989 3.4666263600811353 2.8458654601126909 3.8249246506020409 1.8822329957038162 2.5909602101892224 2.4550537625327706 2.4743605540134066 2.8233769196085632 6.4579178951680651 4.7841559015214434 3.8017157837748519 4.5142423175275317 3.9155187904834747 2.3269077409058809 5.0434134379029265 1.9518614481203247 5.1689889137633145
leaf_count=279 127 362 10 32 42 33 49 37 158 28 30 29 60 30 21 35 16 23 27 21 34 37 31 19 27 21 16 27 102 136
internal_value=-0.00038498 -0.0129866 -0.0587002 0.00337201 0.000212066 -0.00378186 -0.00191013 0.00859797 0.00350604 -0.0105371 -0.00672818 -0.011165 -0.0160827 0.0203152 0.051389 0.00999784 0.0327289 -0.00710266 -0.022451 0.0137192 -0.0101081 -0.00793297 -0.0161913 -0.00273498 -0.0196189 -0.0370208 -0.000722511 0.0112112 -0.0108583 -0.037158
internal_weight=187.661 37.2216 4.37033 150.44 125.115 106.328 101.252 46.6625 39.4295 54.5899 47.2398 42.5111 38.1158 25.3244 6.31249 19.0119 8.16221 10.8497 4.33729 8.25876 5.29774 29.2439 22.786 18.0018 14.2001 9.68585 5.77034 33.6113 32.8512 7.12085
internal_count=1899 889 289 1010 771 644 611 264 222 347 298 270 241 239 51 188 78 110 43 87 55 181 144 113 94 67 46 185 600 238
cat_boundaries=0 1 2 3 4
cat_threshold=3 928 1062 2
is_linear=0
shrinkage=0.1


Tree=49
num_leaves=31
num_cat=6
split_feature=3 1 1 0 0 0 0 2 4 2 2 1 4 2 2 2 0 2 0 2 7 2 0 1 2 2 2 7 5 0
split_gain=0.886683 1.41446 1.38275 1.79772 1.5806 2.186 1.2472 1.04366 1.53216 1.40576 1.22913 0.973586 1.20876 2.35893 2.88954 2.21238 1.91753 1.53326 1.50264 1.33727 1.26594 1.25296 1.18656 1.11781 0.892033 1.52858 1.38723 0.86351 1.31333 1.02738
threshold=0 17.500000000000004 37.500000000000007 61.500000000000007 31.500000000000004 54.500000000000007 60.500000000000007 13304.090000000002 1 9449.8650000000016 28251.555000000004 37.500000000000007 2 34750.085000000006 38753.285000000011 41420.005000000005 42.500000000000007 31680.205000000005 41.500000000000007 21974.115000000005 3 64708.420000000006 44.500000000000007 40.500000000000007 199879.12000000002 27097.545000000002 73780.295000000013 4 5 40.500000000000007
decision_type=9 2 2 2 2 2 2 2 9 2 2 2 9 2 2 2 2 2 2 2 9 2 2 2 2 2 2 9 1 2
left_child=2 -2 4 7 -1 24 11 9 27 -4 -10 22 13 16 -15 -16 19 -14 -19 -13 -17 23 -3 -22 25 -6 -27 28 29 -9
right_child=1 6 3 -5 5 -7 -8 8 10 -11 -12 12 17 14 15 20 -18 18 -20 -21 21 -23 -24 -25 -26 26 -28 -29 -30 -31
leaf_value=-0.1117292940426319 0.080459201815709508 -0.1146110983717747 0.012773935011884742 0.06363861619041225 0.085881887324877185 -0.064031425658952423 -0.075173518777334164 0.022078058251909036 0.026736164297865142 -0.086949216995940409 -0.022976891483478572 0.026213856370213368 0.069625172591962742 0.097703741019114207 -0.12149994763001411 0.018947033761120183 -0.10569607979251945 -0.07371866460939451 0.033910921434759961 -0.063820300844523545 0.017080378459121442 -0.12220629886281167 0.016681478153246953 -0.074534813208984876 0.077332742416901343 -0.092833412691509298 0.027238674678989591 0.018145286973528966 -0.08719728289542833 -0.040714409409555813
leaf_weight=1.8465864816680539 1.5665523831266899 1.8905651229433709 2.8313686712644985 5.4521365500986567 1.4971611127257327 4.949109042994678 3.3238340932875863 7.2240449830424041 6.1533633721992365 2.8229570062831044 25.936706758104265 3.0743765495717543 5.0362250935286266 2.6639818856492665 1.7336262296885241 6.6825214405544102 4.6788235977292061 2.0822155307978392 3.4404445071704686 3.5599655541591346 2.9689689613878709 1.7130192082840947 1.0824825675226746 2.4151209681294858 2.0797078344039619 1.9374931743368509 1.9114779606461523 67.842081862967461 2.0708747806493202 4.0757058160379529
leaf_count=87 35 133 22 33 9 45 29 84 37 23 197 21 28 16 10 105 30 30 31 36 26 71 21 19 18 24 38 562 49 30
internal_value=-0.000281886 -0.010752 0.00383563 0.00748898 -0.0254266 -0.0125486 -0.0161549 0.00491548 0.00700793 -0.0370135 -0.0102501 -0.0115953 -0.00749659 -0.0155494 0.00149025 -0.0150318 -0.056672 0.0152644 -0.0066688 -0.0220982 -0.00163698 -0.0198069 -0.0668077 -0.0240151 0.0217633 0.000146095 -0.0332032 0.013435 -0.00800243 -0.00057055
internal_weight=186.543 47.9127 138.631 124.409 14.2215 12.3749 46.3462 118.957 113.303 5.65433 32.0901 43.0223 40.0493 29.4904 18.1772 15.5133 11.3132 10.5589 5.52266 6.63434 13.7796 7.09711 2.97305 5.38409 7.42584 5.34613 3.84897 81.2127 13.3706 11.2998
internal_count=1899 641 1258 1037 221 134 606 1004 959 45 234 577 423 334 247 231 87 89 61 57 221 116 154 45 89 71 62 725 163 114
cat_boundaries=0 1 2 3 4 5 6
cat_threshold=443 24 16 2566 6177 2
is_linear=0
shrinkage=0.1


Tree=50
num_leaves=31
num_cat=3
split_feature=6 3 2 2 0 2 2 2 0 1 0 2 2 0 2 2 0 1 2 0 1 1 0 2 7 2 2 2 2 0
split_gain=0.863902 1.10036 1.9286 1.75644 1.43047 2.22726 2.35949 1.91737 1.93135 1.09452 1.18877 1.01799 1.17851 0.987072 0.904461 0.998689 1.06487 0.8868 0.728463 0.691678 2.85717 1.52346 1.09579 0.801048 0.815614 1.45377 1.43319 0.726791 0.771381 3.06638
threshold=0 1 194682.52000000005 36356.030000000006 53.500000000000007 177408.67500000002 112964.78500000002 91074.435000000012 41.500000000000007 57.000000000000007 26.500000000000004 62897.960000000006 166828.36500000002 66.500000000000014 61032.000000000007 82863.660000000018 38.500000000000007 48.500000000000007 100125.67000000001 36.500000000000007 57.000000000000007 55.500000000000007 43.500000000000007 13304.090000000002 2 30167.705000000005 42495.06500000001 20435.400000000005 29386.665000000005 44.500000000000007
decision_type=1 9 2 2 2 2 2 2 2 2 2 2 2 2 2 2 2 2 2 2 2 2 2 2 9 2 2 2 2 2
left_child=11 2 3 -2 5 6 7 8 14 10 -3 13 18 19 -5 16 -16 -9 -13 20 -1 23 -23 -21 25 -25 -27 -26 29 -29
right_child=1 9 -4 4 -6 -7 -8 17 -10 -11 -12 12 -14 -15 15 -17 -18 -19 -20 21 -22 22 -24 24 27 26 -28 28 -30 -31
leaf_value=-0.020752278361362505 -0.1150480900071629 -0.10179204120910064 -0.11115683846844052 0.086561623472182755 0.091760568720227323 0.1699170880408585 -0.1076232801464333 0.038561508283774637 -0.085907410405282963 -0.093039158151952267 -0.017083797824650217 0.031316968547799688 -0.00018051511674295779 -0.048478562170702427 -0.109749106153312 0.084375509137374294 0.035116048862350306 0.1433983925355955 0.091845841939169184 -0.025157248308541897 0.057112546193013751 0.014301468320468741 -0.05108781804247664 0.029751910453675902 0.065107162226998999 -0.05605773395992622 0.0099919875254636196 -0.054134066284437593 0.029836491892542883 0.047428522856103578
leaf_weight=30.966630609706044 0.90086752409116044 1.7867569059599251 1.1896284911781538 1.6615891263354514 2.9112847107462576 0.85404308675788421 1.6650826071854687 1.883997056167573 2.2246941206976771 2.4736096900887778 22.761714466847479 5.603735916316511 8.1310147847980243 3.911233637481927 1.1170451310463256 0.86193118407391001 0.92976653762161721 1.4112583510577676 3.0817650593817234 5.1420113220810881 5.5584112331271163 4.0543613880872709 6.9662163555622101 7.4497082829475429 4.1740513220429412 7.0984404794871789 6.1154559887945652 5.5945333801209909 30.362855322659016 6.3434638977050781
leaf_count=214 25 243 56 29 37 23 82 48 29 27 347 40 55 25 39 16 10 10 23 34 32 21 36 44 25 42 32 34 183 38
internal_value=-9.52923e-05 -0.0108576 0.00752204 0.0207001 0.0285793 0.0139919 0.00266375 0.0208631 -0.00949326 -0.0216324 -0.0232493 0.0038228 0.0271799 0.000957396 0.0277027 -0.00591977 -0.0439439 0.08346 0.0527937 0.00257103 -0.00890274 0.00760194 -0.0270317 0.0128825 0.0157959 -0.00375604 -0.0254896 0.0208179 0.021369 -0.000167006
internal_weight=185.187 44.6333 17.6112 16.4216 15.5207 12.6094 11.7554 10.0903 6.79503 27.0221 24.5485 140.554 16.8165 123.737 4.57033 2.90874 2.04681 3.29526 8.6855 119.826 36.525 83.3011 11.0206 72.2805 67.1385 20.6636 13.2139 46.4749 42.3009 11.938
internal_count=1899 1021 404 348 323 286 263 181 123 617 590 878 118 760 94 65 49 58 63 735 246 489 57 432 398 118 74 280 255 72
cat_boundaries=0 1 2 3
cat_threshold=4 153 552
is_linear=0
shrinkage=0.1


Tree=51
num_leaves=31
num_cat=4
split_feature=3 3 2 1 1 2 2 0 0 0 0 1 0 0 2 2 4 2 0 0 2 2 2 1 2 7 2 2 2 0
split_gain=0.772154 1.1813 2.35004 1.34416 1.11565 1.37277 1.30058 1.05649 1.41582 1.03811 0.959781 0.900725 0.877679 0.705246 1.3429 1.59037 1.00096 1.69674 1.91764 3.66726 1.16532 1.0536 1.08139 1.89798 1.94808 1.81842 1.88346 1.70627 1.54267 1.13865
threshold=0 1 30039.515000000003 34.500000000000007 20.500000000000004 40949.195000000007 115648.01000000002 57.500000000000007 60.500000000000007 45.500000000000007 57.500000000000007 42.500000000000007 31.500000000000004 56.500000000000007 6395.1350000000011 10705.280000000001 2 94744.030000000013 30.500000000000004 41.500000000000007 38195.715000000004 15130.985000000002 40403.080000000009 48.500000000000007 35699.980000000003 3 44056.680000000008 50197.330000000009 30654.320000000003 52.500000000000007
decision_type=9 9 2 2 2 2 2 2 2 2 2 2 2 2 2 2 9 2 2 2 2 2 2 2 2 9 2 2 2 2
left_child=10 3 -3 4 5 -2 -7 13 -9 11 -1 12 -4 14 -5 -16 21 18 -18 -20 -21 -17 23 -23 28 26 -24 -27 -25 -29
right_child=1 2 9 7 -6 6 -8 8 -10 -11 -12 -13 -14 -15 15 16 17 -19 19 20 -22 22 25 24 -26 27 -28 29 -30 -31
leaf_value=0.023865503108472286 0.064635850253528318 0.025894124496718369 -0.10664051630538283 0.088675143062787037 -0.075506856496897951 -0.11292335411243132 0.011493413039391078 0.06468440400471874 -0.0006643348832911963 -0.12531928397962006 -0.026177123969137829 -0.11990970761726466 0.030810658083655101 -0.044684089498375754 -0.089550766438916587 0.063387785217387846 0.060894377130364212 -0.088718581088619367 -0.07382536422410349 0.036936849493059344 -0.018178822740736341 -0.022653732460799499 0.05973762173451596 0.017382566054595715 -0.040338732161029275 0.073211245446563794 -0.050312745540834786 0.012057700216429731 0.097097233273822331 0.093063150270882397
leaf_weight=25.6716489084065 1.8026825743727366 2.594778464175759 0.66026142542250532 1.7168949702754606 4.1341457164380699 1.5005243581254037 1.9092294466681776 6.1045054048299772 7.2563361339271069 3.3714042189531028 4.5051746889948836 1.1186511428095398 1.567305023781955 3.4975940193980923 1.9678404536098231 3.2232016613706937 3.4544178838841679 2.9362235220614812 8.0005044303834456 7.7574917413294298 7.5888772448524833 26.044429169269279 1.9006585003808236 7.490388931706546 3.729085609316825 7.7759298179298559 8.5550370772834849 20.615187069168318 3.5918565317988396 1.894728804938494
leaf_count=187 16 25 45 15 134 46 54 40 46 44 25 20 24 23 17 21 37 59 59 41 45 184 13 46 20 56 177 347 18 15
internal_value=-0.000120975 -0.00315697 -0.0264892 -3.50638e-05 -0.0367128 -0.00594401 -0.0432585 0.00249978 0.0291932 -0.0861555 0.0123139 -0.0466969 -0.00993053 -0.000429784 0.000879248 -0.000414339 0.00111682 -0.0123863 -0.0086453 -0.0189344 0.0096818 0.00654018 0.00509614 -0.0063998 0.0221813 0.0166243 -0.0154914 0.0246783 0.0432188 0.0188762
internal_weight=183.937 153.76 9.3124 144.448 9.34658 5.21244 3.40975 135.101 13.3608 6.71762 30.1768 3.34622 2.22757 121.74 118.243 116.526 114.558 29.7375 26.8013 23.3469 15.3464 84.8205 81.5973 40.8558 14.8113 40.7415 10.4557 30.2858 11.0822 22.5099
internal_count=1899 1687 158 1529 250 116 100 1279 86 133 212 89 69 1193 1170 1155 1138 241 182 145 86 897 876 268 84 608 190 418 64 362
cat_boundaries=0 1 2 3 4
cat_threshold=169 1302 24 9249
is_linear=0
shrinkage=0.1


Tree=52
num_leaves=31
num_cat=5
split_feature=6 3 2 2 7 1 2 2 0 2 2 3 0 2 7 2 1 0 1 1 2 2 2 0 0 0 0 1 2 2
split_gain=0.750039 1.20376 2.34469 1.91813 1.36753 1.17265 1.01787 2.41869 1.64108 0.927061 0.955795 0.911424 0.721868 1.01385 0.667994 0.820948 3.11121 2.2316 1.23814 1.18654 1.9316 0.911791 1.60747 0.769401 0.752562 2.06947 1.01181 0.793058 3.52066 1.07477
threshold=0 1 217554.31500000003 194682.52000000005 2 44.500000000000007 91074.435000000012 56318.030000000006 46.500000000000007 62897.960000000006 166828.36500000002 3 39.500000000000007 64004.205000000009 4 37648.215000000004 53.500000000000007 43.500000000000007 44.500000000000007 41.500000000000007 17560.060000000001 51187.615000000013 45803.650000000009 49.500000000000007 57.500000000000007 48.500000000000007 33.500000000000007 44.500000000000007 32982.095000000008 30654.320000000003
decision_type=1 9 2 2 9 2 2 2 2 2 2 9 2 2 9 2 2 2 2 2 2 2 2 2 2 2 2 2 2 2
left_child=9 3 6 4 5 -2 7 -3 12 11 -11 -1 13 -9 24 19 17 21 -19 20 -16 22 -17 -21 25 26 -13 29 -29 -28
right_child=1 2 -4 -5 -6 -7 -8 8 -10 10 -12 14 -14 -15 15 16 -18 18 -20 23 -22 -23 -24 -25 -26 -27 27 28 -30 -31
leaf_value=0.016785146048853762 -0.07712827975096706 -0.11669382186789086 0.10318404123711672 -0.10953250523117897 0.018004075134669752 -0.0051167104630009171 -0.11304532744148643 0.13892870258279266 0.075057781705617221 0.049237913770845132 0.0012467773876210383 -0.014355294536000922 -0.11710870791684012 -0.054692311112233119 -0.077271278205751581 -0.059844350496122405 -0.10224185085971937 -0.00015793003679716108 0.074830596441803829 0.02780459775619545 -0.0028600653792434979 -0.089677151705698427 0.035568769574965381 -0.016238716164959612 0.045321365913339837 -0.046665907503673283 0.077172887809404622 -0.064960059799286235 0.069210116804165708 0.015030015743935452
leaf_weight=18.13982093706727 3.8230093850288522 2.9255167227238381 0.86079898010939437 1.4566875100135792 21.476693982724104 5.5357226757332683 3.44831493194215 0.36042509600520167 1.7679201858118174 8.5494091492146271 8.0645373053848726 8.2007642630487698 0.9933821978047489 1.0831940742209551 4.4000401534140137 4.5329840630292946 4.2944842949509612 6.3232453744858486 3.3780988156795502 14.438305724412205 16.839490454643965 2.7960723396390676 2.8924396820366383 5.4686746262013903 4.7046325802803031 6.8057580068707457 5.343176871538164 3.8455123193562022 3.9797687605023384 5.8087626881897449
leaf_count=122 126 84 37 66 315 49 224 11 19 63 55 54 17 73 29 29 25 40 17 79 109 23 20 31 29 38 30 23 24 38
internal_value=-0.000145902 -0.0102588 -0.0296271 0.00198541 0.00789747 -0.0166946 -0.0684402 -0.046869 0.00171073 0.00352534 0.0259426 0.000765859 -0.0514988 -0.0063514 -0.00332084 -0.00904861 -0.025041 -0.00839992 0.0259538 -0.00183519 -0.0182753 -0.0410054 -0.0226779 0.0157054 0.00622713 0.0026474 0.0149962 0.02768 0.00327599 0.0448042
internal_weight=182.538 43.7317 11.4396 32.2921 30.8354 9.35873 10.5788 7.13044 4.20492 138.806 16.6139 122.192 2.437 1.44362 104.052 65.3638 24.2173 19.9228 9.70134 41.1465 21.2395 10.2215 7.42542 19.907 38.6884 33.9837 27.178 18.9772 7.82528 11.1519
internal_count=1899 1021 465 556 490 175 428 204 120 878 118 760 101 84 638 402 154 129 57 248 138 72 49 110 236 207 169 115 47 68
cat_boundaries=0 1 2 3 4 5
cat_threshold=4 155 10276 928 2086
is_linear=0
shrinkage=0.1


Tree=53
num_leaves=31
num_cat=2
split_feature=0 7 1 1 2 1 2 2 2 0 2 2 2 2 0 3 2 2 2 2 2 2 0 0 2 1 2 1 2 2
split_gain=0.661174 0.742065 1.61812 1.36692 1.27154 1.23938 1.13625 1.9445 1.30502 1.57414 1.19534 1.17075 1.25915 1.13113 1.12331 1.00427 2.0088 1.49684 1.32556 1.24709 3.01995 1.96188 1.15606 1.8107 1.53583 1.06013 1.23445 0.95341 0.891088 1.25685
threshold=70.500000000000014 0 16.500000000000004 34.500000000000007 7774.2050000000008 24.500000000000004 95920.62000000001 139034.62000000002 34166.205000000009 39.500000000000007 36356.030000000006 72166.920000000013 62897.960000000006 191446.83500000005 60.500000000000007 1 15130.985000000002 17932.775000000005 66758.250000000015 52477.80000000001 55976.840000000004 47640.350000000006 28.500000000000004 36.500000000000007 105751.86500000001 42.500000000000007 187263.57500000004 48.500000000000007 39451.380000000012 21538.500000000004
decision_type=2 9 2 2 2 2 2 2 2 2 2 2 2 2 2 9 2 2 2 2 2 2 2 2 2 2 2 2 2 2
left_child=1 2 -1 -4 -3 14 8 -8 9 27 -10 12 -12 -9 -6 17 -17 -7 -19 21 -21 28 24 -24 -20 26 -25 -5 29 -18
right_child=-2 4 3 6 5 15 7 13 10 -11 11 -13 -14 -15 -16 16 19 18 22 20 -22 -23 23 25 -26 -27 -28 -29 -30 -31
leaf_value=0.092924650309102852 -0.054985851105384356 -0.099782957779545212 -0.068133246948167178 -0.040614994128192694 -0.023136943580368219 -0.048873042308371556 0.10238863896262052 -0.074926389817428121 -0.060370305633722976 0.044300638129786983 -0.0018892082652535464 -0.058920087536448576 0.065472361749137592 0.061231059689404392 -0.13458139177940115 0.070539810493684671 0.013737356149059177 0.024345004249329557 0.13275694618116177 0.11585024743053761 -0.0095650287558754418 -0.10037919296033902 -0.096376094093564346 -0.0061471800990638148 -0.05606978499202913 -0.058069933986837366 0.10374085195419079 0.026867107598282758 0.01398719816183072 -0.041544455995870193
leaf_weight=2.2554908709134898 2.1591711957007638 1.3846190734766413 2.348563499050214 4.6607563123106974 3.1241800931747994 4.0225575254298738 3.2803623239742583 1.3863526819041001 3.7825276758521786 14.040626332163809 22.852846594993032 3.0790561751928172 3.1584496651776126 1.0897320506628601 1.272963135037571 2.841614142060279 5.3612300008535447 35.638151883147657 1.1111185040790577 2.1457023902330574 18.25222958647646 3.3507103137671939 2.75411728909239 3.7895675173494965 0.70344105293042947 2.2994841309264302 1.3999432916752992 3.8011410068720579 6.2204547480214378 17.658784032333642
leaf_count=19 16 16 63 35 100 36 45 32 21 84 143 48 38 24 15 16 28 272 27 23 317 27 77 72 57 22 20 24 48 134
internal_value=2.0348e-05 0.000683608 0.00841058 0.00673266 -0.00417228 -0.00336242 0.00960886 0.0518936 0.00521323 0.0237679 -0.00748803 -0.000611917 0.00629024 -0.0150031 -0.0553999 -0.00123487 -0.00964392 0.00813465 0.0146481 -0.0157639 0.00362767 -0.0279005 -0.0140126 -0.0270451 0.0595554 -0.00154824 0.0234967 -0.0103016 -0.0195951 -0.0286696
internal_weight=181.226 179.067 65.7359 63.4804 113.331 111.946 61.1319 5.75645 55.3754 22.5025 32.8729 29.0904 26.0113 2.47608 4.39714 107.549 55.8307 51.7184 47.6958 52.9891 20.3979 32.5912 12.0577 10.2431 1.81456 7.48899 5.18951 8.4619 29.2405 23.02
internal_count=1899 1883 576 557 1307 1291 494 101 393 143 250 229 181 56 115 1176 593 583 547 577 340 237 275 191 84 114 92 59 210 162
cat_boundaries=0 1 2
cat_threshold=5380 696
is_linear=0
shrinkage=0.1


Tree=54
num_leaves=31
num_cat=3
split_feature=6 3 2 2 2 0 1 0 1 2 2 2 2 0 7 2 2 2 2 0 0 2 2 2 2 2 0 1 1 0
split_gain=0.626197 0.616845 1.65012 1.31806 1.74731 1.35005 1.9879 1.11953 1.88542 1.58705 1.49578 1.08408 1.97219 1.35616 0.968585 3.13272 1.91705 3.36335 2.41415 1.61727 1.05109 0.872573 0.919034 0.862472 0.83167 0.818452 0.648497 0.588794 1.75848 0.497936
threshold=0 1 17932.775000000005 21538.500000000004 26202.650000000005 47.500000000000007 41.500000000000007 48.500000000000007 48.500000000000007 47117.580000000009 33897.615000000005 31680.205000000005 29134.335000000003 46.500000000000007 2 37219.750000000007 43206.560000000005 61032.000000000007 79476.60000000002 49.500000000000007 56.500000000000007 36356.030000000006 33897.615000000005 191446.83500000005 46703.295000000006 50197.330000000009 37.500000000000007 38.500000000000007 5.5000000000000009 43.500000000000007
decision_type=1 9 2 2 2 2 2 2 2 2 2 2 2 2 9 2 2 2 2 2 2 2 2 2 2 2 2 2 2 2
left_child=27 3 -3 5 29 6 -2 23 9 10 -9 12 13 26 15 -13 21 25 -19 24 -20 22 -16 -6 -17 -18 -4 28 -1 -5
right_child=1 2 11 4 7 -7 -8 8 -10 -11 -12 14 -14 -15 16 19 17 18 20 -21 -22 -23 -24 -25 -26 -27 -28 -29 -30 -31
leaf_value=0.20227655244079876 -0.021566913778720852 -0.053158532403143326 0.003538009864308596 -0.079059750936801634 0.01222830072703493 0.076914579710317954 0.073301053873974314 -0.018138341540676214 -0.060002345084085529 -0.036800423454523133 0.064716694894580692 -0.067975479157015628 0.087639261067430807 0.049964336539682325 0.021455509769314159 -0.028829650333889408 -0.05810142242418212 0.083608244119019931 -0.076758956819606733 0.10361176182639545 0.024318000919053204 0.040065171646074316 -0.055509681170458548 0.057184130959707105 0.041818297372448056 -0.12610055525364006 -0.060452707978452737 -0.0089312781607038035 -0.070442038342539939 -0.022107737671779416
leaf_weight=0.25417459663003628 5.9418009445071203 6.4056752892211071 3.422694103792308 2.7433704957365981 40.285518300719559 5.2557379975914946 3.5157265886664391 3.5459935218095797 5.7114198207855216 5.0951257161796084 5.6513781398534775 3.227366916835309 3.6586074195802203 3.7129998803138733 3.1462288945913333 2.4518175944685918 3.2307332046329957 2.3970169927924871 2.8848105389624834 3.22501649428159 1.5990987196564672 4.8650256488472223 3.0608166810125113 4.7731165848672381 5.2009336985647678 3.9150115642696619 2.9475562274456024 31.458267618669197 3.3872425724985078 3.4857731331139803
leaf_count=2 31 49 31 21 267 27 23 21 31 36 34 22 23 26 21 14 24 17 41 27 17 30 20 32 45 37 20 600 287 23
internal_value=-7.71743e-06 0.00300445 -0.00446823 0.00808957 0.00340623 0.0362804 0.0136992 0.00825035 -0.0114368 0.00797043 0.0327724 0.000578667 0.0247475 0.00192788 -0.00789307 0.0108515 -0.0162688 -0.0473051 0.0025959 0.0442148 -0.0407118 0.0083559 -0.0164975 0.0169905 0.0191838 -0.0953568 -0.0260709 -0.0103804 -0.051406 -0.0471899
internal_weight=180.456 145.356 59.3514 86.005 71.2917 14.7133 9.45753 65.0626 20.0039 14.2925 9.19737 52.9457 13.7419 10.0833 39.2039 14.1051 25.0987 14.0267 6.88093 10.8778 4.48391 11.0721 6.20705 45.0586 7.65275 7.14574 6.37025 35.0997 3.64142 6.22914
internal_count=1899 1010 464 546 465 81 54 421 122 91 55 415 100 77 315 108 207 136 75 86 58 71 41 299 59 61 51 889 289 44
cat_boundaries=0 1 2 3
cat_threshold=3 423 2688
is_linear=0
shrinkage=0.1


Tree=55
num_leaves=31
num_cat=6
split_feature=0 3 5 6 1 2 0 2 2 2 2 5 0 2 5 0 1 2 5 2 0 2 2 2 2 1 0 2 2 2
split_gain=0.620376 0.652866 0.995716 0.762001 1.49675 1.0114 1.00973 1.39317 1.38257 1.55281 1.0227 1.22829 1.21326 1.29259 0.885526 0.838242 0.719907 1.90788 1.33895 1.25369 1.57752 0.964038 0.706013 0.702777 0.723313 1.39007 0.883866 1.65078 1.41525 1.37706
threshold=70.500000000000014 0 1 2 35.500000000000007 194682.52000000005 48.500000000000007 26766.650000000005 45000.44000000001 47117.580000000009 73780.295000000013 3 40.500000000000007 60596.350000000006 4 44.500000000000007 41.500000000000007 98517.260000000009 5 92056.155000000013 29.500000000000004 111720.79000000002 82863.660000000018 5182.0850000000009 59732.775000000009 41.500000000000007 51.500000000000007 28796.995000000006 12637.335000000001 36356.030000000006
decision_type=2 9 1 1 2 2 2 2 2 2 2 1 2 2 1 2 2 2 1 2 2 2 2 2 2 2 2 2 2 2
left_child=1 2 -1 23 -5 6 7 -6 -9 -10 11 12 13 -11 -8 16 19 -18 -19 22 -21 -22 -12 -3 26 -26 28 -28 -25 -29
right_child=-2 3 -4 4 5 -7 14 8 9 10 15 -13 -14 -15 -16 -17 17 18 -20 20 21 -23 -24 24 25 -27 27 29 -30 -31
leaf_value=-0.029170249802581628 -0.054008083941534772 0.07344305388766581 0.03588014204602618 -0.10342347057407063 0.10053424631911115 -0.10437492766130588 -0.081234283917480291 -0.090841113582174213 0.1386935401792756 0.024173915981108976 0.043756615146556432 -0.11677866136817816 0.07237369005315536 -0.11262728187785652 -0.0017956319488903333 -0.059681994457187998 -0.06368106643514862 -0.0049533292529075987 0.13421581363656296 -0.1045167576341851 -0.033490071791412668 0.1127102156418204 0.15412834693264751 -0.067008931384427456 0.0038606017036794528 0.062933398645843533 0.057948004452476977 -0.029805066970921723 -0.0043774518437268419 0.023441138579689963
leaf_weight=2.850506603717804 2.1040943386033168 1.3628162592649449 13.48413376696408 1.9374020433751891 1.3273398405872381 1.1507787469308812 3.1720080855302513 1.7249502069316829 0.80403216928243892 1.3266267613507814 1.0702178480569258 1.4878733074292565 1.2282665865495799 1.440834342036396 2.5165513968095174 1.4052714509889472 2.6496899267658591 1.6199890817515552 1.2059529682155699 0.9028903946746144 0.73659789981320489 1.1633395245298741 1.2641201058868317 3.784519311040639 17.049851739779118 5.1978835514746597 6.4075156673789051 8.8283962421119231 77.283281043171883 10.797514980658887
leaf_count=30 16 8 89 249 24 72 33 42 6 20 23 36 11 36 35 26 39 35 14 80 23 38 21 29 173 43 43 47 491 67
internal_value=-2.82813e-05 0.00061275 0.0152143 -0.00170969 -0.0138161 -0.0125591 -0.00865248 0.00131918 -0.00525535 0.00280941 -0.00343315 -0.0392197 -0.0103394 -0.0470494 -0.0460916 0.0128955 0.0225057 -0.00272141 0.0544362 0.049395 0.00431149 0.056029 0.103527 0.00186488 0.0012549 0.0176622 -0.00215331 0.0138775 -0.0073013 -0.000510799
internal_weight=179.285 177.181 16.3346 160.847 30.1347 28.1973 27.0466 21.358 20.0307 18.3057 17.5017 5.4836 3.99573 2.76746 5.68856 12.0181 10.6128 5.47563 2.82594 5.13717 2.80283 1.89994 2.33434 130.712 129.349 22.2477 107.101 26.0334 81.0678 19.6259
internal_count=1899 1883 119 1764 863 614 542 474 450 408 402 103 67 56 68 299 273 88 49 185 141 61 44 901 893 216 677 157 520 114
cat_boundaries=0 1 2 3 4 5 6
cat_threshold=160 1 52 2 2 2
is_linear=0
shrinkage=0.1


Tree=56
num_leaves=31
num_cat=3
split_feature=7 0 3 0 0 0 1 7 2 2 0 0 1 2 1 0 0 2 2 2 2 2 2 0 0 0 0 1 0 1
split_gain=0.56853 2.43667 1.00838 1.95202 1.87012 2.13154 1.46797 1.48023 2.4376 1.94821 1.18902 1.90817 3.4242 3.05998 2.3927 2.01522 1.46787 1.76725 1.84503 1.60982 1.24535 2.11809 1.56364 1.13461 1.54004 0.990315 0.958168 1.28836 1.26638 1.65527
threshold=0 66.500000000000014 1 61.500000000000007 45.500000000000007 43.500000000000007 42.500000000000007 2 31447.195000000003 33632.600000000006 46.500000000000007 40.500000000000007 38.500000000000007 22758.170000000002 51.000000000000007 38.500000000000007 49.500000000000007 36356.030000000006 44383.265000000007 28796.995000000006 44056.680000000008 59330.335000000006 91074.435000000012 39.500000000000007 36.500000000000007 47.500000000000007 32.500000000000007 51.000000000000007 26.500000000000004 41.500000000000007
decision_type=9 2 9 2 2 2 2 9 2 2 2 2 2 2 2 2 2 2 2 2 2 2 2 2 2 2 2 2 2 2
left_child=26 2 10 4 5 6 7 9 -9 -4 11 12 -2 -13 20 -14 -12 19 -19 -18 -15 -22 -23 24 -10 -6 28 -28 -1 -30
right_child=1 -3 3 -5 25 -7 -8 8 23 -11 16 13 15 14 -16 -17 17 18 -20 -21 21 22 -24 -25 -26 -27 27 -29 29 -31
leaf_value=0.044747544383747048 -0.11778564731678268 -0.095347851655772226 -0.02025533702150481 0.071602558915511108 -0.095657825592644449 0.082461488390385418 -0.042533335476315083 0.051588752255213956 -0.088048587984934867 0.090278760292471991 0.063067818261238792 -0.12989764951025148 0.0055269185369106223 -0.029552966922156861 -0.09060699462256111 0.069340835616399768 0.035822619041834362 0.097952273725952818 0.0091354710143415688 -0.054365100739235311 0.12852351193270697 -0.099878987263487165 0.043642655690129872 -0.14968198598755791 0.03354107588974576 -0.034329965900472666 0.0078039784426002998 0.053538219535863074 -0.098996240692006077 -0.0011025942465301135
leaf_weight=2.3467326536774618 2.0018688756972542 2.8504144256003192 2.3206621317658573 2.4769272878766051 3.424128519371151 2.5533941630274049 10.343085137661545 2.2066212836653047 3.1147710577351972 5.0964290761621669 6.7761939503252533 2.6824058294296256 28.03632544237189 4.0225951522588712 2.9534617215394965 6.0094257630407801 2.9798187473788875 3.3382447995245439 7.8130685021169484 5.8937505632638931 1.9120679553598163 1.1186223356053235 2.3619300997816026 1.4111479991115627 1.5651289829984305 11.396820324473081 34.416926210280508 7.5023272838443509 2.8566157172899693 4.3690513097681105
leaf_count=76 158 24 16 16 31 17 89 20 118 57 49 17 376 26 18 43 27 19 84 32 12 16 38 17 17 93 269 47 41 36
internal_value=-6.11703e-05 -0.0036481 -0.00183158 -0.0121064 -0.0196678 -0.00473301 -0.0132772 0.00597857 -0.0174417 0.0237177 0.00512054 -0.00316957 0.00931717 -0.0330755 -0.0120776 0.0167907 0.022837 0.00922329 0.0357236 -0.0240793 0.0125563 0.0439674 -0.00248408 -0.0710844 -0.0473846 -0.0484987 0.00793033 0.0159891 -0.0190758 -0.0398041
internal_weight=178.151 126.659 123.809 45.9091 43.4322 28.6112 26.0578 15.7148 8.29767 7.41709 77.8998 51.0987 36.0476 15.0511 12.3687 34.0458 26.8011 20.0249 11.1513 8.87357 9.41522 5.39262 3.48055 6.09105 4.6799 14.8209 51.4917 41.9193 9.5724 7.22567
internal_count=1899 1430 1406 491 475 351 334 245 172 73 915 704 577 127 110 419 211 162 103 59 92 66 54 152 135 124 469 316 153 77
cat_boundaries=0 1 2 3
cat_threshold=4357 188 640
is_linear=0
shrinkage=0.1


Tree=57
num_leaves=31
num_cat=4
split_feature=3 7 4 0 2 2 2 7 2 2 2 0 0 1 1 2 2 2 2 0 2 0 0 2 2 1 2 2 2 2
split_gain=0.642732 1.12726 1.05998 1.63255 1.08598 3.27375 1.03633 0.861618 2.48969 2.32837 1.71734 1.21184 1.63332 1.0481 2.00197 1.45161 1.86358 2.54139 1.80551 1.58971 1.56781 1.5508 1.0333 0.859653 1.24172 2.45623 1.17983 1.10019 1.00024 0.897248
threshold=0 1 2 47.500000000000007 27097.545000000002 30949.395000000004 24151.500000000004 3 116420.82000000002 14652.105000000001 98517.260000000009 38.500000000000007 26.500000000000004 47.500000000000007 53.500000000000007 44383.265000000007 36356.030000000006 31447.195000000003 79476.60000000002 22.500000000000004 29134.335000000003 57.500000000000007 34.500000000000007 70619.775000000009 50520.56500000001 47.500000000000007 88985.940000000017 37219.750000000007 45803.650000000009 34598.850000000006
decision_type=9 9 9 2 2 2 2 9 2 2 2 2 2 2 2 2 2 2 2 2 2 2 2 2 2 2 2 2 2 2
left_child=1 -1 3 -3 6 -6 -4 9 13 -2 23 12 -12 15 22 16 17 20 -17 -20 21 -9 -15 24 25 27 -25 29 -29 -11
right_child=7 2 4 -5 5 -7 -8 8 -10 10 11 -13 -14 14 -16 18 -18 -19 19 -21 -22 -23 -24 26 -26 -27 -28 28 -30 -31
leaf_value=-0.01470781338521286 -0.11869767455845487 -0.050858530356482759 0.029284010560119145 0.021233035475128868 -0.074189597431000467 0.023597665376756432 0.09467050528764559 -0.012601691990620074 -0.078691336948750468 -0.023442778600856914 0.082987213633802528 0.095330039775400763 -0.072517888633746017 -0.0085942139125097915 0.0013094722817707639 -0.045074992132140689 0.065727899417742694 -0.056678088418590039 0.19488305936937023 0.0084982082951878344 0.099508184891720253 0.083151315886633992 -0.08392490994272761 0.0075298911441676608 0.046736722657069373 0.048271184958817569 -0.12478882213733991 -0.10345863819540634 -0.020017118831020836 0.041511233069926559
leaf_weight=12.144030833966097 1.4155159378424276 6.9680386693216843 8.0265814866870624 5.7196495458483696 3.794289916753768 35.041893362649716 3.4726299135945728 7.6337949393782818 5.3885934590362004 7.4929297929629808 1.3945772096049034 3.7835036804899573 1.3098079625051466 2.5791648854501563 11.791158919921143 9.8353485516272467 5.9630873927380881 5.3175145876593879 0.56408665329217855 2.42431040329393 2.3530184947885564 2.1728633865714073 6.1933808382600546 1.5148489871062332 6.281171935144811 6.5361274909228078 1.2138404692523179 2.7216721270233384 3.0426261755637825 2.9694821946322918
leaf_count=173 18 64 53 37 21 304 25 75 227 59 49 46 45 29 75 140 39 45 23 85 15 14 42 29 56 36 15 24 20 16
internal_value=-9.05505e-05 0.00646479 0.012 -0.0102672 0.0183842 0.0140439 0.04903 -0.00506397 -0.0118278 0.00578826 0.0119067 0.0587909 0.00767182 -0.00756889 -0.0256036 0.00265778 0.0174561 0.000986186 -0.0243919 0.04368 0.0262032 0.00861432 -0.0617774 0.00233306 0.00737483 -0.00348668 -0.0513313 -0.0243348 -0.0594149 -0.00500728
internal_weight=177.06 75.1671 63.0231 12.6877 50.3354 38.8362 11.4992 101.892 62.2163 39.6761 38.2606 6.48789 2.70439 56.8277 20.5637 36.264 23.4403 17.4772 12.8237 2.9884 12.1597 9.80666 8.77255 31.7727 29.044 22.7628 2.72869 16.2267 5.7643 10.4624
internal_count=1899 677 504 101 403 325 78 1222 809 413 395 140 94 582 146 436 188 149 248 108 104 89 71 255 211 155 44 119 44 75
cat_boundaries=0 1 2 3 4
cat_threshold=1962 6658 14 4866
is_linear=0
shrinkage=0.1


Tree=58
num_leaves=31
num_cat=6
split_feature=6 7 3 2 2 2 0 0 0 0 0 1 0 5 1 2 2 0 2 3 2 2 2 2 2 0 7 2 2 2
split_gain=0.523608 0.719856 0.769106 2.19944 1.93251 2.52225 1.6139 1.35768 1.33693 0.766659 1.64626 1.40471 1.22414 0.811852 0.765598 0.667165 1.50244 1.12374 0.980101 0.648598 1.23112 1.70447 1.1715 1.14935 1.37159 2.22434 1.28715 2.37332 2.32167 1.50438
threshold=0 1 2 56318.030000000006 80018.655000000013 217554.31500000003 50.500000000000007 50.500000000000007 40.500000000000007 39.500000000000007 38.500000000000007 71.000000000000014 57.500000000000007 3 52.500000000000007 50197.330000000009 51187.615000000013 34.500000000000007 193089.31000000003 4 21538.500000000004 33632.600000000006 17932.775000000005 31680.205000000005 27097.545000000002 46.500000000000007 5 50520.56500000001 44383.265000000007 61032.000000000007
decision_type=1 9 9 2 2 2 2 2 2 2 2 2 2 1 2 2 2 2 2 9 2 2 2 2 2 2 9 2 2 2
left_child=19 2 -2 -4 7 6 -6 8 -5 10 11 13 -11 14 15 -3 -17 18 -18 20 -1 -22 -21 24 25 -24 27 -25 -28 -30
right_child=1 9 3 4 5 -7 -8 -9 -10 12 -12 -13 -14 -15 -16 16 17 -19 -20 22 21 -23 23 26 -26 -27 28 -29 29 -31
leaf_value=0.036749695675087062 0.01238960469250951 -0.10943929196360092 -0.11766262503533004 0.033716176035476955 -0.11419215840706076 0.13563145722755973 0.02430088901177424 -0.030538554355752198 0.20378935375606685 -0.083271602343148066 0.1055811371992371 0.16948483681629684 0.025739894906419227 -0.10342698327933862 -0.11844825494409737 0.25147727407592629 -0.10323484833139995 0.084559476686039345 0.068422350922446959 -0.047061108288718137 -0.019341327166017004 0.015856194169200571 -0.04205598602989135 -0.017087939556176938 0.059402754557738573 0.06249128524093861 0.0011577937541684652 0.057689011020404607 -0.092421635210168676 -0.013305693795431214
leaf_weight=13.849034596234558 17.983617456629872 0.48692381533328521 2.118198071606459 0.99108165805228077 2.7883526727091525 0.6824111712630837 1.2050935034640131 1.0206270739436147 0.86614867486059666 5.5004652566276491 0.96566498884931196 0.31786952493712295 1.2674874570220707 1.7402959532337243 0.67451362358406175 0.24969900585711036 1.1777809412451463 0.89452910562977184 0.46352291002403934 6.0293622128665438 21.00108215212822 39.893666116520762 5.3726321458816511 9.4571333080530184 6.1217398867011061 3.2758988365530968 11.431462284177544 7.7005079053342333 6.703151270747183 3.7468726467341185
leaf_count=77 153 26 48 38 160 28 22 11 9 135 13 5 28 172 11 2 116 20 24 48 131 250 44 61 39 22 73 49 56 28
internal_value=-0.000193475 -0.00884393 0.00211563 -0.0135747 -0.0023575 -0.0420387 -0.0723994 0.0621153 0.113032 -0.022503 -0.0156058 -0.0350935 -0.0628562 -0.0465277 -0.0214397 -0.00144441 0.0174336 -0.00561228 -0.0547569 0.00290824 0.00867699 0.00371745 -0.0045081 -0.000577816 0.0231825 -0.00245547 -0.00956742 0.0104071 -0.0205805 -0.0640545
internal_weight=175.977 41.3943 27.6555 9.67191 7.55371 4.67586 3.99345 2.87786 1.85723 13.7388 6.9708 6.00513 6.76795 5.68727 3.94697 3.27246 2.78553 2.53583 1.6413 134.583 74.7438 60.8947 59.8388 53.8094 14.7703 8.64853 39.0391 17.1576 21.8815 10.45
internal_count=1899 1021 469 316 268 210 182 58 47 552 389 376 163 371 199 188 162 160 140 878 458 381 420 372 105 66 267 110 157 84
cat_boundaries=0 1 2 3 4 5 6
cat_threshold=4 1421 139 2 422 2690
is_linear=0
shrinkage=0.1


Tree=59
num_leaves=31
num_cat=5
split_feature=3 4 2 2 2 7 0 2 0 2 2 0 0 7 2 4 2 0 0 2 2 2 2 1 0 2 2 0 0 2
split_gain=0.494901 1.12789 2.18823 1.66112 1.64333 1.4145 1.74644 1.39589 1.24436 1.22945 1.3313 1.22619 1.15685 1.12755 3.08866 1.33862 1.74213 1.55589 2.07835 1.25743 1.12523 1.08573 1.0646 1.04623 0.959017 3.66917 2.48976 1.96288 0.944973 0.900086
threshold=0 1 5182.0850000000009 12637.335000000001 48439.730000000003 2 60.500000000000007 42127.220000000008 36.500000000000007 48206.475000000006 59330.335000000006 21.500000000000004 57.500000000000007 3 44383.265000000007 4 27097.545000000002 45.500000000000007 54.500000000000007 48830.025000000001 107486.18000000001 87439.300000000003 45388.020000000004 37.500000000000007 54.500000000000007 42127.220000000008 57611.885000000009 43.500000000000007 43.500000000000007 65263.595000000008
decision_type=9 9 2 2 2 9 2 2 2 2 2 2 2 9 2 9 2 2 2 2 2 2 2 2 2 2 2 2 2 2
left_child=13 4 -3 -4 -2 6 12 -7 11 -10 -11 -9 23 15 -15 16 -1 21 19 -19 -16 29 -20 28 25 -18 -27 -28 -5 -17
right_child=1 2 3 5 -6 7 -8 8 9 10 -12 -13 -14 14 20 17 24 18 22 -21 -22 -23 -24 -25 -26 26 27 -29 -30 -31
leaf_value=-0.093575695815548851 0.0046679187822229488 0.15222887507804178 -0.089534198516173225 -0.12528690461525593 0.081756678503744129 -0.010418987840228268 -0.084777312112686007 0.051901238945935138 -0.11634157946268241 0.028589801278213735 -0.050482702233402899 -0.11864550504905783 0.076032388651860516 0.014260889460053779 -0.11155743734161472 0.035561553129590688 0.13958193350983469 -0.0035583366338836292 0.069075510591788472 -0.081678259415828749 -0.031097321344217024 0.071793613843450274 -0.009052507348837429 0.0077414364225583503 -0.054140757766635073 -0.11518275557742563 -0.053278210359325999 0.088171361869008258 0.013819665068284304 -0.017069724557485906
leaf_weight=2.6474973708391181 9.0612733209272829 0.8206960903480639 2.6655800645239642 1.1519847454037506 3.9798736204393199 18.970244767842814 2.1208323393948367 0.47775418730452557 1.5238396897912014 3.5280701043084246 5.3703016876243055 3.58486629195977 2.3731097290292373 10.506535041611643 3.5050125203561029 19.463673083577312 1.8141124695539455 5.1335159018635732 4.3545436933636656 3.4419223330914974 3.4479427174665034 6.9510202981764442 2.9093876434490085 41.391474141273648 2.6901459470391273 1.9588442686945198 1.8257326474413278 2.1204677633941174 0.84768828470259894 3.9005174729973069
leaf_count=15 65 8 26 58 58 134 23 75 14 27 117 168 19 78 70 138 13 34 28 22 59 72 19 430 15 15 29 15 14 41
internal_value=-0.000161198 -0.00466597 -0.00918505 -0.0118554 0.0159575 -0.00930978 0.00325559 -0.0217629 -0.0516443 -0.0333448 -0.0191316 -0.0985896 0.00804665 0.00548249 -0.0126878 0.0118994 -0.0119749 0.019583 -0.00157468 -0.0349133 -0.0716576 0.0370974 0.0377833 0.00432843 -0.00272463 0.015194 -0.0230197 0.0227289 -0.0663178 0.0267751
internal_weight=174.538 97.8676 84.8264 84.0057 13.0411 81.3402 47.8851 33.4551 14.4848 10.4222 8.89837 4.06262 45.7643 76.6709 17.4595 59.2114 13.0568 46.1546 15.8394 8.57544 6.95296 30.3152 7.26393 43.3911 10.4093 7.71916 5.90504 3.9462 1.99967 23.3642
internal_count=1899 1236 1113 1105 123 1079 544 535 401 158 144 243 521 663 207 456 102 354 103 56 129 251 47 502 87 72 59 44 72 179
cat_boundaries=0 1 2 3 4 5
cat_threshold=1707 42 13090 1413 14
is_linear=0
shrinkage=0.1


Tree=60
num_leaves=31
num_cat=2
split_feature=0 7 2 0 2 0 2 1 2 2 2 2 3 2 1 0 2 2 0 2 0 2 1 0 1 2 2 2 2 0
split_gain=0.487834 0.550305 1.09995 2.26222 1.64485 1.95434 1.3858 1.00123 0.957021 0.877627 0.805472 0.870826 0.802359 1.24382 0.848225 0.823815 1.14714 2.25765 0.899282 1.22519 0.790918 0.768009 0.711986 0.871557 0.793061 0.690285 1.94081 1.11346 1.01233 0.926387
threshold=70.500000000000014 0 34166.205000000009 45.500000000000007 95920.62000000001 27.500000000000004 139034.62000000002 18.500000000000004 36356.030000000006 118252.63500000002 72166.920000000013 62897.960000000006 1 17932.775000000005 44.500000000000007 61.500000000000007 12637.335000000001 15130.985000000002 52.500000000000007 42737.520000000004 56.500000000000007 191446.83500000005 47.500000000000007 33.500000000000007 57.000000000000007 91074.435000000012 194682.52000000005 70200.60000000002 234405.73000000001 48.500000000000007
decision_type=2 9 2 2 2 2 2 2 2 2 2 2 9 2 2 2 2 2 2 2 2 2 2 2 2 2 2 2 2 2
left_child=1 2 3 -1 8 -6 -7 9 -4 -3 11 -10 13 -9 15 16 -14 -18 25 -20 -5 -8 -16 -24 -25 27 -27 29 -28 -19
right_child=-2 7 4 20 5 6 21 12 10 -11 -12 -13 14 -15 22 -17 17 18 19 -21 -22 -23 23 24 -26 26 28 -29 -30 -31
leaf_value=0.0022136281858090834 -0.049334003563782342 -0.12436842208031658 -0.058115335423599306 0.093299400855743786 -0.068080386169724214 0.11268917951190707 -0.056284050370916751 -0.048960027229554476 -0.0060172820883022567 -0.0060171019490222674 -0.054111017059848304 0.050237211975573674 -0.10572061813443015 0.011856751874806965 -0.066343004092491595 0.054149988354042514 0.12621460700566706 0.007172304429724107 -0.092373770647512593 0.00099356834109704147 0.031146383005455233 0.059317028215718395 0.021931539276276835 -0.012168793521145943 -0.065413796388251635 -0.10129317417598356 0.091666349294506261 0.072905647535569371 -0.037212495785839114 -0.061061932634674077
leaf_weight=14.938510946929457 1.9955076640471805 1.2849913495592766 3.8247982040047637 4.8551754523068649 1.2833043378777791 3.1259315437637269 0.98380533838644657 3.6276685190387061 22.805597018566921 1.2227976882131768 2.9816667017294085 3.1294035930186501 1.1297291717492033 46.070349175599404 3.9540053068194565 2.3855691710486999 1.2942265048623074 16.713370900019086 2.7580020390450946 2.8658397221006453 3.5404004789888859 1.3820347855798898 3.9287144117988637 7.3601316167041642 4.5123820640146732 2.2925715196179217 1.2122799527132886 2.2873631260590619 1.2257010191678999 2.258582340553402
leaf_count=102 16 33 22 32 70 34 19 41 154 20 59 41 10 555 46 18 7 171 21 38 20 23 41 50 30 122 23 39 26 16
internal_value=-0.000176091 0.000396777 0.00719534 0.0255559 -0.00182554 0.0430248 0.0689876 -0.00385391 -0.0111063 -0.0666603 -0.0048884 0.000770573 -0.00273028 0.00617498 -0.00993838 -0.00265799 -0.00663945 -0.00323799 -0.00853762 -0.0447949 0.0670896 0.0112458 -0.0283922 -0.0188956 -0.0324056 -0.00069205 -0.0352407 0.0069956 0.0268722 -0.000950878
internal_weight=173.23 171.235 62.8506 23.3341 39.5165 6.77508 5.49177 108.384 32.7415 2.50779 28.9167 25.935 105.876 49.698 56.1785 36.4232 34.0377 32.9079 31.6137 5.62384 8.39558 2.36584 19.7552 15.8012 11.8725 25.9899 4.73055 21.2593 2.43798 18.972
internal_count=1899 1883 576 154 422 146 76 1307 276 53 254 195 1254 596 658 491 473 463 456 59 52 42 167 121 80 397 171 226 49 187
cat_boundaries=0 1 2
cat_threshold=5380 665
is_linear=0
shrinkage=0.1


Tree=61
num_leaves=31
num_cat=4
split_feature=6 2 0 0 2 2 1 7 1 2 0 2 2 0 1 5 0 0 2 0 0 0 2 3 2 2 2 1 0 0
split_gain=0.507962 0.514841 1.31775 2.07523 1.12684 1.35841 0.724278 0.699318 1.38841 1.28704 1.5507 1.20397 1.32404 1.15736 0.896763 0.712509 1.56951 1.06647 1.99887 0.857111 0.582335 2.04905 0.492183 0.430751 0.688977 1.41582 0.96256 0.959356 0.804523 2.10593
threshold=0 40949.195000000007 47.500000000000007 40.500000000000007 50520.56500000001 56318.030000000006 42.500000000000007 1 44.500000000000007 105751.86500000001 38.500000000000007 85814.590000000011 88985.940000000017 43.500000000000007 8.5000000000000018 2 45.500000000000007 47.500000000000007 98517.260000000009 31.500000000000004 30.500000000000004 29.500000000000004 82863.660000000018 3 21538.500000000004 25410.690000000006 13304.090000000002 35.500000000000007 55.500000000000007 50.500000000000007
decision_type=1 2 2 2 2 2 2 9 2 2 2 2 2 2 2 1 2 2 2 2 2 2 2 9 2 2 2 2 2 2
left_child=1 2 3 -1 6 -6 -3 9 11 15 -11 -9 -13 -12 -14 16 19 18 22 -7 21 -16 -17 24 26 -26 -2 -27 29 -29
right_child=23 4 -4 -5 5 7 -8 8 -10 10 13 12 14 -15 20 17 -18 -19 -20 -21 -22 -23 -24 -25 25 27 -28 28 -30 -31
leaf_value=-0.10975387291878647 0.0012362323439126233 -0.0020869555814315237 -0.13359557627678972 0.062268892187720665 -0.1144608322476437 0.020085287700481347 0.10027594491423626 -0.10720696649821251 -0.11895492386449234 -0.10967181950169708 0.08407126982922529 0.15003257852727489 0.16081187966980298 -0.039155393239393668 -0.10113928962248882 -0.11738020056840948 -0.029810699816777433 0.067575978864922878 0.092213206659689559 0.094798730665492312 -0.102904390548891 0.2303176853745689 -0.022491852451663602 -0.0017782315754234707 -0.054246996008600605 -0.030924429404323991 0.070161360533227496 0.020539342828521167 0.054698932067192022 -0.059771334462592057
leaf_weight=1.1999426668044173 3.849039673805235 1.2956091789528756 1.2082721199840305 1.6875330079346893 1.2916479663690577 2.5062679764814675 1.4817730002105234 1.1333200273802568 2.4303136786911637 1.8059704188490275 1.1972656957805159 0.57619112916290793 0.23515388369560231 2.097405397798866 0.53985297970939405 1.5991889293072725 2.333203436806798 1.3305726032704113 0.86313182557933021 3.9640167679172009 0.90143868385348469 0.28495459421537817 0.8305357708595692 87.711540839634836 3.6019028499722472 4.7722171749919644 4.278248131275177 27.094590138643984 4.8448020666837683 3.7124904841184607
leaf_count=62 23 28 13 12 36 44 13 72 61 121 21 14 1 40 130 39 18 14 10 32 75 8 25 665 25 37 27 181 30 22
internal_value=-0.000174358 -0.00976587 -0.0459104 -0.00921827 -0.00801033 -0.0144967 0.0525251 -0.00925413 -0.0228596 0.00491275 -0.0351982 -0.0215121 0.0167603 0.00562451 -0.0223905 0.023809 0.0405031 -0.00797817 -0.038508 0.0658584 -0.0473468 0.0133725 -0.0849452 0.00258774 0.00903517 0.00582927 0.0375188 0.0111822 0.0168185 0.0108613
internal_weight=172.658 32.7936 4.09575 2.88748 28.6978 25.9204 2.77738 24.6288 6.10122 18.5276 5.10064 3.67091 2.53759 3.29467 1.9614 13.4269 8.80349 4.62343 3.29286 6.47028 1.72625 0.824808 2.42972 139.865 52.1533 44.026 8.12729 40.4241 35.6519 30.8071
internal_count=1899 889 87 74 802 761 41 725 361 364 182 300 228 61 214 182 94 88 74 76 213 138 64 1010 345 295 50 270 233 203
cat_boundaries=0 1 2 3 4
cat_threshold=3 4487 2 419
is_linear=0
shrinkage=0.1


Tree=62
num_leaves=31
num_cat=4
split_feature=3 0 2 2 1 2 0 2 0 3 1 1 2 1 1 2 2 2 5 2 0 0 2 0 2 2 2 0 5 0
split_gain=0.466671 1.1311 0.949837 1.28249 1.43022 1.29612 0.841588 0.695583 0.793187 0.7243 1.04634 0.709026 0.639056 0.819868 1.15459 0.866549 0.814662 2.24702 0.755903 0.848187 0.597788 0.640184 0.557301 1.15922 0.542609 1.64322 1.15135 0.760651 0.735639 0.797654
threshold=0 57.500000000000007 15736.805000000002 38195.715000000004 47.500000000000007 61032.000000000007 24.500000000000004 213624.91000000003 47.500000000000007 1 38.500000000000007 64.500000000000014 115648.01000000002 34.500000000000007 25.500000000000004 31960.595000000005 191446.83500000005 164562.62000000002 2 122487.8 41.500000000000007 35.500000000000007 92056.155000000013 33.500000000000007 64708.420000000006 70200.60000000002 59732.775000000009 47.500000000000007 3 38.500000000000007
decision_type=9 2 2 2 2 2 2 2 2 9 2 2 2 2 2 2 2 2 1 2 2 2 2 2 2 2 2 2 1 2
left_child=1 2 -1 4 -4 -5 -2 9 20 11 -11 12 13 14 15 -8 17 18 19 -14 21 -9 -7 -24 26 -26 -15 28 29 -27
right_child=6 -3 3 5 -6 22 7 8 -10 10 -12 -13 16 24 -16 -17 -18 -19 -20 -21 -22 -23 23 -25 25 27 -28 -29 -30 -31
leaf_value=-0.053217716841487586 -0.061413215534075166 -0.033148201750894286 0.093035135034913549 -0.023245535812466422 0.0046327852158754654 0.061555020814477369 0.030005434049432563 0.011415060955653731 -0.10125657296667319 0.041507160803914707 -0.04766509180381006 0.040342010682975646 0.065228082722142408 0.0011078878446791557 -0.12956792732919584 -0.067663717812509488 0.089554101473727707 -0.10287395018319022 0.069202643895251562 -0.10756780214238254 0.045845502596142854 -0.10026497627805311 -0.040807112748232087 0.050497505647399854 -0.085698783772895207 0.038161945012051883 0.054991185993993441 0.035457513583741197 -0.065982781323086978 -0.043455707120023231
leaf_weight=1.642119038850075 2.4198543057427733 4.6440319567918769 4.7583845388144281 6.947987969499084 2.9738786295056343 4.0623526325216499 2.0074523468501861 1.0272986396448684 1.4515698701143263 1.5377664363477368 9.1194526422768813 4.726151591166853 0.54288225085474551 87.866540904622525 1.1360891142394391 1.6592284735525025 1.7174721574410794 1.3315449866931883 3.3273159551899871 0.59586063725873828 1.1430246483068911 1.0258190575987098 2.3518388986121863 3.401896390132606 2.8274572864174834 2.7424247371964157 4.1529295244254163 3.8718826537951827 2.3117623841389996 2.1254513710737228
leaf_count=12 288 30 43 55 21 40 15 30 22 26 116 30 13 584 32 38 35 36 64 30 16 16 36 29 40 47 33 40 58 24
internal_value=-0.000206349 0.00930564 0.0204086 0.0253441 0.059035 0.00980454 -0.00275366 -0.00192607 -0.0399563 -0.000603064 -0.0179526 0.00218352 0.000842689 -0.00107298 -0.0414835 -0.0141913 0.0290616 0.0111414 0.0451348 -0.0251894 -0.012116 -0.0443847 0.0331979 0.0131767 0.000759739 -0.0176717 0.00353969 -0.000267466 -0.0195335 0.00252539
internal_weight=171.45 30.7825 26.1385 24.4963 7.73226 16.7641 140.667 138.247 4.64771 133.6 10.6572 122.942 118.216 110.701 4.80277 3.66668 7.51508 5.7976 4.46606 1.13874 3.19614 2.05312 9.81609 5.75374 105.898 13.879 92.0195 11.0515 7.17964 4.86788
internal_count=1899 266 236 224 64 160 1633 1345 84 1261 142 1119 1089 911 85 53 178 143 107 43 62 46 105 65 826 209 617 169 129 71
cat_boundaries=0 1 2 3 4
cat_threshold=681 1046 2 2
is_linear=0
shrinkage=0.1


Tree=63
num_leaves=31
num_cat=2
split_feature=6 2 0 0 2 2 1 2 2 2 0 2 2 0 0 0 2 0 0 2 2 1 0 0 0 0 2 2 2 7
split_gain=0.471602 0.437622 1.1385 1.75264 0.966191 1.19842 0.566704 0.526962 1.26792 0.998166 0.995633 0.637515 1.12539 0.581753 0.826455 1.10706 1.80689 0.719256 0.520825 0.514771 0.371182 0.693115 1.22441 0.621155 2.09527 1.2944 0.863343 0.533747 0.930172 1.00223
threshold=0 40949.195000000007 47.500000000000007 40.500000000000007 50520.56500000001 56318.030000000006 42.500000000000007 92056.155000000013 88121.210000000006 95920.62000000001 31.500000000000004 67187.835000000006 62897.960000000006 25.500000000000004 44.500000000000007 38.500000000000007 116420.82000000002 48.500000000000007 39.500000000000007 82863.660000000018 59732.775000000009 41.500000000000007 34.500000000000007 42.500000000000007 51.500000000000007 39.500000000000007 91074.435000000012 53672.670000000006 51574.885000000009 1
decision_type=1 2 2 2 2 2 2 2 2 2 2 2 2 2 2 2 2 2 2 2 2 2 2 2 2 2 2 2 2 9
left_child=1 2 3 -1 6 -6 -3 8 10 -9 19 12 -12 -11 15 16 -15 -16 -13 -7 27 23 -23 25 -25 -22 -26 28 29 -2
right_child=20 4 -4 -5 5 7 -8 9 -10 13 11 18 -14 14 17 -17 -18 -19 -20 -21 21 22 -24 24 26 -27 -28 -29 -30 -31
leaf_value=-0.10890957544957269 -0.0098958059060191873 -0.00088900679627209743 -0.12959754205033844 0.053571679736755133 -0.11316347963514316 -0.10893440752950728 0.089557207712231496 -0.11965459495462878 0.073645205967615174 -0.10102957973777336 -0.013899302057331118 0.024348274150920505 0.098110055680197275 0.033280197572616056 -0.11389801710221906 0.060515740942350439 -0.10853779152064524 -0.015664456549219385 -0.045073366095610336 -0.00062982266758207072 0.0087049005493976817 0.1103247603743099 0.011468607996728776 0.087922700209583982 -0.074233913284316985 -0.076036626799255908 0.019266516417988891 -0.029819724352101409 0.052259495398189942 0.0079944186411449771
leaf_weight=1.0891869434854049 45.623577360063791 1.2904473772505327 1.1105402684770522 1.7001208178699014 1.1714436091715494 1.34185875754338 1.4956605499610303 1.0162653935840342 2.195324088796041 0.74437372497049992 1.9876626068726166 1.7168722809292374 1.6347481673583386 2.2381152352318154 1.1500964027363809 2.6854303479194641 1.5008609328651799 2.1179747087880969 2.9164895974099636 0.65213447751011688 7.2941346422303521 1.8925376310944546 3.707081001251936 3.1335362377576521 1.7388368118554351 2.3941417671740055 2.2856288971379399 5.5808122316375366 3.5468566939234725 61.661334166303277
leaf_count=62 302 28 13 12 36 87 13 22 22 186 20 31 22 49 34 47 100 43 42 20 87 21 30 35 16 23 27 44 20 405
internal_value=-0.000206915 -0.00957757 -0.0439678 -0.00987505 -0.00820116 -0.0144098 0.047665 -0.00956912 0.00467612 -0.0250482 -0.0100959 0.00522119 0.0366491 -0.0158361 -0.00929329 0.0115335 -0.0236469 -0.0502347 -0.0193495 -0.0735134 0.00244941 0.0144002 0.0448796 0.00426899 0.0266086 -0.0122362 -0.0211319 0.000355539 0.00187498 0.000209261
internal_weight=170.614 31.7556 3.89985 2.78931 27.8558 25.0697 2.78611 23.8982 12.4451 11.4531 10.2498 8.25577 3.62241 10.4369 9.69248 6.42441 3.73898 3.26807 4.63336 1.99399 138.858 22.4459 5.59962 16.8463 7.158 9.68828 4.02447 116.413 110.832 107.285
internal_count=1899 889 87 74 802 761 41 725 244 481 222 115 42 459 273 196 149 77 73 107 1010 239 51 188 78 110 43 771 727 707
cat_boundaries=0 1 2
cat_threshold=3 6792
is_linear=0
shrinkage=0.1


Tree=64
num_leaves=31
num_cat=4
split_feature=3 0 0 2 2 5 0 1 0 2 0 0 0 5 1 2 7 1 2 2 1 2 0 2 2 2 2 2 0 0
split_gain=0.421127 1.16227 1.44306 1.44122 0.869913 0.683896 0.828353 0.80802 0.804013 0.567417 0.594185 0.430269 1.46593 1.29204 1.15098 1.77916 1.38438 1.97797 2.51003 2.78084 1.93574 1.09672 1.07476 1.04434 2.38467 0.942901 1.85804 1.36057 1.75497 0.964447
threshold=0 31.500000000000004 57.500000000000007 15736.805000000002 39451.380000000012 1 44.500000000000007 48.500000000000007 48.500000000000007 31447.195000000003 39.500000000000007 57.500000000000007 48.500000000000007 2 66.500000000000014 6395.1350000000011 3 57.000000000000007 26202.650000000005 27097.545000000002 55.500000000000007 46703.295000000006 45.500000000000007 26098.345000000005 30949.395000000004 73780.295000000013 92056.155000000013 50197.330000000009 43.500000000000007 29.500000000000004
decision_type=9 2 2 2 2 1 2 2 2 2 2 2 2 1 2 2 9 2 2 2 2 2 2 2 2 2 2 2 2 2
left_child=1 4 3 -3 -1 6 9 -8 -7 -5 -11 12 14 -13 15 -2 20 18 -18 -20 22 -15 -17 -14 -25 27 -27 28 -21 -28
right_child=11 2 -4 5 -6 8 7 -9 -10 10 -12 13 23 21 -16 16 17 -19 19 25 -22 -23 -24 24 -26 26 29 -29 -30 -31
leaf_value=-0.11102903664989237 0.12675132255429786 -0.044809911903317672 -0.030854509413420262 0.11548447174545029 -0.0054663327847871111 -0.051064925588614134 0.051513332918239778 -0.013130617368275907 0.05723958330035666 0.087583957512788357 0.016557565025055409 0.07093988142825898 -0.077277672308060583 0.016953975283751605 0.061351303180879162 -0.0024677234147256759 -0.068359330261291165 -0.075317522276323087 0.15996593678080565 -0.019926374075236144 0.065172974197139147 -0.04517557009596903 0.045780047362213895 0.080499158678220717 -0.029868495188395756 0.087301120419936457 -0.10526382044602683 -0.061842546407938841 0.058703795260705439 0.009026724297138267
leaf_weight=1.193899534177038 1.0725375511683513 2.2136077284812989 4.5670403912663451 2.2651683758012959 2.2553115009795874 1.6032584747299563 5.2301457449793798 3.0677589699625969 1.1973386500030754 2.538720391690731 2.1972189601510763 3.0656220312230289 3.5071453657001284 9.9618404135108012 3.0208313642069688 44.988452604855411 6.0627113385125986 5.3206018661148837 1.0785085111856485 11.553750335355295 5.4623060161247841 3.9748174091801038 5.1449641291983417 2.1868997868150499 18.678443012759089 3.0143071189522734 0.91746806353330601 4.7550459673511787 3.763014977797865 3.7817293409025297
leaf_count=16 10 13 34 19 52 32 42 18 11 23 20 40 28 65 21 532 57 40 6 103 36 31 49 15 157 64 152 92 22 99
internal_value=-0.000226784 0.00916104 0.0199364 0.0313558 -0.0420055 0.040671 0.0489878 0.0276143 -0.00476152 0.0743202 0.0546316 -0.00257489 -0.00479784 0.0121633 0.000565007 -0.00132969 -0.00276299 -0.0148332 -0.00986616 0.00242006 0.00732536 -0.000765739 0.00248373 -0.0267875 -0.0183008 -0.0036952 0.026021 -0.015115 -0.000608555 -0.0132873
internal_weight=169.64 28.3295 24.8803 20.3132 3.44921 18.0996 15.299 8.2979 2.8006 7.00111 4.73594 141.311 124.309 17.0023 99.9362 96.9154 95.8429 40.2471 34.9265 28.8638 55.5957 13.9367 50.1334 24.3725 20.8653 27.7853 7.7135 20.0718 15.3168 4.6992
internal_count=1899 280 212 178 68 165 122 60 43 62 43 1619 1483 136 1283 1262 1252 635 595 538 617 96 581 200 172 532 315 217 125 251
cat_boundaries=0 1 2 3 4
cat_threshold=936 2 1 806
is_linear=0
shrinkage=0.1


Tree=65
num_leaves=31
num_cat=4
split_feature=6 3 2 2 5 1 1 1 0 2 0 5 0 0 1 0 1 2 2 0 2 2 2 0 2 1 0 2 0 0
split_gain=0.446799 0.548841 1.41775 1.07247 1.61869 0.860783 0.953924 1.06138 0.859348 0.800707 0.777127 0.712798 1.83674 0.991165 1.15256 0.932066 1.51721 0.586566 0.577502 0.521301 0.51285 0.755939 0.645404 0.502986 0.455796 0.417794 0.712769 0.82163 0.399019 0.724937
threshold=0 1 105751.86500000001 95920.62000000001 2 57.000000000000007 35.500000000000007 5.5000000000000009 38.500000000000007 187263.57500000004 53.500000000000007 3 41.500000000000007 33.500000000000007 48.500000000000007 33.500000000000007 41.500000000000007 61032.000000000007 88985.940000000017 40.500000000000007 62897.960000000006 166828.36500000002 100125.67000000001 66.500000000000014 94744.030000000013 48.500000000000007 46.500000000000007 76574.785000000018 29.500000000000004 28.500000000000004
decision_type=1 9 2 2 1 2 2 2 2 2 2 1 2 2 2 2 2 2 2 2 2 2 2 2 2 2 2 2 2 2
left_child=20 2 3 4 17 6 7 -3 -4 -10 -6 15 13 14 28 16 18 -2 -8 -19 23 22 -22 -1 -20 26 27 -17 29 -13
right_child=1 5 8 -5 10 -7 11 -9 9 -11 -12 12 -14 -15 -16 25 -18 19 24 -21 21 -23 -24 -25 -26 -27 -28 -29 -30 -31
leaf_value=0.0017713915665779009 0.090507927833685595 0.11569269716801805 -0.10742358544281722 0.1054276695249987 -0.10517179406948662 -0.082412089426664198 0.0074282845463358215 -0.10584725954474955 -0.050794888214586366 0.089436008139345699 0.0064682039886297064 -0.10168896469338558 0.05047852830995922 -0.11305687893254229 0.08099894167733529 -0.13352727015061536 -0.068134740900098509 -0.029351401678798079 0.18121045093833801 0.060935240183073197 0.02107874078661659 -0.0031226674013879515 0.081806657045942144 -0.03672548606247391 0.062533534959536993 -0.01192209166909587 -0.020920843917682917 -0.03188883384747105 -0.11252142575567076 0.092867822341555106
leaf_weight=112.10891309846193 2.0966677924152464 0.24450825131498932 1.2968554007820778 1.6730176876299081 1.2289285735459983 2.1313025830313554 1.2124017287278559 1.8714797866996375 1.128976648673415 0.63687834748998273 1.2657064246013758 0.40252507990226216 5.1703479152638465 1.2764144614338873 0.96122654573991884 1.8493944443762287 1.4495455580763517 1.1879132678732278 0.4751152992248534 1.3852227404713628 5.1003061505034548 7.1657426301389933 2.664254505187273 3.4998997412621966 1.0149491670308632 2.9311364069581032 2.7951392976101488 1.3955072930548338 0.72611978161148727 0.36534389737062156
leaf_count=735 35 3 126 26 58 30 35 201 34 23 16 49 69 36 7 19 44 31 2 16 40 55 23 25 53 21 28 29 24 6
internal_value=-0.000216986 -0.00850581 0.0070743 0.0333385 0.0165045 -0.0155676 -0.0161148 -0.0802477 -0.0456129 -0.000218809 -0.0485289 -0.00995348 0.0118889 -0.0415788 -0.00441891 -0.02477 0.0144041 0.0512456 0.0586761 0.0192535 0.00265505 0.0203 0.0419163 0.000605951 0.100374 -0.0429005 -0.0579338 -0.0898165 -0.0593764 -0.00912091
internal_weight=168.712 38.1726 11.9002 8.83746 7.16444 26.2725 24.1412 2.11599 3.06271 1.76585 2.49463 22.0252 8.90198 3.73163 2.45522 13.1232 4.15201 4.6698 2.70247 2.57314 130.539 14.9303 7.76456 115.609 1.49006 8.97118 6.04004 3.2449 1.49399 0.767869
internal_count=1899 1021 365 182 156 656 626 204 183 57 74 422 191 122 86 231 134 82 90 47 878 118 63 760 55 97 76 48 79 55
cat_boundaries=0 1 2 3 4
cat_threshold=4 152 2 2
is_linear=0
shrinkage=0.1


Tree=66
num_leaves=31
num_cat=4
split_feature=6 3 2 0 0 2 2 0 1 0 0 2 1 0 5 2 2 2 0 1 0 0 0 2 2 0 2 2 0 5
split_gain=0.375439 0.494128 0.996173 0.996456 1.41938 1.16165 0.961616 0.660872 0.628508 1.13724 1.22639 0.978112 0.615958 0.590767 0.423446 0.418551 0.621238 0.546849 0.41129 0.410622 0.456289 1.51646 1.45792 0.858014 1.08202 0.560129 0.858585 1.80546 1.3613 0.511862
threshold=0 1 36356.030000000006 53.500000000000007 45.500000000000007 44056.680000000008 50520.56500000001 26.500000000000004 41.500000000000007 34.500000000000007 24.500000000000004 95920.62000000001 57.000000000000007 39.500000000000007 2 62897.960000000006 166828.36500000002 100125.67000000001 66.500000000000014 35.500000000000007 46.500000000000007 43.500000000000007 49.500000000000007 28251.555000000004 58941.060000000005 28.500000000000004 99434.165000000023 77731.335000000006 31.500000000000004 3
decision_type=1 9 2 2 2 2 2 2 2 2 2 2 2 2 1 2 2 2 2 2 2 2 2 2 2 2 2 2 2 1
left_child=15 2 -2 4 5 -4 -7 -3 9 10 -8 -10 19 -11 -12 18 17 -17 -1 -9 21 23 -22 -21 -25 -26 27 -27 -28 -24
right_child=1 7 3 -5 -6 6 8 12 11 13 14 -13 -14 -15 -16 16 -18 -19 -20 20 22 -23 29 24 25 26 28 -29 -30 -31
leaf_value=0.0015940305264092202 -0.11256099893696365 -0.10157416714302057 -0.12032745704807304 0.065194217283176245 -0.087044539200296825 0.12416405763030179 0.085673243419903622 -0.067431418407437355 -0.089487144863147239 0.13820499439384915 -0.010631402827219074 0.023049313206302675 -0.074983361158579037 0.042642462068101163 -0.11405279406280573 0.01902489693467771 -0.0028100409026056853 0.075357288952449308 -0.03337075593903762 0.070572802859038816 0.074461571220078085 -0.11653802936967016 -0.049104173964907259 -0.093029882281477891 0.066432552525865593 0.017086625494843407 0.16882335173579541 -0.12007361499552126 -0.024416631033301325 0.015949655426845382
leaf_weight=112.12369395978749 0.64711214136332174 1.0158950539189415 0.5968271242454638 3.0344946160912505 1.5865526709239919 0.86245312914252181 0.79900146223371704 1.3320851371390805 1.273875917773694 1.0422230367548766 0.737429146654908 1.9616329553537069 1.800048226956277 1.70551181724295 0.85479055647737845 5.0865805977955443 7.1666112132370472 2.6062069553881884 3.4683037437498561 1.2106592995114649 2.3411293402314177 1.4918354158289719 2.8331832331605256 1.6120673837140183 1.0221383490134028 2.3575751483440404 0.5881933015771208 1.6185477073304353 0.95880836248397827 2.1104819769971073
leaf_count=735 25 249 12 41 40 9 67 64 22 36 36 38 21 34 44 40 55 23 25 10 19 30 26 29 19 35 14 34 37 30
internal_value=-0.000229307 -0.0079019 0.00530918 0.0142589 0.000724899 0.0148854 0.0236219 -0.0157242 0.0132675 0.0350051 -0.0154223 -0.0212582 -0.0190155 0.0788896 -0.0661537 0.00239242 0.0183742 0.0381095 0.000544922 -0.0138429 -0.00990875 -0.0228968 0.00945318 -0.00798459 -0.0196436 -0.00156888 -0.0141536 -0.0387468 0.0490561 -0.0213323
internal_weight=167.846 37.3946 15.1019 14.4548 11.4203 9.83375 9.23692 22.2926 8.37446 5.13896 2.39122 3.23551 21.2768 2.74773 1.59222 130.451 14.8594 7.69279 115.592 19.4767 18.1446 10.8598 7.28479 9.36799 8.15733 6.54526 5.52312 3.97612 1.547 4.94367
internal_count=1899 1021 404 379 338 298 286 617 277 217 147 60 368 70 80 878 118 63 760 347 283 208 75 178 168 139 120 69 51 56
cat_boundaries=0 1 2 3 4
cat_threshold=4 153 1 2
is_linear=0
shrinkage=0.1


Tree=67
num_leaves=31
num_cat=3
split_feature=3 2 2 7 2 0 2 2 2 0 1 2 2 2 2 2 2 2 2 2 1 2 0 2 2 2 2 7 2 2
split_gain=0.402868 1.10477 0.868219 0.877703 0.860024 2.66429 0.727727 1.39637 0.74973 1.14161 0.740567 0.709067 1.60017 0.890239 2.73352 3.7515 0.782057 1.05034 0.906041 0.716872 0.600122 1.94795 2.0434 0.957285 0.901215 0.891369 2.52091 0.920307 1.43698 1.27435
threshold=0 21538.500000000004 23883.185000000001 1 16813.290000000005 48.500000000000007 34166.205000000009 37219.750000000007 121705.49000000001 32.500000000000007 42.500000000000007 28251.555000000004 33897.615000000005 37219.750000000007 39451.380000000012 41420.005000000005 122487.8 92056.155000000013 57611.885000000009 65263.595000000008 37.500000000000007 344101.61000000004 42.500000000000007 29134.335000000003 114422.41000000002 30039.515000000003 31447.195000000003 2 45000.44000000001 47640.350000000006
decision_type=9 2 2 9 2 2 2 2 2 2 2 2 2 2 2 2 2 2 2 2 2 2 2 2 2 2 2 9 2 2
left_child=1 4 -3 6 5 -1 -4 -8 9 -9 -11 -5 -13 -14 -15 -16 17 18 -17 -20 21 22 -2 -24 -25 -22 -27 28 -28 -30
right_child=20 2 3 11 -6 -7 7 8 -10 10 -12 12 13 14 15 16 -18 -19 19 -21 25 -23 23 24 -26 26 27 -29 29 -31
leaf_value=-0.044098300691121889 -0.11720429088163682 -0.066663616114856702 0.0052360889399180911 0.049333993105532249 0.077169025423330553 0.086344713310061716 -0.13941462091616791 0.064665784530047274 -0.083667405637316575 -0.079967168572366826 0.0014571707698033762 -0.046816544537260418 0.069337123797136455 -0.11252119443420348 0.14734669562447883 -0.010011234035312087 0.046722218685760014 -0.048548701089750491 0.076228248852530892 0.013396323992889198 -0.019033397216388498 0.14487899079969171 0.048214427597182558 -0.077305234465248576 0.034540269105542913 0.08601742156129405 -0.015677341827757981 -0.01041840272936722 0.1138246529852906 0.022817305510097387
leaf_weight=3.4467353187501413 2.5374279505340365 1.846453156787901 5.8267721529118708 4.5272385652642688 3.4630877263844013 2.8693117499351501 1.2236748044379036 1.5883033418795092 1.6829020901350302 1.9703587074764071 2.5791282150894403 4.7489251368679097 2.788274146616458 1.7098857634118783 2.0683389641344574 10.25512735149824 4.2572175830136976 3.719090840779244 2.75003102282062 5.3455008785240352 23.355863348464482 0.58987672626972187 1.9255150728859005 2.1988607782404874 1.0714888295624403 3.5210014197509727 10.134939029114323 34.908685422502458 1.6974530573934341 16.445743003161624
leaf_count=23 236 13 42 34 22 17 8 46 37 30 19 33 20 11 14 77 51 40 23 52 186 3 17 41 27 23 69 416 11 258
internal_value=-0.000242431 0.00523164 0.000824565 0.00300921 0.0371196 0.0151605 -0.0133484 -0.0400801 -0.0245376 -0.00832497 -0.0338073 0.00965384 0.00744614 0.0152802 0.0102736 0.0176679 0.00747991 -8.98696e-05 0.00973118 0.0347402 -0.00417074 -0.0302857 -0.0436468 -0.00772467 -0.0406605 -0.00222043 0.00366616 -0.000922758 0.0106999 0.0313318
internal_weight=167.053 68.6664 58.8872 57.0408 9.77913 6.31605 14.8711 9.04437 7.82069 6.13779 4.54949 42.1696 37.6424 32.8935 30.1052 28.3953 26.327 22.0698 18.3507 8.09553 98.3869 8.32317 7.73329 5.19586 3.27035 90.0637 66.7078 63.1868 28.2781 18.1432
internal_count=1899 612 550 537 62 40 182 140 132 95 49 355 321 288 268 257 243 192 152 75 1287 324 321 85 68 963 777 754 338 269
cat_boundaries=0 1 2 3
cat_threshold=938 7682 6914
is_linear=0
shrinkage=0.1


Tree=68
num_leaves=31
num_cat=3
split_feature=0 2 2 0 2 1 3 1 2 7 0 2 1 2 2 5 2 2 0 2 1 0 0 2 2 2 2 2 2 1
split_gain=0.396734 0.416583 1.51841 1.08465 0.9415 0.910415 0.710583 1.11099 2.27616 0.818341 1.27941 1.53735 1.3856 1.83794 1.31547 1.51229 1.25794 1.39762 1.01696 1.01072 0.99816 1.2185 1.11081 1.60619 1.0898 1.3989 0.967866 0.720673 0.701773 0.701572
threshold=70.500000000000014 20435.400000000005 22429.340000000004 58.500000000000007 13304.090000000002 41.500000000000007 0 29.000000000000004 265177.82500000001 1 53.500000000000007 42737.520000000004 36.500000000000007 30316.580000000005 30039.515000000003 2 115648.01000000002 66758.250000000015 32.500000000000007 126385.21000000001 43.500000000000007 35.500000000000007 45.500000000000007 56991.460000000006 73780.295000000013 77731.335000000006 39113.875000000007 139034.62000000002 243002.39500000005 42.500000000000007
decision_type=2 2 2 2 2 2 9 2 2 9 2 2 2 2 2 1 2 2 2 2 2 2 2 2 2 2 2 2 2 2
left_child=1 3 -3 4 5 -1 7 8 -4 10 12 -12 13 -8 -14 19 17 18 -11 -16 22 -22 23 -17 -25 -26 -20 -18 -15 -28
right_child=-2 2 6 -5 -6 -7 9 -9 -10 16 11 -13 14 28 15 20 27 -19 26 -21 21 -23 -24 24 25 -27 29 -29 -30 -31
leaf_value=-0.059100206074108701 -0.046762904582334022 -0.060713576123085859 -0.095168620796018802 0.070372045885321685 0.021731542132214871 0.016275544722988429 0.17434148613770051 0.010917984727765754 0.10307219789893943 -0.028032822069504349 -0.12796023670233445 -0.024632660361449291 -0.06540998894044546 -0.027721796930146276 -0.12140247663686846 0.074624794760998259 0.15413143496237411 -0.055729846447700349 0.040123169476022062 -0.019156813913433893 -0.073330457143915534 0.0046955691394766942 -0.030438439064548285 -0.072328188976131094 0.18232953242001937 -0.035790131754511165 -0.036304941383458772 0.036155770674249375 0.09949117972370751 0.016416463225538854
leaf_weight=3.6515550698386567 1.8166040889918793 4.2293490008451036 2.4902310807374302 2.8851524442434302 11.294413185678421 2.8555074501782656 0.88355139968917074 63.939737432345282 0.7547184177674352 5.9201857459847878 2.1840864159166804 4.2261014359537512 4.8282369180815321 1.7090720435371625 1.7536927430191966 5.2866094629280358 0.80424938595388029 3.8279048733529626 10.724896891042592 2.1546973549993709 3.0338090739678574 5.8818030245602131 2.8583546816371372 1.6211722902953627 0.49521648883819558 0.7237674806965515 3.8784700068645162 1.4537178772152399 0.58108355337753881 7.2278010435402393
leaf_count=38 16 31 84 18 79 24 8 715 6 56 22 47 41 98 54 36 22 97 65 34 35 37 20 22 2 42 34 60 9 47
internal_value=-0.000286805 0.000227504 -0.00168534 0.013494 0.00427562 -0.0260229 0.000107578 0.00698185 -0.0490613 -0.00638462 -0.0151242 -0.0598385 -0.0108683 0.0518239 -0.0178161 -0.00816457 0.00468544 0.000914401 0.00872767 -0.0650344 0.00300434 -0.0218552 0.0231805 0.0420394 -0.0186143 0.0528217 0.0186964 0.0781767 0.00455608 -0.00199461
internal_weight=165.976 164.159 143.473 20.6866 17.8015 6.50706 139.243 67.1847 3.24495 72.0585 38.2213 6.41019 31.8111 3.17371 28.6374 23.8091 33.8372 31.5793 27.7514 3.90839 19.9007 8.91561 10.9851 8.12677 2.84016 1.21898 21.8312 2.25797 2.29016 11.1063
internal_count=1899 1883 1724 159 141 62 1693 805 90 888 507 69 438 115 323 282 381 299 202 88 194 72 122 102 66 44 146 82 107 81
cat_boundaries=0 1 2 3
cat_threshold=1209 10914 1
is_linear=0
shrinkage=0.1


Tree=69
num_leaves=31
num_cat=4
split_feature=3 2 4 1 0 0 2 2 2 2 0 0 0 0 4 2 2 2 7 1 2 2 2 0 1 0 0 0 2 0
split_gain=0.383091 0.88894 0.755667 2.17542 0.814687 1.32459 0.811291 0.748842 0.958579 0.711447 0.659859 1.4819 0.69407 0.919901 0.572521 3.50804 0.810863 1.29952 0.708994 1.84655 1.49916 2.11359 1.47958 1.70622 1.46314 1.2981 1.28869 1.20488 1.69301 1.05057
threshold=0 21538.500000000004 1 51.000000000000007 29.500000000000004 28.500000000000004 23883.185000000001 88121.210000000006 100787.93000000001 16813.290000000005 53.500000000000007 55.500000000000007 49.500000000000007 45.500000000000007 2 45000.44000000001 6395.1350000000011 12637.335000000001 3 47.500000000000007 44383.265000000007 47117.580000000009 143316.38000000003 31.500000000000004 44.500000000000007 57.500000000000007 57.500000000000007 28.500000000000004 50520.56500000001 33.500000000000007
decision_type=9 2 9 2 2 2 2 2 2 2 2 2 2 2 9 2 2 2 9 2 2 2 2 2 2 2 2 2 2 2
left_child=1 9 3 -3 5 7 -6 -4 -9 -1 12 -12 13 -8 15 -2 -16 -18 19 22 24 -22 23 27 25 -20 -25 28 -19 -26
right_child=14 2 4 -5 6 -7 10 8 -10 -11 11 -13 -14 -15 16 -17 17 18 20 -21 21 -23 -24 26 29 -27 -28 -29 -30 -31
leaf_value=0.013895477854788826 -0.025033427545940526 -0.05513747647050337 -0.034234144304982624 0.05105439402753878 -0.058302912711876591 -0.10590573670636888 0.024860119774516916 0.13563048504949565 -0.0061786642261222394 0.070741293440216943 -0.065418975713428321 0.022852415799842273 0.068567629129134416 -0.028476126649746948 0.079164266273271083 0.10731173976815829 -0.097938819928823542 -0.12209329773940761 0.0053272525338270748 0.049188714135677651 -0.15461365346207101 -0.027015597662119979 0.051158810413043758 -0.044215978647602315 0.022112561265735416 0.074533101678319946 0.035971425755891455 0.079828028673540719 0.079422524149397225 -0.036713096383211623
leaf_weight=6.231287155300377 4.9478462826227751 8.1650672883260977 2.6356084067956536 2.5259100496768943 1.5225149616599072 1.5411655313801018 24.68418300990016 0.75783529749605838 1.2848008195869622 3.4045164957642555 2.981604401022194 5.2518495079129934 2.9844732712954274 3.7211503074504426 1.0636426075361658 3.3649572166614234 1.6012333586113516 0.89643429173157574 12.632876935647802 7.7044835493434212 1.3846254865638936 20.792164336540736 3.7000466978643081 13.77238938608207 4.023251972859728 3.4506714530289164 2.3454928230494252 2.6669732853770256 0.7793761626817286 12.371028855442999
leaf_count=40 40 70 61 16 10 16 219 8 35 22 18 41 21 35 14 40 20 16 122 55 14 564 75 128 27 22 21 18 44 67
internal_value=-0.000283131 0.00509845 0.00118302 -0.0155257 0.00679723 -0.0255006 0.0133312 0.000987425 0.0464337 0.0339802 0.0160837 -0.00911356 0.0226929 0.017873 -0.0041199 0.0129548 -0.00685707 -0.00867351 -0.00702147 0.00499282 -0.012629 -0.0349823 -0.00703408 -0.0175575 -0.00125398 0.0201751 -0.032547 0.0380748 -0.0283735 -0.0222769
internal_weight=165.189 67.692 58.0562 10.691 47.3652 6.21941 41.1458 4.67824 2.04264 9.6358 39.6233 8.23345 31.3898 28.4053 97.4975 8.3128 89.1847 88.121 86.5198 31.8652 54.6546 22.1768 24.1607 20.4607 32.4778 16.0835 16.1179 4.34278 1.67581 16.3943
internal_count=1899 612 550 86 464 120 344 104 43 62 334 59 275 254 1287 80 1207 1193 1173 357 816 578 302 227 238 144 149 78 60 94
cat_boundaries=0 1 2 3 4
cat_threshold=938 42 40 4610
is_linear=0
shrinkage=0.1


Tree=70
num_leaves=31
num_cat=4
split_feature=0 6 1 1 7 2 2 3 2 2 2 2 2 1 2 2 2 0 0 0 0 0 5 0 1 1 0 0 0 0
split_gain=0.33216 0.382961 0.681364 0.806693 0.516785 0.897981 1.67214 0.815945 1.16748 1.14185 0.660142 0.646391 1.2011 0.817068 0.575908 0.611564 0.893512 0.58498 1.00937 0.660547 0.571434 0.903693 0.998356 0.701811 0.55782 1.22454 1.09201 0.903536 0.699238 0.517053
threshold=70.500000000000014 0 35.500000000000007 5.5000000000000009 1 45000.44000000001 50520.56500000001 2 42127.220000000008 44056.680000000008 25204.395000000004 59732.775000000009 67187.835000000006 48.500000000000007 56318.030000000006 63392.280000000006 71395.35000000002 53.500000000000007 44.500000000000007 36.500000000000007 41.500000000000007 38.500000000000007 3 29.500000000000004 41.500000000000007 53.500000000000007 47.500000000000007 29.500000000000004 40.500000000000007 24.500000000000004
decision_type=2 1 2 2 9 2 2 9 2 2 2 2 2 2 2 2 2 2 2 2 2 2 1 2 2 2 2 2 2 2
left_child=1 -1 3 -3 5 10 -7 8 -6 -9 -4 -10 -13 20 -8 -16 -17 18 19 29 21 22 23 -14 26 -26 27 -11 -29 -18
right_child=-2 2 4 -5 7 6 14 9 11 24 -12 12 13 -15 15 16 17 -19 -20 -21 -22 -23 -24 -25 25 -27 -28 28 -30 -31
leaf_value=0.0028140745972669509 -0.04311251850429379 0.11439703590465995 -0.018092749280292472 -0.081531071080142181 0.11466636966372606 0.11066658460529288 -0.11441958462448898 -0.12589036796966979 -0.054361519235168521 0.054895524652194619 -0.12173045682645506 0.12724990850351206 -0.033349186380482711 0.069002627103690914 0.039009211535656264 -0.11506282003112361 0.037394018221188229 0.043314075826442658 -0.11861082655216558 0.020273290325035286 -0.043852820113588084 0.12362590029425335 -0.10965912053977017 0.11148941315239143 -0.12172894033369103 0.017006709013064725 0.074366476837395945 -0.11645756730545154 0.0054294517725269418 -0.074897280071113376
leaf_weight=127.06517325900495 1.7903755549341429 0.23335201828740482 1.0383836517576122 2.1128582758828998 1.5865544900298107 0.98691756371408601 0.67919497727416356 1.0207231960957885 0.99518438789527763 0.8887757771299224 1.5060155729297546 1.1181357444729636 0.65728136571124196 2.0271358082536608 1.5288587408140291 1.0719561628065983 0.5230008133221421 1.3079762961715458 1.0717502783518282 2.8691656871233135 2.2310024392791092 0.68638332560658444 0.66332629567477908 0.68132185167632997 1.2303405849961566 1.3174588906113056 1.6136535117402671 1.1544950900133697 0.7946071047335862 1.8987969515146685
leaf_count=867 16 3 17 282 22 7 19 23 20 40 29 12 33 21 14 30 51 19 33 52 36 11 37 8 34 15 20 37 14 77
internal_value=-0.000275117 0.000196679 -0.00777542 -0.0620442 -0.00627996 -0.0150833 -0.0140024 0.00561979 0.0183231 -0.0120535 -0.0794353 0.0216761 0.0310592 0.0155759 -0.025238 -0.0193409 -0.0295448 -0.0175939 -0.0301147 -0.0121887 -0.00644 0.0246085 -0.00934069 0.0403707 -0.0126735 -0.0499892 0.00868378 -0.0286642 -0.0667668 -0.0506473
internal_weight=164.35 162.56 35.4946 2.34621 33.1484 14.482 11.9376 18.6664 10.6463 8.02005 2.5444 9.05977 8.06459 6.94645 10.9507 10.2715 8.74265 7.67069 6.36271 5.29096 4.91932 2.68831 2.00193 1.3386 6.99933 2.5478 4.45153 2.83788 1.9491 2.4218
internal_count=1899 1883 1016 285 731 348 302 383 200 183 46 178 158 146 295 276 262 232 213 180 125 89 78 41 160 49 111 91 51 128
cat_boundaries=0 1 2 3 4
cat_threshold=4 14884 18 2
is_linear=0
shrinkage=0.1


Tree=71
num_leaves=31
num_cat=5
split_feature=3 7 2 4 2 2 0 0 0 2 2 0 0 4 7 2 1 2 2 2 0 2 0 0 1 2 0 0 0 2
split_gain=0.344577 0.96691 1.50104 0.946571 1.3122 1.7502 1.30009 1.14627 0.905811 0.940833 0.79588 0.773196 2.49367 0.746068 1.31225 1.67792 1.5527 1.25812 0.984874 2.4888 1.23819 1.11083 1.07447 0.941891 0.742154 1.53171 1.25672 1.28573 1.54886 1.34456
threshold=0 1 34598.850000000006 2 39113.875000000007 44383.265000000007 61.500000000000007 35.500000000000007 40.500000000000007 72166.920000000013 56991.460000000006 51.500000000000007 47.500000000000007 3 4 64708.420000000006 38.500000000000007 95920.62000000001 27647.070000000003 30654.320000000003 53.500000000000007 48439.730000000003 40.500000000000007 21.500000000000004 35.500000000000007 26202.650000000005 56.500000000000007 52.500000000000007 44.500000000000007 16330.520000000002
decision_type=9 9 2 9 2 2 2 2 2 2 2 2 2 9 9 2 2 2 2 2 2 2 2 2 2 2 2 2 2 2
left_child=1 2 -1 4 7 -6 11 -3 10 -10 -7 12 -5 14 16 24 -2 -18 -15 -20 21 -21 -23 -17 25 -16 27 28 29 -26
right_child=13 3 -4 6 5 8 -8 -9 9 -11 -12 -13 -14 18 15 23 17 -19 19 20 -22 22 -24 -25 26 -27 -28 -29 -30 -31
leaf_value=0.012110420307639824 -0.070647337482406078 -0.032935914297835829 -0.05842360795077705 -0.02594125238098819 0.10809633252949509 0.10443258308463609 0.057359485960826885 0.021969729051062467 -0.031651065082078982 0.038942818379523722 0.03366665786176351 -0.050873880505339378 0.080388713367869624 -0.019052046511482675 0.11232601697241498 0.086670399126254002 0.0055239609420196477 0.065784874458246323 0.16369463279746271 -0.053359818370493334 0.069505562123431355 -0.025287436016889094 0.076034284710117736 -0.076554612229720084 0.062899918059349066 -0.028639208654252908 -0.071308242573728781 0.03957315234446257 -0.073070376823217903 -0.018461086285961711
leaf_weight=5.5292937504127604 2.3941324034822165 5.8329237501602647 6.6407937398762442 11.50555267790333 3.2324940531398196 1.9909689682535843 2.6323568001389495 10.922411810606716 3.9653414711356154 3.6035425430163741 7.877170845749788 5.1193265803158274 2.7286953888833514 5.0091879365500089 1.3468788673635566 0.37305632716743176 28.773750403663144 3.9388374780537552 1.3123207930475462 2.8991131894872506 3.1588056990876794 2.0223362513934262 2.169284762814641 6.75452576787211 2.3509695790708198 1.8022501248633487 4.0337970182299605 4.1683915499597779 4.5324682546779504 14.932135138544252
leaf_count=40 124 41 104 102 28 15 14 77 27 30 93 31 23 42 11 66 226 100 8 27 25 54 24 281 18 36 24 24 35 149
internal_value=-0.000269906 0.00460447 -0.0144797 0.0100367 0.0186656 0.0405121 -0.00589514 0.00285579 0.0279833 0.00195865 0.0479442 -0.0175447 -0.00555787 -0.00411662 -0.00840532 -0.0192217 0.00551851 0.0127798 0.0112168 0.0340325 0.0174309 -0.0057675 0.0271495 -0.0680114 -0.0145322 0.0316515 -0.0193773 -0.0113155 -0.021039 -0.00739379
internal_weight=163.553 71.5809 12.1701 59.4108 37.4249 20.6695 21.9859 16.7553 17.437 7.56888 9.86814 19.3536 14.2342 91.9722 75.4012 40.2945 35.1067 32.7126 16.571 11.5619 10.2495 7.09073 4.19162 7.12758 33.1669 3.14913 30.0178 25.984 21.8156 17.2831
internal_count=1899 625 144 481 311 193 170 118 165 57 108 156 125 1274 1094 644 450 326 180 138 130 105 78 347 297 47 250 226 202 167
cat_boundaries=0 1 2 3 4 5
cat_threshold=427 6658 16 17 5634
is_linear=0
shrinkage=0.1


Tree=72
num_leaves=31
num_cat=3
split_feature=3 2 0 1 2 2 0 2 2 2 0 0 7 1 0 2 0 1 7 0 1 2 2 1 2 2 2 0 0 2
split_gain=0.345441 0.787358 1.20105 1.59011 1.41204 0.837905 1.11019 0.860487 0.541288 0.462308 0.371946 1.3246 1.02169 1.31632 0.987484 1.25371 0.968954 0.963206 0.939217 0.840689 1.51225 0.835567 1.60802 0.938428 0.863499 1.26719 1.04113 0.792249 0.768092 0.764865
threshold=0 39451.380000000012 48.500000000000007 44.500000000000007 29386.665000000005 45388.020000000004 51.500000000000007 92565.815000000017 132659.61000000002 53324.80000000001 48.500000000000007 51.500000000000007 1 43.500000000000007 59.500000000000007 81275.115000000005 59.500000000000007 66.500000000000014 2 27.500000000000004 47.500000000000007 56991.460000000006 99434.165000000023 55.500000000000007 25204.395000000004 18838.730000000003 32623.385000000006 47.500000000000007 61.500000000000007 7774.2050000000008
decision_type=9 2 2 2 2 2 2 2 2 2 2 2 9 2 2 2 2 2 9 2 2 2 2 2 2 2 2 2 2 2
left_child=1 2 3 -1 -4 -3 7 9 -9 -7 17 -12 13 16 15 -14 -13 18 19 20 -2 23 -23 24 25 -21 -26 29 -16 -20
right_child=10 5 4 -5 -6 6 -8 8 -10 -11 11 12 14 -15 28 -17 -18 -19 27 21 -22 22 -24 -25 26 -27 -28 -29 -30 -31
leaf_value=-0.082351441453252294 0.0075835944523678037 0.092044421866007226 0.069518081366825926 0.024604560654048951 -0.027812687607365535 0.024944872170607264 -0.035295595642886327 -0.048363916604329371 0.04028509372902888 0.089829245728760276 -0.045430425468095781 -0.090670903423286819 0.051786737518794423 0.007104808366644926 -0.058681582115330366 -0.026867621748842798 -0.016666970248282335 0.057894898840753939 0.10175131524886556 0.0093558757584972629 -0.12953192966967794 -0.040159618553675669 0.048893966129568645 0.079645028370482263 -0.035654117318500926 0.09777835268904897 0.02244210404513948 0.058064468931759011 0.0089053124720330137 -0.013258306759812159
leaf_weight=3.3874190830392781 2.8564207257586527 1.8749689096584905 3.2933828132227063 2.3573196064680815 2.7229163516312838 1.7606152966618518 2.7264576847665012 1.4086740257916974 1.3477894058451054 2.9183317661518231 8.5621904374565911 4.0595963909290713 9.4694831212982553 5.3423314709216356 2.317572374828158 2.5782968220300964 3.1360157919116318 2.8793554136063895 0.58453747956082125 3.4847365533933106 1.119652511551976 5.7669028085656446 3.1271026388276368 2.9640870764851561 4.1725239418447044 3.0299978088587523 11.831440945155917 1.6621968466788519 6.1262046792544425 53.768532776710344
leaf_count=29 67 16 26 22 19 10 19 22 25 38 77 36 66 34 17 36 28 22 7 26 10 67 45 16 30 19 77 17 54 922
internal_value=-0.000254653 0.0089013 -0.0057597 -0.0384627 0.0254672 0.0306214 0.0192883 0.0393034 -0.00501845 0.0654143 -0.00229954 -0.0103796 -0.00129342 -0.0169669 0.0111401 0.0349542 -0.0584183 0.000919755 -0.000818667 0.0099194 -0.0310278 0.0175409 -0.00884868 0.0267514 0.0197891 0.0504811 0.00729537 -0.00843574 -0.00964533 -0.0120214
internal_weight=162.637 23.7979 11.761 5.74474 6.0163 12.0368 10.1619 7.43541 2.75646 4.67895 138.839 41.5917 33.0295 12.5379 20.4916 12.0478 7.19561 97.2475 94.3681 38.3529 3.97607 34.3768 8.89401 25.4828 22.5187 6.51473 16.004 56.0153 8.44378 54.3531
internal_count=1899 226 96 51 45 130 114 95 47 48 1673 348 271 98 173 102 64 1325 1303 357 77 280 112 168 152 45 107 946 71 929
cat_boundaries=0 1 2 3
cat_threshold=424 548 772
is_linear=0
shrinkage=0.1


Tree=73
num_leaves=31
num_cat=3
split_feature=0 7 0 4 0 1 0 1 0 0 0 2 2 5 1 2 1 0 2 0 2 2 0 2 0 0 0 2 1 1
split_gain=0.328289 0.386241 1.18318 1.26086 1.43547 1.34984 2.43119 1.14445 2.15453 1.01925 1.01464 1.15226 1.0617 1.18463 0.835951 0.805428 0.763629 0.769618 1.37619 0.753029 0.705496 1.48355 1.47983 1.1958 0.994961 0.787393 0.692414 1.78933 1.51001 1.97675
threshold=70.500000000000014 0 65.500000000000014 1 40.500000000000007 48.500000000000007 49.500000000000007 24.500000000000004 35.500000000000007 29.500000000000004 57.500000000000007 91074.435000000012 324720.70000000001 2 44.500000000000007 33185.67500000001 32.500000000000007 51.500000000000007 91074.435000000012 63.500000000000007 41420.005000000005 36356.030000000006 35.500000000000007 49195.090000000004 32.500000000000007 40.500000000000007 47.500000000000007 52787.085000000006 48.500000000000007 42.500000000000007
decision_type=2 9 2 9 2 2 2 2 2 2 2 2 2 1 2 2 2 2 2 2 2 2 2 2 2 2 2 2 2 2
left_child=1 2 3 4 9 10 -7 8 15 -1 11 20 13 -13 -6 -3 17 18 -9 26 21 25 23 -22 -25 -5 -18 28 29 -28
right_child=-2 7 -4 5 14 6 -8 16 -10 -11 -12 12 -14 -15 -16 -17 19 -19 -20 -21 22 -23 -24 24 -26 -27 27 -29 -30 -31
leaf_value=0.049344784661091372 -0.043348702979647248 0.22715569092311455 0.077464148222456661 -0.062154341095570068 0.093537662192225923 0.035388757314421405 -0.044843237076707801 -0.10768832928157911 -0.13072255623607484 -0.047930448162084596 0.02616737281205378 -0.020583986027588482 0.13012250079237217 0.077193689615575656 0.027726357180421386 -0.0090940674394128819 -0.009028060883557603 0.14345134944696347 0.099182998462790675 -0.06701074377988514 -0.092022597116110341 0.04084714782197657 -0.083796935994957022 -0.035315425986969448 0.093104283990284101 -0.013694070199477579 -0.010215644240745303 0.055435254414646043 -0.053367022733272956 0.080031578052080068
leaf_weight=1.9749880891758937 1.7471460122615088 0.24947339855134432 2.234164683148264 5.721637446433312 4.8917819205671531 15.800555046414958 4.9631261955946675 0.54948159685591169 1.7192312243860213 2.3694175067357719 5.1454107007011762 5.7125201945309518 0.69328009895980347 1.5823135030805131 3.1879277527332306 0.34231552924029529 54.4554130443139 0.69275418715551484 0.7752979637007229 1.8672436252236355 1.0301777165732331 3.3024505263892925 5.9355305375065655 1.0801927722932307 1.3665807466022668 8.0988286435604078 9.6858646082691902 6.6606862095650277 4.7834261301904908 3.2386118434369555
leaf_count=39 16 3 17 58 47 130 29 35 31 35 42 153 5 88 18 46 626 9 33 15 16 27 68 57 14 55 71 66 30 20
internal_value=-0.00023586 0.000234592 0.00510272 0.00358413 0.0236283 -0.00381522 0.016211 -0.00417423 -0.0740738 -0.00370865 -0.0152592 -0.0214334 0.0118638 0.000624851 0.0675712 0.0904989 -0.00272581 0.0580412 0.0133785 -0.00424518 -0.0314571 -0.0193679 -0.0534494 -0.00164298 0.03641 -0.0337565 -0.00275834 0.0112523 -0.00536672 0.0123985
internal_weight=161.858 160.111 75.0909 72.8567 12.4241 60.4326 20.7637 85.0198 2.31102 4.34441 39.6689 34.5235 7.98811 7.29483 8.07971 0.591789 82.7088 2.01753 1.32478 80.6912 26.5354 17.1229 9.41248 3.47695 2.44677 13.8205 78.824 24.3686 17.7079 12.9245
internal_count=1899 1883 898 881 139 742 159 985 80 74 583 541 246 241 65 49 905 77 68 828 295 140 155 87 71 113 813 187 121 91
cat_boundaries=0 1 2 3
cat_threshold=5383 14 1
is_linear=0
shrinkage=0.1


Tree=74
num_leaves=31
num_cat=4
split_feature=6 3 0 0 0 2 2 0 0 2 1 1 0 2 2 2 0 0 0 2 2 7 5 2 2 2 0 0 0 2
split_gain=0.391624 0.313961 0.466289 0.702754 1.2599 0.969563 1.8987 0.797243 0.600293 2.12225 0.601487 0.532437 0.51614 0.441895 0.389217 1.53011 1.23023 0.65404 1.8226 1.04844 0.774676 0.60215 1.10049 1.52544 1.11418 0.973223 0.826279 1.32366 0.752817 0.536583
threshold=0 1 56.500000000000007 39.500000000000007 36.500000000000007 29134.335000000003 39451.380000000012 42.500000000000007 45.500000000000007 27647.070000000003 48.500000000000007 41.500000000000007 49.500000000000007 33897.615000000005 29134.335000000003 31447.195000000003 62.500000000000007 46.500000000000007 42.500000000000007 24904.665000000005 16813.290000000005 2 3 61032.000000000007 50197.330000000009 50520.56500000001 41.500000000000007 31.500000000000004 48.500000000000007 77731.335000000006
decision_type=1 9 2 2 2 2 2 2 2 2 2 2 2 2 2 2 2 2 2 2 2 9 1 2 2 2 2 2 2 2
left_child=-1 2 3 4 5 -2 -7 -5 9 -9 12 -8 -10 -4 17 -16 21 18 19 -3 -19 25 23 24 -23 -17 27 -27 -24 -28
right_child=1 14 13 7 -6 6 11 8 10 -11 -12 -13 -14 -15 15 16 -18 20 -20 -21 -22 22 28 -25 -26 26 29 -29 -30 -31
leaf_value=-0.0091998687028567658 0.052484728243055515 0.0090700231382708114 0.0080906825423180586 -0.041107358417536155 0.064473742122426556 -0.064284342267443825 -0.0040035546389653913 -0.032604867510668344 -0.023104309704602012 0.083851282597929594 -0.043906314356731403 0.049178445823583772 0.031802087197983886 0.057244760753225613 0.054458193536459226 -0.0010667652670086085 -0.057797247141747402 -0.033265218310303088 -0.092306693650780994 -0.059961681537759173 0.029160405587931582 -0.0021061536098600175 -0.11542419407099036 0.057682575741858269 -0.058956008397124116 0.064911611249604803 0.11968415307892984 -0.044817134409931764 -0.013081926010825582 0.044387686356532376
leaf_weight=28.177057410794077 3.3338744267821339 9.256460405886175 3.6436272934079161 5.1984137445688274 4.6721609085798255 4.0163478478789312 4.0382265904918313 2.997327487915757 3.1815329939126951 3.274281170219183 3.6195227913558483 3.5264640506356955 3.7067964258603752 3.6722504124045372 5.1908470988273612 10.648268380202355 3.7292957971803835 2.9443109822459501 3.1870682500302783 2.8861017115414134 6.1197506301105022 21.157797964289792 1.5313178604701563 3.6628322834148994 4.1185183953493825 2.4342885138466936 1.7441076915711167 2.0046741585247219 1.3545229001902042 2.069340433459729
leaf_count=889 23 73 25 36 33 22 33 18 24 26 24 30 27 24 31 65 40 23 22 25 39 133 26 34 42 23 12 31 16 30
internal_value=-0.000226258 0.00220245 0.00787294 0.005386 0.0191596 0.00496469 -0.00871507 -0.00688925 0.0037118 0.0281946 -0.0109007 0.0207885 0.00644231 0.0327639 -0.00158222 0.00258165 -0.00236341 -0.012412 -0.025003 -0.00733776 0.00888247 0.00171203 -0.00646891 -0.00262936 -0.0113693 0.0123667 0.0446857 0.0153572 -0.067388 0.0788251
internal_weight=161.097 132.92 48.8808 41.5649 19.5871 14.9149 11.581 21.9779 16.7795 6.27161 10.5079 7.56469 6.88833 7.31588 84.0395 59.6458 54.455 24.3937 15.3296 12.1426 9.06406 50.7257 31.825 28.9391 25.2763 18.9007 8.25241 4.43896 2.88584 3.81345
internal_count=1899 1010 345 296 141 108 85 155 119 44 75 63 51 49 665 483 452 182 120 98 62 412 251 209 175 161 96 54 42 42
cat_boundaries=0 1 2 3 4
cat_threshold=3 419 2562 2
is_linear=0
shrinkage=0.1


Tree=75
num_leaves=31
num_cat=3
split_feature=6 1 2 2 2 2 2 2 7 0 0 0 7 2 0 0 2 2 0 2 2 0 2 0 0 2 2 2 1 0
split_gain=0.333196 0.334526 0.614099 1.25111 0.351189 2.41976 1.69902 1.26732 0.952898 1.97252 1.19437 0.970405 0.869602 2.17208 1.05514 2.79024 0.992778 0.881972 0.865026 1.4314 0.73576 1.48685 0.859036 2.38244 2.34613 1.03001 0.753277 0.726465 0.61533 0.595522
threshold=0 24.500000000000004 40617.340000000004 115648.01000000002 36356.030000000006 37648.215000000004 39451.380000000012 35421.17500000001 1 53.500000000000007 47.500000000000007 43.500000000000007 2 28251.555000000004 39.500000000000007 47.500000000000007 27469.245000000006 31447.195000000003 39.500000000000007 15130.985000000002 40949.195000000007 59.500000000000007 50839.855000000003 42.500000000000007 40.500000000000007 160829.54000000001 53672.670000000006 31680.205000000005 44.500000000000007 34.500000000000007
decision_type=1 2 2 2 2 2 2 2 9 2 2 2 9 2 2 2 2 2 2 2 2 2 2 2 2 2 2 2 2 2
left_child=-1 2 -2 -4 7 -6 -7 12 9 10 11 28 13 14 29 -16 18 -18 19 -14 -10 22 24 25 -22 26 -24 -15 -8 -3
right_child=1 4 3 -5 5 6 8 -9 20 -11 -12 -13 16 27 15 -17 17 -19 -20 -21 21 -23 23 -25 -26 -27 -28 -29 -30 -31
leaf_value=-0.0085455175689526115 0.013291017904218431 0.0088784821302979409 -0.11618339127289763 0.016485603523996278 0.087003255864760834 -0.052619938311800077 -0.060813233681609472 -0.060508389581200167 0.062360124452547232 0.047156124020398593 -0.10334246804857293 0.043803876753234251 0.030294388961382413 -0.096496093228200949 -0.073539863519504187 0.051825145869194768 0.052641156251908107 0.0098101261764274514 0.0099410355496630104 -0.06334274313696886 0.058025196671705276 -0.058324138287021793 0.0496313858370553 0.083874178490854226 -0.028837784193198192 0.064866783116223084 -0.021533956179611263 -0.029096556642903112 0.00048826792458013475 0.075800951020322846
leaf_weight=28.07253395600128 2.5693656038492909 3.0569193288683909 1.5188908029813322 1.3360829036682842 3.7006072103977194 4.919349828734993 4.4996727108955401 3.4943949375301591 3.5559058412909499 3.5605223197489968 2.2550963787361971 1.796044675633311 2.459877502173188 3.6074759513139716 4.1835444923490286 3.0842272923327982 8.037318807095291 11.964599821716545 15.344168370589612 4.8539948761463165 4.783214125782254 2.5871916282922021 1.8598388433456436 6.3972373236902049 8.8860284518450481 2.5145252130459985 7.4267129076179117 2.8726252727210522 2.5742018353193998 2.3533750213682652
leaf_count=889 18 25 28 16 20 31 58 21 25 33 16 15 19 22 26 26 49 73 103 43 32 22 10 55 54 30 72 24 26 18
internal_value=-0.000265747 0.00199078 -0.0221768 -0.0540964 0.00318325 0.00861844 0.00358384 -0.00191937 0.00883063 -0.0104861 -0.0383601 -0.0218389 0.00139249 -0.0128259 0.00455212 -0.0203387 0.00873643 0.0270208 -0.00354876 -0.0318497 0.0150841 0.0145829 0.0205019 0.0347314 0.00155777 0.00809155 -0.00728151 -0.0666179 -0.0385055 0.0379885
internal_weight=160.126 132.053 5.42434 2.85497 126.629 61.3161 57.6155 65.3125 52.6962 14.6855 11.125 8.86992 61.8181 19.1582 12.6781 7.26777 42.66 20.0019 22.658 7.31387 38.0107 34.4547 31.8676 18.1983 13.6692 11.8011 9.28655 6.4801 7.07387 5.41029
internal_count=1899 1010 62 44 948 499 479 449 448 148 115 99 428 141 95 52 287 122 165 62 300 275 253 167 86 112 82 46 84 43
cat_boundaries=0 1 2 3
cat_threshold=3 9219 2210
is_linear=0
shrinkage=0.1


Tree=76
num_leaves=31
num_cat=3
split_feature=3 0 0 2 1 2 0 2 0 1 7 1 2 2 1 0 2 2 0 2 2 1 1 2 2 2 2 0 0 7
split_gain=0.310344 0.567515 1.27346 0.96701 1.00505 0.922616 0.426655 1.15007 1.01902 0.730946 0.821955 1.52479 1.86444 1.98663 1.09446 0.921193 1.25733 0.985348 0.797122 1.6239 1.64755 1.3317 1.22219 0.945774 0.743238 1.10495 0.786959 0.81548 1.14981 0.728774
threshold=0 46.500000000000007 57.500000000000007 48439.730000000003 44.500000000000007 105751.86500000001 48.500000000000007 6395.1350000000011 51.500000000000007 66.500000000000014 1 57.000000000000007 26202.650000000005 28251.555000000004 55.500000000000007 43.500000000000007 64004.205000000009 64708.420000000006 41.500000000000007 23184.980000000003 28251.555000000004 51.000000000000007 38.500000000000007 34750.085000000006 73780.295000000013 91074.435000000012 115648.01000000002 29.500000000000004 38.500000000000007 2
decision_type=9 2 2 2 2 2 2 2 2 2 9 2 2 2 2 2 2 2 2 2 2 2 2 2 2 2 2 2 2 9
left_child=1 3 -3 4 -1 -5 7 -2 -8 10 14 12 -12 -14 18 16 -15 -18 21 -20 -21 22 -9 -22 -19 -26 -27 -28 -29 -10
right_child=6 2 -4 5 -6 -7 8 9 29 -11 11 -13 13 15 -16 -17 17 24 19 20 23 -23 -24 -25 25 26 27 28 -30 -31
leaf_value=-0.06496109279349839 0.10616663170646255 0.051353468811258352 -0.01978643004803551 0.054032225015262704 0.014400333519371381 -0.03924617877144318 -0.042306277889207905 -0.076895893624443906 -0.015707946047231726 0.050301820643446508 -0.058832856456383309 -0.066812107740629359 0.090393048474995574 -0.036016676081294503 0.050215472367915917 0.032267260713829418 0.15546617548109756 -0.080503374988326909 0.077152762712976539 -0.082458388151485359 0.096008310667648436 -0.085633934620202898 0.0038476404065698393 0.0063140960155818873 0.079899032798938785 -0.10912437538415637 -0.10642734617759993 0.10540891276445251 -0.044216549482312156 0.0083146295696601979
leaf_weight=3.5533400835702214 1.0333286859095085 7.6653094198554736 3.7459711506962776 3.8446032868814655 2.8965716902166605 1.4642160279909147 8.2768368460237962 1.9939587639528316 12.244921160861848 2.8128337995149186 5.5842185298679423 4.8562774229794732 2.459982862230393 10.945741751987958 5.3174773433711371 5.3181486788671455 0.49168678326532145 0.8161763380630872 3.9179207589477292 1.9017890170216549 1.3829999640583972 1.9681416933890421 31.335965943755582 7.8390708401566371 2.0301317468984053 0.68778235680656541 0.47770548480912145 1.1480649188742975 0.92932655778713513 20.271386291366071
leaf_count=31 10 59 29 49 26 32 77 111 98 22 55 39 18 125 37 56 4 35 22 11 11 20 405 89 51 56 93 31 24 173
internal_value=-0.000306811 0.00846159 0.0280004 -0.0033039 -0.0293209 0.0283053 -0.00225633 0.00124274 -0.0109795 9.19669e-05 -0.0014532 -0.0115047 -0.00653392 0.00500734 0.0059926 -0.00418722 -0.0152487 0.019294 0.0025117 0.0217884 0.00228857 -0.00570279 -0.000982832 0.0197652 0.0082984 0.0220435 -0.0141757 0.0113826 0.0384736 -0.00300547
internal_weight=159.212 23.17 11.4113 11.7587 6.44991 5.30882 136.042 95.2487 40.7931 94.2154 91.4026 35.7452 30.889 25.3047 55.6573 22.8448 17.5266 6.58087 50.3398 15.0418 11.1239 35.2981 33.3299 9.22207 6.08919 5.27301 3.24288 2.5551 2.07739 32.5163
internal_count=1899 226 88 138 57 81 1673 1325 348 1315 1293 587 548 493 706 475 419 294 669 133 111 536 516 100 290 255 204 148 55 271
cat_boundaries=0 1 2 3
cat_threshold=424 807 548
is_linear=0
shrinkage=0.1


Tree=77
num_leaves=31
num_cat=4
split_feature=6 3 2 2 2 1 5 0 2 0 0 2 2 1 2 0 2 2 0 0 2 1 0 0 1 1 0 7 0 2
split_gain=0.35153 0.507859 1.00779 0.586827 1.51843 1.19213 1.15183 1.10679 1.05627 0.617335 0.408245 0.603715 0.792639 1.22392 0.810382 0.683649 0.405462 0.762557 0.383827 0.342676 0.892285 0.458021 0.484647 0.326214 1.63911 1.20962 0.878571 0.653077 0.859269 2.5493
threshold=0 1 36356.030000000006 99434.165000000023 193089.31000000003 77.500000000000014 2 57.500000000000007 194682.52000000005 40.500000000000007 52.500000000000007 28251.555000000004 73780.295000000013 42.500000000000007 92056.155000000013 43.500000000000007 62897.960000000006 66758.250000000015 66.500000000000014 32.500000000000007 50520.56500000001 44.500000000000007 39.500000000000007 36.500000000000007 57.000000000000007 55.500000000000007 34.500000000000007 3 50.500000000000007 38195.715000000004
decision_type=1 9 2 2 2 2 1 2 2 2 2 2 2 2 2 2 2 2 2 2 2 2 2 2 2 2 2 9 2 2
left_child=16 10 -3 6 5 -5 19 -8 -6 -10 11 -2 13 -13 -14 -16 18 -18 23 20 -4 22 -21 24 26 27 -1 28 -25 -30
right_child=1 2 3 4 8 -7 7 -9 9 -11 -12 12 14 -15 15 -17 17 -19 -20 21 -22 -23 -24 25 -26 -27 -28 -29 29 -31
leaf_value=-0.0088830262670256659 0.061748048606073386 -0.11452361942733838 0.092559152326455577 -0.10874752960332659 0.20121169345617007 0.084779516996852322 -0.084356831574836699 0.034578819042439722 -0.10216264787976526 0.040838337359070137 0.038127502982153311 -0.10325776257112243 0.048090083942368383 0.0027461650810879225 0.0083086888779376096 -0.073045092397647837 0.07651753295788373 0.0090068262277625127 -0.033667963277213907 0.10171841402182874 -0.10423635847855757 -0.0030193341290616596 0.019735407383351757 0.010001643595637485 0.045135664310909596 -0.027014496799226746 -0.05828255712676414 0.01811126421848885 0.0066108493628438715 -0.091578250597431327
leaf_weight=23.312808540184054 1.3925684825517262 1.2505137878470147 0.35351974656805374 2.9840156374848443 0.29388931213179592 0.35631149495020498 2.7881196765229093 1.087638786062598 0.45903441167320103 0.88181531615555286 3.3139450624585143 1.8719750794116397 3.413498661015181 2.6047805114649236 3.6099161766469479 1.4469903856515882 1.9579036533832539 11.502822544425724 3.2029464226216069 1.251016636611894 0.66151846683351323 2.6121058934368193 1.7021963424049316 21.946372138336301 5.1128013469278804 10.127519886940716 4.2577720414847127 29.88725976459682 8.8426935002207738 3.7721738647669545
leaf_count=182 14 58 14 305 6 4 148 15 76 30 21 44 31 23 62 17 15 103 25 22 70 32 29 149 32 57 32 201 56 26
internal_value=-0.000335115 -0.00801777 -0.0176197 -0.021185 -0.049456 -0.0881041 -0.0077335 -0.0509804 0.0295152 -0.00811746 0.00414598 -0.000815975 -0.00754522 -0.0415798 0.0104427 -0.01497 0.00225828 0.0188265 0.000443754 0.0177385 -0.035696 0.0274842 0.0544644 0.00146239 -0.00686809 0.00511327 -0.0165119 0.0101619 -0.00151458 -0.0227502
internal_weight=158.258 34.3354 16.6817 15.4312 4.97507 3.34033 10.4561 3.87576 1.63474 1.34085 17.6537 14.3397 12.9472 4.47676 8.47041 5.05691 123.923 13.4607 110.462 6.58036 1.01504 5.56532 2.95321 107.259 32.6834 74.576 27.5706 64.4485 34.5612 12.6149
internal_count=1899 1021 809 751 421 309 330 163 112 106 212 191 177 67 110 79 878 118 760 167 84 83 51 735 246 489 214 432 231 82
cat_boundaries=0 1 2 3 4
cat_threshold=4 139 2 556
is_linear=0
shrinkage=0.1


Tree=78
num_leaves=31
num_cat=3
split_feature=3 0 0 2 2 2 0 2 2 2 0 2 1 2 2 2 2 1 2 2 2 3 2 0 2 2 1 1 7 1
split_gain=0.304158 0.675255 0.589359 1.23505 1.36819 0.560908 0.583704 0.528848 0.93381 0.466263 0.411515 0.363338 0.362562 0.358487 0.598546 1.16011 0.875348 0.579497 0.526616 0.482849 1.12043 0.428759 1.3884 1.80029 0.988187 1.82045 0.878943 0.906667 1.73971 1.1219
threshold=0 24.500000000000004 51.500000000000007 22429.340000000004 38753.285000000011 213624.91000000003 47.500000000000007 79476.60000000002 80148.565000000017 187263.57500000004 33.500000000000007 89918.320000000022 44.500000000000007 20435.400000000005 22758.170000000002 23184.980000000003 24151.500000000004 48.500000000000007 17560.060000000001 15130.985000000002 12637.335000000001 1 28251.555000000004 60.500000000000007 59330.335000000006 53324.80000000001 66.500000000000014 57.000000000000007 2 41.500000000000007
decision_type=9 2 2 2 2 2 2 2 2 2 2 2 2 2 2 2 2 2 2 2 2 9 2 2 2 2 2 2 9 2
left_child=2 7 3 -1 -5 9 -7 -2 -9 13 -6 -12 -4 17 -15 -16 -17 18 19 20 -3 26 -23 24 25 -24 27 28 29 -18
right_child=1 5 12 4 10 6 -8 8 -10 -11 11 -13 -14 14 15 16 21 -19 -20 -21 -22 22 23 -25 -26 -27 -28 -29 -30 -31
leaf_value=-0.046061123328949787 -0.1085283829111604 -0.028210764436314185 0.0092339369291324636 0.089995938500500958 -0.010077234713672389 -0.011937711587722537 -0.093222385190117441 0.16194534509932951 -0.065917944835134398 0.047387388124031982 0.012886170871489978 0.057263374368510367 -0.035192345446310308 -0.040259338756014847 0.0937978571843259 -0.088427693479856545 -0.03336598845409449 0.045429995024183975 0.035169170379752451 -0.04216092079598098 0.056393578587985542 -0.070800498510287899 -0.00038121313134342034 -0.09265263765293269 -0.040521476634281989 0.086265143771414532 0.058998474855590857 -0.034360956378860906 0.018379776911964418 0.0059060425386564946
leaf_weight=2.3352093920111718 1.0597925296460733 3.9222061071777734 3.8092802613973609 3.2103832752909502 3.9267467875033599 2.7322720885276786 1.3055730299092827 0.24579192092642177 0.67036867863498628 2.0127341698389491 4.9102101754397154 2.9554754551500082 3.5478916615247726 4.2053453465923658 1.2547196373343457 1.184078941354527 15.939158773631798 4.0337116979062548 3.5317544257268301 3.1416458524763584 2.6048793345689774 3.667108309455215 18.897345710080128 2.183944043936207 4.5505241407081476 2.781757718184962 2.7088661957532159 6.5735870487987986 30.078561784350306 13.381030581193043
leaf_count=18 97 38 28 33 42 64 22 2 200 45 45 26 20 30 8 13 182 27 23 24 17 32 138 27 160 28 17 48 346 99
internal_value=-0.000220021 -0.00223767 0.0082034 0.0215885 0.0321183 -0.0015291 -0.0382198 -0.0604276 -0.0047857 -0.000359359 0.0163616 0.0295606 -0.01219 -0.00113039 -0.00327866 -0.00177173 -0.00294797 0.0122579 0.00212145 -0.00995008 0.00555379 -0.00194347 -0.00982899 -0.00541915 0.00184413 0.0107368 0.00276791 0.000878602 0.00477852 -0.0115156
internal_weight=157.362 132.667 24.6952 17.338 15.0028 130.691 4.03785 1.97595 0.916161 126.653 11.7924 7.86569 7.35717 124.64 107.406 103.201 101.946 17.2342 13.2005 9.66873 6.52709 100.762 32.0807 28.4136 26.2296 21.6791 68.6812 65.9723 59.3988 29.3202
internal_count=1899 1687 212 164 146 1388 86 299 202 1302 113 71 48 1257 1128 1098 1090 129 102 79 55 1077 385 353 326 166 692 675 627 281
cat_boundaries=0 1 2 3
cat_threshold=169 1042 5165
is_linear=0
shrinkage=0.1


Tree=79
num_leaves=31
num_cat=3
split_feature=7 1 0 2 0 0 2 2 2 2 2 2 2 5 1 0 2 1 0 1 2 2 3 0 0 0 2 2 2 2
split_gain=0.345764 0.809564 0.731483 1.6973 1.41718 1.47165 1.32892 0.698101 2.17496 0.650513 0.649283 2.10029 0.840546 0.58906 0.563569 0.55985 0.558437 2.43969 0.80142 0.5712 0.448466 0.627812 0.665405 0.711422 2.12981 1.57879 0.976283 1.28378 0.803695 1.40685
threshold=0 14.500000000000002 36.500000000000007 11449.650000000003 26.500000000000004 24.500000000000004 61032.000000000007 14652.105000000001 20435.400000000005 95920.62000000001 34166.205000000009 29386.665000000005 36356.030000000006 1 41.500000000000007 44.500000000000007 45388.020000000004 48.500000000000007 53.500000000000007 44.500000000000007 12637.335000000001 15130.985000000002 2 40.500000000000007 46.500000000000007 38.500000000000007 44056.680000000008 51187.615000000013 61423.250000000007 36356.030000000006
decision_type=9 2 2 2 2 2 2 2 2 2 2 2 2 1 2 2 2 2 2 2 2 2 9 2 2 2 2 2 2 2
left_child=2 -2 3 -1 5 -5 14 -4 -9 10 11 -10 -12 -8 -6 -11 19 18 -18 -14 -3 -22 23 25 26 -23 -25 -28 29 -26
right_child=1 20 7 4 6 -7 13 8 9 15 12 -13 16 -15 -16 -17 17 -19 -20 -21 21 22 -24 24 28 -27 27 -29 -30 -31
leaf_value=0.10410441821802459 -0.082812885490083893 -0.044278505877819563 -0.030730955260748233 -0.069870156364907288 -0.08301280152406694 0.10122040946811472 0.083516119721678328 0.11803959649216439 -0.012244689232738996 0.094660138414494402 -0.058495946161122407 0.076262015724661569 0.057715375044326701 -0.0074550117388876118 -0.033188211932701071 0.014757804659303042 -0.076800004176489453 0.040261784763592573 0.00030377130543654866 0.00038210418341361657 0.045282117684536348 0.0087691714267029101 -0.0099656854965656776 -0.083045594626938557 0.00072074779099243875 0.086554622339983442 0.06001461242959482 -0.05766513645098164 -0.0346594039710112 0.070700700909584524
leaf_weight=1.1947484046686465 1.2842695164144959 2.5503250311594448 3.2395722009241572 0.71196651912759912 3.341192535357548 1.7108549805125222 1.1190526254940778 2.0406605489552012 6.017047833651306 1.6686493135057383 2.4102809689939049 4.8361810678616166 3.1967308372259167 1.9558252873830488 7.0821473821997643 1.848133113235235 4.1950986874289793 5.3387823347002268 1.9863583883270619 3.8072912842035294 2.751843011006712 17.338134943420304 49.465130202705041 3.8841514382511404 7.412611944600938 3.0715882186777881 1.5091418102383616 2.4032780101988465 2.4787434805184594 4.6906445175409317
leaf_count=11 27 34 20 81 30 32 25 15 41 25 15 33 22 31 47 31 47 36 19 23 19 304 696 28 49 27 9 40 49 33
internal_value=-9.31915e-05 -0.00357307 0.00552882 -0.0108508 -0.0194773 0.050944 -0.0321174 0.0137989 0.0176617 0.0118597 0.00734472 0.0271938 -0.00294574 0.0256525 -0.0491594 0.05267 0.00428217 -0.009256 -0.0520234 0.0265498 -0.00289618 -0.00178531 -0.00318929 0.00565253 -0.00534054 0.0204756 -0.0475307 -0.0122724 0.0172173 0.0278416
internal_weight=156.54 98.8399 57.7006 17.1158 15.921 2.42282 13.4982 40.5848 37.3452 35.3046 31.7878 10.8532 20.9345 3.07488 10.4233 3.51678 18.5243 11.5202 6.18146 7.00402 97.5556 95.0053 92.2534 42.7883 22.3786 20.4097 7.79657 3.91242 14.582 12.1033
internal_count=1899 1315 584 257 246 113 133 327 307 292 236 74 162 56 77 56 147 102 66 45 1288 1254 1235 539 208 331 77 49 131 82
cat_boundaries=0 1 2 3
cat_threshold=5380 2 153
is_linear=0
shrinkage=0.1


Tree=80
num_leaves=31
num_cat=4
split_feature=6 3 2 2 2 2 2 1 2 2 2 1 1 7 2 2 2 0 2 2 2 2 2 2 3 2 1 0 0 0
split_gain=0.372884 0.484012 0.791998 0.696087 1.35234 1.0325 1.19016 0.647336 0.637574 0.619467 0.654632 0.57719 0.513826 0.484363 1.88614 2.08624 1.56958 1.10828 0.446673 0.405079 0.966217 1.18246 0.814812 0.972527 0.479175 1.08824 0.890555 1.21573 0.861383 0.554918
threshold=0 1 17932.775000000005 21538.500000000004 33632.600000000006 35699.980000000003 39451.380000000012 38.500000000000007 31680.205000000005 24151.500000000004 27914.400000000005 41.500000000000007 43.500000000000007 2 50197.330000000009 61032.000000000007 36865.170000000006 49.500000000000007 50520.56500000001 219850.91000000003 193089.31000000003 139034.62000000002 194682.52000000005 217554.31500000003 3 36356.030000000006 38.500000000000007 56.500000000000007 48.500000000000007 41.500000000000007
decision_type=1 9 2 2 2 2 2 2 2 2 2 2 2 9 2 2 2 2 2 2 2 2 2 2 9 2 2 2 2 2
left_child=1 3 -3 11 12 -6 -7 -8 9 -4 -11 -1 -5 16 -15 -16 -10 18 -18 20 21 24 -22 -24 29 -26 -27 28 -28 -2
right_child=19 2 8 4 5 6 7 -9 13 10 -12 -13 -14 14 15 -17 17 -19 -20 -21 22 -23 23 -25 25 26 27 -29 -30 -31
leaf_value=0.015215227994263905 -0.010069846546662526 -0.041642870543645863 -0.0083936423406230504 -0.00077117263453264776 0.062534846411511663 -0.032653429191303353 -0.026470265717543736 0.023833370891461231 -0.051236853875817126 0.069383235948450264 0.011956984595362024 0.060615695496272395 -0.033451848930969932 -0.0004205001055311824 -0.12372127476882343 -0.010156430703802916 -0.018117188506119972 0.075049546775229931 0.027602078387126028 -0.069575322008199603 0.16385843359067354 -0.092372674113811518 -0.1031811275798234 0.12821307376735125 -0.11425273605485559 -0.10441086557955886 -0.0099535224602708295 0.059709120748287547 -0.08468076999621249 0.030615331979430799
leaf_weight=8.7139487117528898 6.3061729271430504 5.3029543478041878 5.6820509638637295 9.4424006827175635 4.1208599582314482 5.5669104531407383 2.8754159118980196 23.187211452051997 3.3242066074162731 3.2609376795589906 5.0735709294676781 4.1262405551969996 9.8085185103118402 13.326094480231406 3.1949334423989049 3.2765762116760015 3.8179614655673486 3.370038552209734 4.8534101024270058 1.126719633117317 0.5811577783897508 1.7339244635077182 0.3879865272610914 0.34150984487496316 1.2212148594553642 1.0553148918552313 9.4304956987034512 2.1605358719825736 1.8442038616631169 7.1572371702641249
leaf_count=47 99 48 43 68 25 32 34 159 25 28 34 30 63 94 35 28 22 26 37 79 7 168 37 7 61 165 296 19 35 48
internal_value=-0.000149936 0.00250418 -0.00416198 0.00770463 0.00394609 0.0154526 0.00931843 0.0182835 -0.000966776 0.0170674 0.0344254 0.0298048 -0.0174223 -0.00815545 -0.0145704 -0.0662225 0.00581068 0.0263851 0.00747211 -0.00818301 -0.00857587 -0.0121418 0.0755201 0.00514484 -0.0073736 -0.0144193 -0.0159565 -0.00900852 -0.0221767 0.00663241
internal_weight=155.671 122.324 54.4827 67.8415 55.0013 35.7504 31.6295 26.0626 49.1798 14.0166 8.33451 12.8402 19.2509 35.1632 19.7976 6.47151 15.3656 12.0414 8.67137 33.3465 32.2198 30.9091 1.31065 0.729496 29.1752 15.7118 14.4906 13.4352 11.2747 13.4634
internal_count=1899 878 420 458 381 250 225 193 372 105 62 77 131 267 157 63 110 85 59 1021 942 891 51 44 723 576 515 350 331 147
cat_boundaries=0 1 2 3 4
cat_threshold=4 422 2690 138
is_linear=0
shrinkage=0.1


Tree=81
num_leaves=31
num_cat=3
split_feature=3 0 5 2 0 2 1 1 0 0 7 2 0 1 1 2 2 2 2 1 2 2 0 0 0 2 1 2 0 0
split_gain=0.310296 0.497049 0.568793 0.905267 0.437726 1.25066 0.931932 0.350083 0.329574 0.847409 0.577361 1.18685 1.09795 1.015 1.36548 1.05032 3.4573 0.743333 2.0196 0.978111 1.06411 1.65263 0.726917 0.720177 0.717453 0.777066 0.649191 0.682674 0.625718 1.08217
threshold=0 31.500000000000004 1 53324.80000000001 48.500000000000007 29386.665000000005 44.500000000000007 41.500000000000007 48.500000000000007 51.500000000000007 2 5182.0850000000009 47.500000000000007 48.500000000000007 42.500000000000007 31680.205000000005 39994.490000000005 15130.985000000002 17932.775000000005 51.000000000000007 26202.650000000005 27097.545000000002 46.500000000000007 40.500000000000007 41.500000000000007 35421.17500000001 34.500000000000007 151387.77500000002 43.500000000000007 45.500000000000007
decision_type=9 2 1 2 2 2 2 2 2 2 9 2 2 2 2 2 2 2 2 2 2 2 2 2 2 2 2 2 2 2
left_child=1 7 3 4 6 -6 -3 -1 10 -10 11 -2 17 14 22 -15 -17 -12 -19 20 -20 -22 26 -21 25 -16 27 -13 -23 -30
right_child=8 2 -4 -5 5 -7 -8 -9 9 -11 12 13 -14 15 24 16 -18 18 19 23 21 28 -24 -25 -26 -27 -28 -29 29 -31
leaf_value=-0.064997556482576241 0.17594802767355719 -0.041928010584056284 -0.023917406992641069 0.072295507403424858 0.081930476795981186 -0.0021294905914142066 0.035778250146121751 0.0085355932157062803 -0.039056288152700909 -0.0026166776924226951 0.043278995456072861 -0.13422593150034662 0.078040098475990541 -0.0075206549588473243 -0.12360882857196116 0.14635369728405931 0.014093933291298908 -0.15751758616174902 -0.059390829719598519 -0.01935348500539075 0.1419475218145832 -0.0098209407815816191 0.056680311967317633 -0.087122844615368567 0.00087578737141051719 -0.034626447835549322 0.0052428208612187105 -0.0020497001472472385 0.085680465437235898 -0.020144875709901824
leaf_weight=1.3080428289831645 0.4173735361546268 3.3406310216523725 2.7824488526675877 3.2523498502559951 2.8573388922959566 4.6509368941187859 2.8687411211431026 1.2820078671211375 7.9836833514273158 31.807411867077462 2.1607790042180559 0.70053966401610768 1.361636179499327 5.6324826460331705 1.6000865608220909 2.5966737493872634 8.274380974355152 0.995612857863306 3.0321099552093136 3.7693752978229886 0.83321639150381344 17.196727743459636 2.6241050120443097 2.6851350329816341 2.2751903189346194 2.5382153141545132 28.977200381807052 0.8836541129858233 2.0051801057998087 1.8651102263247592
leaf_count=31 3 25 46 29 23 33 25 14 77 271 22 48 12 35 14 15 82 9 32 38 5 422 22 19 22 39 414 27 20 25
internal_value=-0.00016371 0.00869679 0.0179903 0.0248616 0.0136154 0.0298603 -0.00602758 -0.0286006 -0.00215573 -0.00992792 0.000957146 0.00674778 -0.00785096 0.00669177 -0.00199162 0.0275269 0.0456857 -0.0135094 -0.0172987 -0.0128509 -0.00386896 0.0038181 0.00617184 -0.0475462 -0.044232 -0.0690317 0.00183501 -0.0604988 -0.00164502 0.0346828
internal_weight=154.558 22.3425 19.7524 16.97 13.7176 7.50828 6.20937 2.59005 132.216 39.7911 92.4248 56.5199 35.9049 56.1025 39.599 16.5035 10.8711 34.5432 32.3825 31.3869 24.9323 21.9002 33.1855 6.45451 6.41349 4.1383 30.5614 1.58419 21.067 3.87029
internal_count=1899 226 181 135 106 56 50 45 1673 348 1325 721 604 718 586 132 97 592 570 561 504 472 511 57 75 53 489 75 467 45
cat_boundaries=0 1 2 3
cat_threshold=424 2 807
is_linear=0
shrinkage=0.1


Tree=82
num_leaves=31
num_cat=5
split_feature=6 3 2 2 2 2 2 2 2 1 2 0 2 2 1 2 1 7 2 2 2 0 1 2 3 0 1 2 2 7
split_gain=0.333269 0.406771 0.669884 0.613046 0.857491 0.775617 0.728704 1.0093 0.720311 0.726381 0.838803 0.656613 0.568651 0.523286 0.507521 0.48153 0.414174 0.411967 1.55258 1.9437 1.28841 0.946144 0.421881 0.798512 0.403281 0.651163 0.465233 0.533115 0.382097 0.381187
threshold=0 1 17932.775000000005 70200.60000000002 213624.91000000003 21538.500000000004 33632.600000000006 35699.980000000003 39451.380000000012 41.500000000000007 44056.680000000008 48.500000000000007 31680.205000000005 29134.335000000003 41.500000000000007 50197.330000000009 43.500000000000007 2 50197.330000000009 61032.000000000007 36865.170000000006 49.500000000000007 44.500000000000007 36356.030000000006 3 25.500000000000004 35.500000000000007 260104.24000000002 50520.56500000001 4
decision_type=1 9 2 2 2 2 2 2 2 2 2 2 2 2 2 2 2 9 2 2 2 2 2 2 9 2 2 2 2 9
left_child=1 3 -3 5 -5 14 16 -8 -9 11 -11 -10 13 -4 -1 -12 -7 20 22 -20 -14 28 23 -19 -2 -26 27 -27 -22 -28
right_child=24 2 12 4 -6 6 7 8 9 10 15 -13 17 -15 -16 -17 -18 18 19 -21 21 -23 -24 -25 25 26 29 -29 -30 -31
leaf_value=0.014010730419576838 0.0092771732950940201 -0.038855493528164115 0.0042865185117564415 0.076960391091319136 -0.0052025321019653591 -0.00048579642772171995 0.055906480082006896 -0.029753202381356165 0.012708898460749568 0.069766929092002036 -0.01950085821404279 -0.037203228367975079 -0.047129537148383992 0.047661778142334146 0.05721371744792797 0.03701504005136013 -0.029977030102545502 -0.023619082520767398 -0.12114167770983403 -0.0089590782114941977 -0.017275294267805344 0.069131087187743689 -0.019434599819918647 0.045970897697457921 -0.10090828177237963 -0.1033344919324915 0.0037111935967111195 0.057923895897176531 0.025098415750123327 -0.018044363258872525
leaf_weight=8.6585567668080312 5.4515236862935126 5.1315974928438655 10.179943942464886 2.9265013746917239 2.2443534731864929 9.3405966758728045 4.0494074895978001 5.541379768401387 6.8391414843499678 3.5306470282375795 3.0543169267475605 4.2883970122784376 3.2423479501158008 3.8269330263137809 3.9639337956905356 2.9770211465656757 9.7150896005332452 2.8811151608824748 2.9285366176627567 3.2678999919444323 3.8004023507237417 3.3395644389092913 6.5500116534531116 3.8552557080984116 0.90491786238271998 1.0694938660308277 14.022125248273367 0.25362833938561369 4.8359444448724389 10.985220937523993
leaf_count=47 60 48 80 31 17 68 25 32 49 23 19 30 25 25 30 24 63 26 35 28 22 26 38 30 310 120 252 7 37 272
internal_value=-0.00015173 0.00236691 -0.00378666 0.00715332 0.0412985 0.00545821 -0.00020111 0.00943997 0.00226668 0.0108427 0.0310558 -0.00652653 -0.000869427 0.0161374 0.0275781 0.00839495 -0.0155212 -0.00773414 -0.0136405 -0.0619784 0.00530484 0.0239305 -0.00136355 0.0162076 -0.00780815 -0.0128011 -0.0146347 -0.072423 0.00645197 -0.0115772
internal_weight=153.656 120.969 53.8396 67.1293 5.17085 61.9585 49.336 30.2803 26.2309 20.6895 9.56199 11.1275 48.708 14.0069 12.6225 6.03134 19.0557 34.7011 19.4828 6.19644 15.2183 11.9759 13.2864 6.73637 32.6869 27.2354 26.3305 1.32312 8.63635 25.0073
internal_count=1899 878 420 458 48 410 333 202 177 145 66 79 372 105 77 43 131 267 157 63 110 85 94 56 1021 961 651 127 59 524
cat_boundaries=0 1 2 3 4 5
cat_threshold=4 422 2690 137 5514
is_linear=0
shrinkage=0.1


Tree=83
num_leaves=31
num_cat=3
split_feature=7 3 2 2 0 0 1 1 4 2 2 0 0 1 2 2 1 0 1 2 2 2 2 2 2 2 2 2 1 2
split_gain=0.298601 0.596765 1.68355 1.2757 0.842967 1.8641 0.777225 0.937781 0.704883 0.968159 1.60503 1.01743 0.886465 1.44727 0.885378 1.59183 1.5559 1.30183 1.02154 0.789538 0.44978 0.480289 0.606235 0.403579 0.392702 0.537963 0.418935 0.385786 2.0295 1.3132
threshold=0 1 44383.265000000007 12637.335000000001 34.500000000000007 46.500000000000007 34.500000000000007 16.500000000000004 2 50197.330000000009 61423.250000000007 46.500000000000007 52.500000000000007 43.500000000000007 42737.520000000004 51187.615000000013 47.500000000000007 39.500000000000007 47.500000000000007 25204.395000000004 60596.350000000006 143316.38000000003 88985.940000000017 26510.045000000002 107486.18000000001 164562.62000000002 55976.840000000004 20435.400000000005 44.500000000000007 22429.340000000004
decision_type=9 9 2 2 2 2 2 2 9 2 2 2 2 2 2 2 2 2 2 2 2 2 2 2 2 2 2 2 2 2
left_child=27 3 4 -2 -3 -6 7 -5 9 11 -11 -8 14 -14 16 -16 17 19 20 -10 -17 22 -22 -7 26 -26 -4 28 -1 -29
right_child=1 2 24 6 5 23 8 -9 12 10 -12 -13 13 -15 15 18 -18 -19 -20 -21 21 -23 -24 -25 25 -27 -28 29 -30 -31
leaf_value=-0.011239538385862757 -0.11932633347572907 -0.062994300460014863 -0.056307198556625748 0.049397712931985902 0.060962127760788069 -0.0039767606030197177 -0.085121193450684834 -0.10109729660169056 0.053965035514436856 0.094450347958038472 -0.053942269089430062 -0.0050840189282694431 0.0016066006922215909 0.10694134704648764 0.082900781008160826 0.075390286236487303 0.03316788827307663 -0.059549648755673416 -0.054391404781094145 -0.02698526839376449 0.010991807721946308 0.044319488780051992 -0.10423533645843926 -0.058808208353701021 0.036523135540600132 -0.059637007240207388 -0.12053814938252372 -0.073575137958655459 0.083008546735055019 0.0037773719032639119
leaf_weight=6.3944253263762203 0.84677781676873465 1.8600177903717874 2.4678936093987422 0.58785655873361875 4.1614745971746725 3.0781726324930787 3.2760988951195014 1.4004680046054998 2.221923730336135 1.518797792028636 1.4014496956951914 3.0827928632497787 2.6305010591167948 2.5873922239989042 3.862597360275684 1.4173332983627913 6.5773277413099995 6.0134967900812626 2.1411916459328495 2.632187532435637 1.6058887644612698 2.1562699688074645 0.63799264273256984 2.3804515078663826 0.77206644701072979 2.3605850929452572 1.7253776360012123 2.2608057269826523 3.5550180468708277 75.1011217609921
leaf_count=47 19 36 38 19 32 21 29 88 22 10 45 17 31 15 33 14 37 36 38 30 40 83 61 26 38 46 73 16 31 828
internal_value=-0.000181708 -0.00488462 -0.0164974 0.00188877 -0.0013684 0.0105468 0.00454507 -0.0566028 0.00732325 -0.011758 0.0232356 -0.0463191 0.0123004 0.0538389 0.00909747 0.0302267 -0.00522041 -0.0284539 0.0046623 0.010069 0.0263977 0.0106167 -0.0217702 -0.0278882 -0.0627244 -0.0359376 -0.0827359 0.00349982 0.0224361 0.00151684
internal_weight=152.716 65.4044 18.806 46.5983 11.4801 9.6201 45.7516 1.98832 43.7632 9.27914 2.92025 6.35889 34.4841 5.21789 29.2662 11.8213 17.4449 10.8676 7.95868 4.85411 5.81748 4.40015 2.24388 5.45862 7.32592 3.13265 4.19327 87.3114 9.94944 77.3619
internal_count=1899 977 310 667 115 79 648 107 541 101 55 46 440 46 394 269 125 88 236 52 198 184 101 47 195 84 111 922 78 844
cat_boundaries=0 1 2 3
cat_threshold=5509 20 7
is_linear=0
shrinkage=0.1


Tree=84
num_leaves=31
num_cat=3
split_feature=6 0 2 0 2 2 3 2 2 2 1 0 0 2 0 2 1 2 2 2 2 0 1 0 3 0 0 0 2 2
split_gain=0.281275 0.340469 0.292536 0.72773 0.711629 0.703988 0.313029 1.31246 1.04368 1.76055 1.01302 1.08864 1.07223 0.311109 0.750962 0.538201 1.32335 0.297199 0.708488 0.469523 0.570371 0.316114 0.740276 0.297258 0.268382 0.4313 0.4522 0.90534 0.708851 1.27094
threshold=0 57.500000000000007 105751.86500000001 29.500000000000004 104218.32000000002 111720.79000000002 1 45388.020000000004 48439.730000000003 70619.775000000009 57.000000000000007 48.500000000000007 46.500000000000007 116420.82000000002 38.500000000000007 193089.31000000003 44.500000000000007 50520.56500000001 59732.775000000009 67187.835000000006 75900.700000000012 29.500000000000004 48.500000000000007 39.500000000000007 2 61.500000000000007 39.500000000000007 36.500000000000007 29134.335000000003 39451.380000000012
decision_type=1 2 2 2 2 2 9 2 2 2 2 2 2 2 2 2 2 2 2 2 2 2 2 2 9 2 2 2 2 2
left_child=1 2 4 -4 6 -5 8 -8 -1 -10 11 12 17 -7 -15 16 -16 -9 -19 -20 -21 -22 23 -23 25 26 27 28 -2 -30
right_child=24 -3 3 5 -6 13 7 10 9 -11 -12 -13 -14 14 15 -17 -18 18 19 20 21 22 -24 -25 -26 -27 -28 -29 29 -31
leaf_value=0.071825109882220545 0.048479166249151669 -0.050488065952431584 -0.10599504148832145 -0.11120760053795052 0.087858214000276144 0.070045534192621023 -0.11361539760729222 0.067097737252835118 -0.098565048088065377 0.028166741607651265 -0.11924192810078243 -0.076904685051888549 0.15936623018335547 -0.10430378101695924 -0.10611793331633018 0.067853966821613251 0.085835105376941154 -0.10632221857924616 0.060969105572864557 -0.11706795470557028 0.060306849273923463 -0.017833036388040829 0.058344654229718809 -0.11700612244129385 -0.0016596273240042519 0.04632623497121513 -0.0024405926896518683 0.058123841152695324 -0.051934487868131964 0.01913190547560454
leaf_weight=2.3841308030532673 3.0633095968514708 2.0210572903743005 0.98403848994348564 0.60601288045290846 0.84486705681774665 0.61328627821058068 1.3976374561898541 0.72660706695751098 1.52690064109629 3.8857745341956615 0.76288856100291003 1.4493510120082644 0.50187555968295772 0.6439987896010283 0.83720656123477988 1.1391982610803095 0.6289940676651895 0.57069094816688437 1.3678588926559312 0.42348231814685311 0.80722291758866083 0.65693014435237296 0.84583225473761547 0.55977069726213813 79.444950523786247 2.8805995248258105 24.845130503643304 4.3472516648471347 3.8845403455197793 7.145570905180648
leaf_count=29 23 28 212 20 13 7 75 14 28 43 12 28 5 63 42 31 7 34 35 39 69 27 12 16 665 20 184 33 22 63
internal_value=-0.00019164 -0.0080034 -0.00776215 -0.0281444 -0.00182265 -0.0110011 -0.00606335 -0.0118845 0.00731542 -0.00758394 -0.00919359 0.00142065 0.0189928 0.00472022 -0.00760918 0.0162917 -0.0237709 0.00716916 -0.00115391 0.0117226 -0.00873214 0.00725469 -0.0135086 -0.0634599 0.00192106 0.00728127 0.00636503 0.0182289 0.00592287 -0.00589597
internal_weight=151.797 26.1856 24.1646 5.45274 18.7118 4.4687 17.867 10.0701 7.79681 5.41268 8.67251 7.90962 6.46027 3.86268 3.2494 2.6054 1.4662 5.9584 5.23179 4.6611 3.29324 2.86976 2.06253 1.2167 125.611 46.1664 43.2858 18.4407 14.0934 11.0301
internal_count=1899 889 861 382 479 170 466 366 100 71 291 279 251 150 143 80 49 246 232 198 163 124 55 43 1010 345 325 141 108 85
cat_boundaries=0 1 2 3
cat_threshold=3 138 419
is_linear=0
shrinkage=0.1


Tree=85
num_leaves=31
num_cat=2
split_feature=0 0 7 0 2 2 0 2 0 0 2 2 2 2 1 2 2 2 2 2 7 1 2 2 0 1 1 0 2 2
split_gain=0.283927 0.296254 0.33146 0.722965 1.14872 1.07546 0.664986 0.639692 0.622964 0.535014 1.49042 0.926656 1.36895 1.00092 0.988368 1.12525 1.94247 1.00138 0.98887 0.907376 0.574649 0.668913 0.670744 0.875182 0.599148 1.4853 1.21142 1.03937 0.757738 0.906564
threshold=70.500000000000014 65.500000000000014 0 37.500000000000007 53672.670000000006 59732.775000000009 24.500000000000004 61032.000000000007 36.500000000000007 36.500000000000007 5182.0850000000009 59732.775000000009 68337.550000000017 324720.70000000001 41.500000000000007 27914.400000000005 31960.595000000005 44056.680000000008 45388.020000000004 253672.84000000005 1 44.500000000000007 25204.395000000004 37981.94000000001 40.500000000000007 48.500000000000007 57.000000000000007 48.500000000000007 10705.280000000001 25204.395000000004
decision_type=2 2 9 2 2 2 2 2 2 2 2 2 2 2 2 2 2 2 2 2 9 2 2 2 2 2 2 2 2 2
left_child=1 2 3 4 -1 -6 -7 -8 -9 10 -4 14 -13 19 15 -12 -17 -16 -18 -14 24 22 -22 -24 25 -11 28 -28 -26 -30
right_child=-2 -3 9 -5 5 6 7 8 -10 20 11 12 13 -15 17 16 18 -19 -20 -21 21 -23 23 -25 26 -27 27 -29 29 -31
leaf_value=0.021611666698490382 -0.041719549082459687 0.02923756688729718 0.16642301338247645 -0.017791512401311105 -0.12887711782841968 0.071647861628814036 0.099406737732495004 -0.085191966248156795 0.062929812148931383 -0.0041517463782143422 -0.12594290875990544 0.08327714272757214 -0.0049984372478214098 0.11656732963580695 0.0072481468228352726 0.086849806104764893 -0.10424810307910758 -0.064192233596115075 -0.00086047951209427685 -0.12929825862306374 0.017948724185816941 0.0087185585855023059 0.12972032752798288 0.042330659725488134 -0.065762143650453228 0.077181978237747431 -0.087436381191468321 -0.0069433100572234624 0.042959572018361439 -0.00024845709291378625
leaf_weight=13.705766665429111 1.6300112642347802 3.4427920802263534 0.48198972595855849 28.835161477094516 1.0050510603759897 0.75777536226087283 0.29762397520244155 1.5596559706027617 0.34713576128706325 6.5056678235996497 1.6815748953376957 2.1789954628620753 7.4088410743424866 0.62451948411762792 9.655700375325976 1.0872663932386784 2.3938588991877627 2.4624102202942586 1.507851848771679 0.63784131768625218 2.4955555573105794 4.0278890975750983 2.1116421669721603 2.5059658633545041 1.5345112662762392 3.4286148957908154 2.9245953988283864 3.5530927516520023 5.6523857535794368 34.46060991496779
leaf_count=139 16 32 5 298 16 119 3 126 5 79 28 32 265 5 70 11 40 27 30 15 16 30 12 40 11 27 19 26 42 315
internal_value=-0.000209821 0.000243453 -0.000441049 -0.0066095 0.0078951 -0.039492 -0.00916422 -0.0369436 -0.0582261 0.00282811 -0.0080117 -0.0108484 0.0124196 -0.00538632 -0.0242853 -0.0551988 -0.0313539 -0.0072686 -0.064293 -0.0148514 0.00795503 0.0217544 0.0597194 0.0822941 0.0013309 0.0239189 -0.0030553 -0.0432849 0.00320186 0.00584005
internal_weight=150.902 149.272 145.83 46.5082 17.673 3.96724 2.96219 2.20442 1.90679 99.3214 30.1208 29.6389 10.8502 8.6712 18.7887 6.67055 4.98898 12.1181 3.90171 8.04668 69.2005 11.1411 7.11316 4.61761 58.0595 9.93428 48.1252 6.47769 41.6475 40.113
internal_count=1899 1883 1851 706 408 269 253 134 131 1145 528 523 317 285 206 109 81 97 70 280 617 98 68 52 519 106 413 45 368 357
cat_boundaries=0 1 2
cat_threshold=2601 1158
is_linear=0
shrinkage=0.1


Tree=86
num_leaves=31
num_cat=2
split_feature=3 2 2 2 0 2 1 2 0 2 0 0 0 1 2 2 2 2 2 2 7 0 1 0 1 2 0 2 2 0
split_gain=0.284629 0.422501 1.50187 1.25704 0.616529 1.0447 0.889192 0.386603 0.45736 0.362822 0.28075 0.640573 0.393046 0.703034 0.829482 1.4587 1.49765 1.01653 0.698536 1.73151 0.555262 0.793071 0.802219 0.810687 0.785666 0.803153 1.14409 1.60712 0.743427 0.730221
threshold=0 39451.380000000012 44056.680000000008 48439.730000000003 48.500000000000007 27469.245000000006 44.500000000000007 79476.60000000002 40.500000000000007 53324.80000000001 68.500000000000014 65.500000000000014 48.500000000000007 55.500000000000007 47640.350000000006 52787.085000000006 64708.420000000006 36356.030000000006 164562.62000000002 104218.32000000002 1 47.500000000000007 64.500000000000014 31.500000000000004 43.500000000000007 29134.335000000003 41.500000000000007 39113.875000000007 89918.320000000022 27.500000000000004
decision_type=9 2 2 2 2 2 2 2 2 2 2 2 2 2 2 2 2 2 2 2 9 2 2 2 2 2 2 2 2 2
left_child=1 4 -3 -4 6 -6 -1 9 -9 -5 11 12 20 14 17 -16 -17 -14 19 -18 29 22 23 28 -25 -26 27 -27 -22 -2
right_child=10 2 3 7 5 -7 -8 8 -10 -11 -12 -13 13 -15 15 16 18 -19 -20 -21 21 -23 -24 24 25 26 -28 -29 -30 -31
leaf_value=-0.062315335588079307 -0.023316691034514652 0.12618295600943105 -0.088800222587484587 0.012867442254983975 0.070016261414163464 -0.017372610088014571 0.022132757987509882 -0.048807988573666437 0.026156982125022828 0.06828539258013773 -0.043938251566096667 0.050177820477684189 -0.010805155597194603 -0.054232932387090621 -0.10644060737172928 0.051263710212815519 -0.067360718882716747 0.036338681350788174 -0.095969336765685531 0.057762266537020504 0.019215458944198491 0.066828734955870009 0.059733784730449685 -0.0081808303908756878 -0.0003571415527735407 -0.14107146037290871 -0.01201410892126481 -0.032375370066659769 -0.057159249308003861 0.013883685225520123
leaf_weight=2.9694732405769191 6.0593164782621889 1.3196154077304516 1.0882409065961827 2.1009602472186071 2.452380608767271 3.093667714856565 2.1493466657120734 1.2298107338720004 2.4061441759113222 2.6991354243364185 1.5990267971064884 2.3298872546292833 13.854538556654012 3.5013552252203217 2.0026261378079644 2.6352579349186254 2.8698291457258165 6.827712425030767 1.5851642407942561 1.7994856708683071 9.743308509277993 1.3584040832938615 1.5510156252421428 16.383839247573636 3.3986505195498458 2.6838078424334508 3.3962733619846404 2.7582443044520915 1.4663015132537101 40.852290047652787
leaf_count=29 189 13 8 12 24 21 22 35 32 30 17 23 98 23 20 23 37 47 29 31 183 14 16 224 26 14 27 37 171 424
internal_value=-0.000206402 0.00839842 0.0262023 0.0123497 -0.00182949 0.0212695 -0.0268563 0.0253979 0.000801133 0.0440294 -0.00213202 -0.00177369 -0.00274413 -0.0117187 -0.00700425 -0.0293386 -0.0119695 0.00475817 -0.0386121 -0.0191401 0.000767157 -0.00677136 -0.0108237 -0.0135713 -0.0224996 -0.0416708 -0.0575574 -0.08598 0.00922507 0.00748348
internal_weight=150.165 21.5088 10.8439 9.52429 10.6649 5.54605 5.11882 8.43605 3.63595 4.8001 128.656 127.057 124.727 35.076 31.5746 10.8924 8.88974 20.6823 6.25448 4.66931 89.6515 42.7398 41.3814 39.8304 28.6208 12.237 8.83833 5.44205 11.2096 46.9116
internal_count=1899 226 130 117 96 45 51 109 67 42 1673 1656 1633 308 285 140 120 145 97 68 1325 712 698 682 328 104 78 51 354 613
cat_boundaries=0 1 2
cat_threshold=424 775
is_linear=0
shrinkage=0.1


Tree=87
num_leaves=31
num_cat=5
split_feature=6 2 2 2 2 2 0 1 3 5 0 1 0 2 1 5 0 1 0 0 0 0 0 2 1 1 2 3 2 2
split_gain=0.265388 0.443918 0.377321 0.755031 1.02659 0.543524 0.915453 0.443619 0.366266 0.736565 0.856983 0.593295 0.466266 0.550905 0.43528 0.54334 0.571466 0.739015 0.747253 0.610283 0.600471 0.531971 0.476783 0.781256 0.707006 0.695766 0.421762 0.333933 0.691662 0.551726
threshold=0 14652.105000000001 219850.91000000003 193089.31000000003 139034.62000000002 194682.52000000005 46.500000000000007 22.500000000000004 1 2 53.500000000000007 35.500000000000007 40.500000000000007 61032.000000000007 57.000000000000007 3 54.500000000000007 42.500000000000007 48.500000000000007 41.500000000000007 29.500000000000004 47.500000000000007 45.500000000000007 62897.960000000006 41.500000000000007 47.500000000000007 88121.210000000006 4 17932.775000000005 70200.60000000002
decision_type=1 2 2 2 2 2 2 2 9 1 2 2 2 2 2 1 2 2 2 2 2 2 2 2 2 2 2 9 2 2
left_child=27 -2 3 4 8 -5 -7 -4 9 12 -11 -10 13 -3 15 21 17 18 19 20 -17 22 23 25 -25 -13 -15 29 -29 -1
right_child=1 2 7 5 -6 6 -8 -9 11 10 -12 14 -14 26 -16 16 -18 -19 -20 -21 -22 -23 -24 24 -26 -27 -28 28 -30 -31
leaf_value=0.0048226132553675317 -0.1101822521427257 0.066451175587779118 0.050948420995741199 0.13972015474205912 -0.090202749767768167 -0.10334460920013047 0.13128130885834219 -0.10532769423227165 -0.10492654713299135 -0.078986852491858342 0.031073715405767834 -0.12047773382950228 0.070534700688583959 -0.079789692453695216 -0.065408933480952502 0.038686381557716025 0.076508094703939905 0.051271477150923533 -0.11707784196367177 0.045102696934262949 -0.10695447478906615 -0.057363499752243086 0.055518480351652688 0.040198936115260521 -0.047458795569873591 -0.0053530338545110644 0.017461304484005413 -0.039732990884229061 -0.00052231344580792231 0.039633816472130282
leaf_weight=60.716145657934248 0.4313798623043138 1.1789242300437766 0.23803953197784611 0.59040067877503932 1.4881516732129956 0.35048750895657577 0.31643840344622731 0.76672982904710807 0.71567311945547629 1.3905692116531994 1.440183231141418 1.1286240685731175 2.6076578001957387 0.73588745412416745 1.4092050660401572 0.44849876998342153 1.2345835203304885 1.8440913754748178 0.72990899253636587 1.3115298053016884 0.76759278052486479 2.9808897729963064 1.040022511500865 2.5322423075558622 1.4452710610348729 0.98147589107975353 1.1318181864626238 4.9676396511495104 47.654289199970663 4.9219477772712699
leaf_count=410 18 24 11 7 168 37 7 68 126 87 20 32 33 28 23 36 10 24 14 20 35 27 11 60 45 11 39 48 372 48
internal_value=-0.00019616 -0.00715248 -0.00803155 -0.00599934 -0.00934013 0.0698405 0.00797908 -0.0683044 -0.00489225 0.00856007 -0.0229921 -0.0101713 0.0394953 0.0129283 -0.0120701 -0.00749927 0.0154597 0.000686049 -0.0279504 -0.00221281 -0.0532416 -0.0218903 -0.00705491 -0.0177451 0.00834758 -0.0669295 -0.0208562 0.00207092 -0.00354939 0.00645027
internal_weight=149.496 31.2363 30.8049 29.8001 28.5428 1.25733 0.666926 1.00477 27.0546 8.48504 2.83075 18.5696 5.65429 3.04663 17.8539 16.4447 6.33621 5.10162 3.25753 2.52762 1.21609 10.1085 7.12764 6.08761 3.97751 2.1101 1.86771 118.26 52.6219 65.6381
internal_count=1899 1021 1003 924 873 51 44 79 705 231 107 474 124 91 348 325 139 129 105 91 71 186 159 148 105 43 67 878 420 458
cat_boundaries=0 1 2 3 4 5
cat_threshold=4 152 2 2 422
is_linear=0
shrinkage=0.1


Tree=88
num_leaves=31
num_cat=3
split_feature=3 0 2 2 0 2 2 1 2 0 0 0 0 2 2 2 1 2 1 7 0 0 3 1 0 2 2 2 0 2
split_gain=0.243373 0.680711 1.07249 1.28952 0.484117 0.554009 0.659191 0.448547 0.378347 0.411129 0.389065 0.332817 0.292129 1.03929 1.60956 0.273171 0.292505 0.473356 0.255487 0.239716 0.726728 2.00912 0.615614 0.836102 1.04377 1.26034 0.814222 0.730848 0.724647 0.538286
threshold=0 51.500000000000007 22429.340000000004 38753.285000000011 24.500000000000004 79476.60000000002 80148.565000000017 48.500000000000007 213624.91000000003 47.500000000000007 41.500000000000007 35.500000000000007 26.500000000000004 39451.380000000012 64004.205000000009 69785.455000000016 48.500000000000007 166828.36500000002 44.500000000000007 1 36.500000000000007 38.500000000000007 2 43.500000000000007 45.500000000000007 33897.615000000005 34750.085000000006 88985.940000000017 56.500000000000007 30167.705000000005
decision_type=9 2 2 2 2 2 2 2 2 2 2 2 2 2 2 2 2 2 2 9 2 2 9 2 2 2 2 2 2 2
left_child=1 2 -1 -4 5 -2 -7 -3 12 10 11 -10 13 -6 -15 -16 17 -17 -8 20 -14 -22 27 24 26 -26 -24 -21 -29 -25
right_child=4 7 3 -5 8 6 18 -9 9 -11 -12 -13 19 14 15 16 -18 -19 -20 22 21 -23 23 29 25 -27 -28 28 -30 -31
leaf_value=-0.042785079000119824 -0.10821654747392256 0.0067000602170972342 0.09144251175032525 0.016637019562599255 0.10202903838362008 0.14740933968197206 -0.10110203602726563 -0.04466099427729292 0.0074596441998334003 -0.083146512881535406 0.041158346410108473 -0.081709136491016396 -0.015550717659520256 -0.12649077349206217 0.12074107792279896 -0.10822615006604075 0.080561504848899776 0.080024680697848349 0.050318016560750072 0.0046836047476450848 0.10845324347586636 0.0056162878412578145 0.052459869557235833 -0.013711609210669202 -0.10873599775058583 0.0024340591239743409 -0.027145382875794918 -0.082358466275346529 0.058518076862172509 -0.078430059623832857
leaf_weight=2.1767622139304903 0.91171329483040497 3.992643352597951 2.9405025101732454 10.652858797227962 1.2271568800788366 0.2331199524924159 0.36364686553133652 2.9616376049816608 0.79262286558514439 1.1319193933159111 0.92405504803173233 0.88700762181542814 14.294353507924823 0.79646453971508924 0.40287261380581174 0.30821931693935745 0.47828333685174584 0.23572789900936186 0.16065983258886263 44.258556976332329 1.9975764028495167 38.811360296909697 3.0152869632001948 1.8503701980225731 1.8903303295373914 2.2144433914218098 2.2389121049782261 1.7948789558722631 0.45837956713512529 4.2073105319868773
leaf_count=18 97 32 33 113 10 2 188 16 32 22 16 16 178 14 8 32 6 14 12 376 31 341 24 18 19 37 42 98 11 43
internal_value=-0.000205228 0.00756216 0.0223832 0.0328189 -0.00204559 -0.0557052 0.00750265 -0.0151732 -0.00148923 -0.0328318 -0.0109581 -0.0396301 -0.000517425 0.0281673 -0.0126326 0.0510006 0.0235151 -0.0266448 -0.0547034 -0.00136272 0.00326146 0.0106501 -0.00516921 -0.0180237 -0.0109789 -0.048762 0.0185386 0.00152693 -0.0537 -0.0586613
internal_weight=148.61 22.7244 15.7701 13.5934 125.885 1.66914 0.757427 6.95428 124.216 3.7356 2.60369 1.67963 120.48 3.44872 2.22157 1.4251 1.02223 0.543947 0.524307 117.032 55.1033 40.8089 61.9285 15.4167 9.35897 4.10477 5.2542 46.5118 2.25326 6.05768
internal_count=1899 212 164 146 1687 299 202 48 1388 86 64 48 1302 84 74 60 52 46 200 1218 550 372 668 183 122 56 66 485 109 61
cat_boundaries=0 1 2 3
cat_threshold=169 4494 532
is_linear=0
shrinkage=0.1


Tree=89
num_leaves=31
num_cat=3
split_feature=3 2 2 2 0 1 2 2 2 1 0 2 2 2 2 7 0 0 2 7 2 2 2 2 0 2 2 2 2 0
split_gain=0.253335 0.796429 1.65511 1.60208 0.506737 0.80288 0.709862 0.405124 0.58716 0.418339 0.891736 1.71343 0.255967 1.2591 0.638201 0.444231 0.742431 2.14365 0.693121 0.57106 0.691543 0.818557 1.13116 0.507548 0.989776 2.34972 0.805199 0.570775 0.529424 0.427327
threshold=0 39451.380000000012 44056.680000000008 47640.350000000006 48.500000000000007 44.500000000000007 29386.665000000005 49530.245000000003 53324.80000000001 42.500000000000007 40.500000000000007 64708.420000000006 47640.350000000006 48439.730000000003 45803.650000000009 1 29.500000000000004 32.500000000000007 30654.320000000003 2 20435.400000000005 28251.555000000004 34166.205000000009 35699.980000000003 49.500000000000007 30039.515000000003 28796.995000000006 20435.400000000005 39451.380000000012 36.500000000000007
decision_type=9 2 2 2 2 2 2 2 2 2 2 2 2 2 2 9 2 2 2 9 2 2 2 2 2 2 2 2 2 2
left_child=1 4 -3 -4 5 -1 -6 -5 -9 10 11 -10 14 -14 15 16 18 -18 -2 20 -19 -22 -23 24 25 27 -26 -21 -25 -17
right_child=12 2 3 7 6 -7 -8 8 9 -11 -12 -13 13 -15 -16 29 17 19 -20 23 21 22 -24 28 26 -27 -28 -29 -30 -31
leaf_value=-0.061588200706336582 -0.0084812768089748587 0.12767783883245201 -0.10798551913902153 0.095095155980879684 0.04496195504020941 0.018324713574816322 -0.025436318696757911 -0.034451860926631606 0.14149611701280845 0.001618142827138013 0.086084197396421536 -0.09139825814612465 -0.10600738359279605 -0.0053973933212934332 0.043621114955136535 -0.0061695342258637305 0.075378575038462292 0.057856658660417185 -0.094497680568233974 -0.05664696293788312 -0.041429133691646552 0.058791653658852763 -0.012150704519140302 -0.081819137224391311 -0.0091715701868330494 0.074787157039235302 -0.085235822590938759 -0.0026624942840890336 -0.023290184878566534 0.01836784781468663
leaf_weight=3.2172739644011035 1.9200349831953638 1.4971520556136955 0.95862639136612315 0.81787483580410381 3.1080383416265249 2.0636686696670949 2.6567052602767944 1.5361210053379162 0.48039998215972424 2.4867852132301778 2.7903766451636329 0.92254254054569174 1.2798519684292831 44.256913551624166 3.3911069492169181 10.983816396750628 3.1457865996053433 2.4763032887130985 1.8293557993602005 3.5226346440613323 3.4628309465479097 3.6740949368104321 5.7886678278446198 2.6640540659427634 2.6560526805697 3.2081612348556519 2.9235256128013134 4.4108865936286747 3.6807633033022285 20.059319742023945
leaf_count=37 26 15 7 6 28 22 20 12 8 32 39 65 14 963 31 121 25 17 19 25 22 27 39 15 26 18 20 35 31 134
internal_value=-0.000195342 0.00775192 0.029624 0.0149332 -0.0079817 -0.0303601 0.0125186 0.0279763 0.0212951 0.0341143 0.0533857 -0.0116498 -0.00207707 -0.00822513 0.00117106 -0.000712982 -0.00641506 -0.00398915 -0.0504493 -0.0104796 0.00572706 0.000170796 0.015394 -0.0165912 -0.0146467 0.00257041 -0.0490269 -0.0266326 -0.0478652 0.00732599
internal_weight=147.87 22.5356 11.4899 9.99273 11.0457 5.28094 5.76474 9.0341 8.21623 6.6801 4.19332 1.40294 125.334 45.5368 79.7974 76.4063 45.3632 41.6138 3.74939 38.468 15.4019 12.9256 9.46276 23.0661 16.7213 11.1417 5.57958 7.93352 6.34482 31.0431
internal_count=1899 291 184 169 107 59 48 162 156 144 112 73 1608 977 631 600 345 300 45 275 105 88 66 170 124 78 46 60 46 255
cat_boundaries=0 1 2 3
cat_threshold=1448 6796 4100
is_linear=0
shrinkage=0.1


Tree=90
num_leaves=31
num_cat=2
split_feature=0 7 2 3 2 2 1 2 2 1 2 2 0 2 2 2 2 0 0 1 1 2 2 2 0 0 2 2 1 2
split_gain=0.269826 0.23529 0.741167 0.811131 1.69586 0.728335 0.573334 1.26732 1.22199 1.38292 0.609545 1.20361 1.37906 0.757307 1.73815 0.749464 0.918741 0.598403 1.45453 0.562532 0.513294 0.496226 0.97973 0.61417 0.607533 0.486208 0.461843 1.33162 0.924412 0.565576
threshold=66.500000000000014 0 13304.090000000002 1 26766.650000000005 14652.105000000001 47.500000000000007 24151.500000000004 51187.615000000013 51.000000000000007 30316.580000000005 34598.850000000006 46.500000000000007 37648.215000000004 42737.520000000004 47640.350000000006 48439.730000000003 45.500000000000007 33.500000000000007 41.500000000000007 53.500000000000007 143316.38000000003 60596.350000000006 149195.31500000003 41.500000000000007 22.500000000000004 20435.400000000005 22429.340000000004 44.500000000000007 24151.500000000004
decision_type=2 9 2 9 2 2 2 2 2 2 2 2 2 2 2 2 2 2 2 2 2 2 2 2 2 2 2 2 2 2
left_child=1 26 -3 4 -4 -5 7 17 9 -8 -9 12 -12 -13 -15 -16 -17 18 -7 21 -10 22 24 -23 -18 -24 28 -28 -1 -29
right_child=-2 2 3 5 -6 6 8 10 20 -11 11 13 -14 14 15 16 19 -19 -20 -21 -22 23 25 -25 -26 -27 27 29 -30 -31
leaf_value=0.002939453326390513 -0.026028212378522594 -0.076855119212554807 0.010400780820807993 0.10309799521901389 -0.082624626486371089 -0.0037614851259783833 0.075900902842482937 0.04068366849339549 -0.086938093032541963 0.0030203295586603328 -0.1175561631250216 0.046984977947731224 0.0034132465371314322 -0.079694759065197754 0.055704187931260862 -0.13087584038519315 -0.010217414322546315 -0.0050471958942847374 -0.13130386035032882 0.068267342695867608 -0.0029427079901252224 0.12811265353004189 0.059285834939274744 0.013236645940901938 0.062685439618443459 -0.059557210245632965 -0.081239825762150261 0.06962243497849134 0.071280037748762168 0.0026742930770135699
leaf_weight=5.9077037917450053 3.9307286351686335 1.3811360121471796 3.2272647109348309 0.73132780194282432 4.9894207428878872 1.6725722330738784 4.8205957999452931 3.9708157546119756 1.1794020988163532 5.6611766612622887 1.7847724665189191 3.957845720753542 1.9966724403202532 2.4587057682219919 2.9835374789836377 0.51118391938507457 3.1105312977451813 2.1293252659961581 1.9212559859734026 1.3016973279882211 1.8989316577790303 0.52875889866845582 0.37785662490932725 3.8842529836401809 1.8072318567428736 3.8706723006471293 1.886387008242308 1.2853610171005119 2.9765206668525934 69.039148566720542
leaf_count=44 37 26 24 4 102 23 30 38 28 33 26 27 16 26 27 6 40 16 18 28 27 13 53 163 24 176 13 12 30 769
internal_value=-0.000180213 0.000529036 -0.00380584 -0.00277199 -0.0207877 0.00336023 0.0026012 -0.00365972 0.02027 0.0365383 0.00397173 -0.00113004 -0.0536821 0.00688547 -0.000732097 0.00983325 0.000941882 -0.0470557 -0.0719455 0.00547001 -0.0351239 -0.000549673 -0.0138136 0.0270009 0.0165737 -0.0489875 0.00384656 0.00167386 0.0258359 0.00389794
internal_weight=147.183 143.252 62.1569 60.7758 8.21669 52.5591 51.8278 38.2677 13.5601 10.4818 32.5445 28.5737 3.78144 24.7923 20.8344 18.3757 15.3922 5.72315 3.59383 14.881 3.07833 13.5793 9.16629 4.41301 4.91776 4.24853 81.0951 72.2109 8.88422 70.3245
internal_count=1899 1862 994 968 126 842 838 720 118 63 663 625 42 583 556 530 503 57 41 497 55 469 293 176 64 229 868 794 74 781
cat_boundaries=0 1 2
cat_threshold=5516 33026
is_linear=0
shrinkage=0.1


Tree=91
num_leaves=31
num_cat=2
split_feature=2 2 2 2 3 1 4 2 2 1 1 0 2 1 1 2 2 2 0 2 2 2 0 2 1 2 2 0 2 0
split_gain=0.25187 0.435983 0.430767 0.816117 0.307367 1.43364 0.869689 1.1253 1.27686 1.5896 1.76743 1.14448 1.01366 0.906448 0.835659 0.811888 1.81904 1.77498 0.739683 0.682235 0.670624 0.985266 0.695445 0.63187 0.58682 0.840272 1.05966 0.81133 0.554428 1.64851
threshold=6395.1350000000011 9449.8650000000016 13304.090000000002 15130.985000000002 0 29.000000000000004 1 20435.400000000005 26766.650000000005 53.500000000000007 47.500000000000007 53.500000000000007 40949.195000000007 47.500000000000007 66.500000000000014 42737.520000000004 33410.24500000001 47640.350000000006 46.500000000000007 199879.12000000002 91074.435000000012 143316.38000000003 38.500000000000007 48830.025000000001 27.500000000000004 41913.87000000001 344101.61000000004 64.500000000000014 34750.085000000006 53.500000000000007
decision_type=2 2 2 2 9 2 9 2 2 2 2 2 2 2 2 2 2 2 2 2 2 2 2 2 2 2 2 2 2 2
left_child=-1 -2 -3 -4 5 19 13 -8 -9 10 11 15 -11 18 24 16 -10 -17 -7 -5 -19 -22 -23 -13 25 -6 -27 28 29 -26
right_child=1 2 3 4 14 6 7 8 9 12 -12 23 -14 -15 -16 17 -18 20 -20 -21 21 22 -24 -25 27 26 -28 -29 -30 -31
leaf_value=-0.033008420959953481 0.053627370204333724 -0.037623131826642661 0.059288649664434381 -0.098127684574538521 0.074863671024777798 -0.029173277701007545 0.07249443646803716 -0.036453779830685311 0.036938415031312198 0.099929172886405571 -0.044874089244343787 0.083399718054180061 0.024280111110074522 -0.053556795013494342 -0.060877130974551524 0.15079900532403601 -0.058659131409490251 0.029803328874349971 0.041500054046172193 0.012263331459747971 -0.10515788380864027 -0.065646241933565427 0.050241295061440754 0.016035219630871875 -0.0046210180651338369 -0.045390157869235885 0.12686956910806949 -0.060246403378194917 0.0035843034115513057 -0.079533688114254916
leaf_weight=2.3019545319257295 1.5188048757263448 3.0163826998323193 2.3277825880795708 1.9115204253612312 2.272429284057579 3.1713002491742355 3.309353118936996 4.8300745289307079 3.5416018094110857 3.4255365950521073 5.195179905567783 3.6526619829237452 3.6678553854580969 5.1220975015312433 2.5756906847236669 1.0155659401789296 4.5445261781715089 7.0879675690666755 2.7783724954351783 0.79172119934810314 1.0427897026529538 0.77531286777230013 1.5592734529636798 2.2501800507307053 20.567625277093615 1.8062641147989782 0.44510851055383671 2.5785392879042766 43.891345805153833 3.4269739650189868
leaf_count=24 16 32 16 61 20 47 29 49 32 20 56 25 34 41 20 9 42 108 23 12 74 66 37 29 158 126 3 23 642 25
internal_value=-0.000191453 0.000332789 -0.000234917 0.000573147 -0.000422773 0.0045901 0.00873569 0.0134031 0.0119586 0.0181515 0.0082832 0.0191259 0.0608125 -0.0119372 -0.00431485 0.00748302 -0.0167889 0.024578 0.00382969 -0.0657965 0.0123294 -0.0243426 0.0117552 0.0577202 -0.00294745 0.0319657 -0.0113335 -0.00518887 -0.0030976 -0.0153202
internal_weight=146.402 144.1 142.581 139.565 137.237 59.6729 56.9696 45.8979 42.5885 37.7585 30.6651 25.4699 7.09339 11.0718 77.564 19.567 8.08613 11.4809 5.94967 2.70324 10.4653 3.37738 2.33459 5.90284 74.9883 4.5238 2.25137 70.4645 67.8859 23.9946
internal_count=1899 1875 1859 1827 1811 794 721 610 581 532 478 422 54 111 1017 368 74 294 70 73 285 177 103 54 997 149 129 848 825 183
cat_boundaries=0 1 2
cat_threshold=432 5
is_linear=0
shrinkage=0.1


Tree=92
num_leaves=31
num_cat=5
split_feature=3 4 0 2 7 2 2 0 2 0 1 1 1 2 1 2 0 4 2 0 0 7 0 1 2 0 1 2 1 0
split_gain=0.240158 0.645433 1.73735 0.976721 0.977178 1.4835 1.22484 0.973904 1.79295 1.04928 0.916197 0.782215 1.18674 1.0011 0.765618 0.712874 0.669612 0.616996 0.872461 2.39839 1.73701 0.659823 1.38938 0.777589 1.20053 0.634175 0.961944 0.72952 0.600683 0.877162
threshold=0 1 34.500000000000007 5182.0850000000009 2 64708.420000000006 18838.730000000003 49.500000000000007 39994.490000000005 44.500000000000007 38.500000000000007 35.500000000000007 24.500000000000004 48830.025000000001 51.000000000000007 39994.490000000005 22.500000000000004 3 30039.515000000003 51.500000000000007 42.500000000000007 4 40.500000000000007 41.500000000000007 193089.31000000003 54.500000000000007 57.000000000000007 137038.50500000003 48.500000000000007 37.500000000000007
decision_type=9 9 2 2 9 2 2 2 2 2 2 2 2 2 2 2 2 9 2 2 2 9 2 2 2 2 2 2 2 2
left_child=17 2 -2 -3 6 11 -5 9 -9 -4 -8 12 -6 15 -12 -13 -7 21 -19 20 -20 22 23 24 -1 26 27 28 29 -23
right_child=1 3 7 4 5 16 10 8 -10 -11 14 13 -14 -15 -16 -17 -18 18 19 -21 -22 25 -24 -25 -26 -27 -28 -29 -30 -31
leaf_value=-0.12860064999528539 -0.064092961862627459 0.10705988897054407 0.025480934105394815 -0.064182111114644808 -0.032661025011052155 0.072329593408676715 -0.059776484813270275 -0.055265828936123099 0.067230190047353686 0.11471330276892551 0.021817952247848188 -0.021493098364052495 0.096507330579723549 0.019158947994995491 -0.023789815612519104 -0.069407068978331557 -0.08028389891467802 0.022747294756881781 -0.05108790364114979 -0.098885462739479388 0.055863199939470143 0.028653932038004343 0.015048124750569283 0.0033768181558034081 0.0027974469083105365 0.047079459948452924 -0.031319438942672161 0.070758577302025144 0.039748585484508284 -0.012468280830670963
leaf_weight=2.1769086617277922 1.9467918590526085 0.72200962342321773 2.7185507277026755 2.3570585878915145 1.3629857951309561 0.30449440430675068 1.7417009900382279 2.3728602547198534 2.4068973774556071 2.5575419382657856 24.342399336339444 18.374685207207229 1.4875966422259805 5.2039290635148054 4.3364331003976977 3.7366641315165898 5.1511852602125145 3.7030028868466607 2.9473316803341714 3.6097967550158501 3.1325632287189364 9.3706094877125086 5.4804142378270626 1.3713626873213796 1.0216796111199071 6.3376378109678617 4.3469584789127103 2.4967284551385083 6.9832514487206927 11.618673303863032
leaf_count=50 46 9 30 26 20 66 109 17 24 23 284 146 25 58 32 39 255 30 46 24 31 131 47 21 12 48 34 55 65 96
internal_value=-0.000184255 -0.00360678 0.0122057 -0.00754818 -0.00986152 -0.0185672 0.00403353 0.0391149 0.00641833 0.0687356 0.010645 -0.0151009 0.0347464 -0.0203029 0.0149217 -0.0295902 -0.0717662 0.00404592 -0.0106145 -0.0343184 0.00401685 0.00898818 -0.00947579 -0.0596205 -0.08663 0.0144683 0.0126876 0.018966 0.0143432 0.00589062
internal_weight=145.721 81.1238 12.0026 69.1211 68.3991 35.6215 32.7776 10.0559 4.77976 5.27609 30.4205 30.1659 2.85058 27.3153 28.6788 22.1113 5.45568 64.5969 13.3927 9.68969 6.07989 51.2042 10.0504 4.56995 3.19859 41.1539 34.8162 30.4693 27.9725 20.9893
internal_count=1899 1209 140 1069 1060 609 451 94 41 53 425 288 45 243 316 185 321 690 131 101 77 559 130 83 62 429 381 347 292 227
cat_boundaries=0 1 2 3 4 5
cat_threshold=1451 44 5634 19 12802
is_linear=0
shrinkage=0.1


Tree=93
num_leaves=31
num_cat=4
split_feature=6 2 3 0 2 2 0 1 2 0 2 2 2 2 2 2 2 0 5 2 2 2 1 1 0 0 7 0 0 0
split_gain=0.258318 0.371653 0.396316 0.49246 0.371383 0.681847 0.613776 0.361858 0.484122 0.32673 0.319679 0.77267 0.496788 0.372497 0.326671 0.849018 0.821399 0.860753 0.71591 0.69659 1.35777 0.451684 0.60228 0.451074 0.383624 0.239259 0.233111 1.44992 1.29589 1.07916
threshold=0 26202.650000000005 1 25.500000000000004 68337.550000000017 166828.36500000002 43.500000000000007 35.500000000000007 265177.82500000001 66.500000000000014 36865.170000000006 40949.195000000007 45803.650000000009 56318.030000000006 91074.435000000012 95920.62000000001 99434.165000000023 31.500000000000004 2 85814.590000000011 79476.60000000002 73780.295000000013 41.500000000000007 53.500000000000007 29.500000000000004 43.500000000000007 3 44.500000000000007 58.500000000000007 52.500000000000007
decision_type=1 2 9 2 2 2 2 2 2 2 2 2 2 2 2 2 2 2 1 2 2 2 2 2 2 2 9 2 2 2
left_child=4 -2 25 -4 9 6 -6 8 -5 26 -9 -12 -13 -14 19 -16 -17 24 23 20 21 22 -15 -19 -18 -3 27 -1 29 -29
right_child=1 2 3 7 5 -7 -8 10 -10 -11 11 12 13 14 15 16 17 18 -20 -21 -22 -23 -24 -25 -26 -27 -28 28 -30 -31
leaf_value=-0.0077483722976523593 -0.052498559331549094 0.0133688055187886 -0.10079219149952585 -0.10332764269255837 0.015852625327213647 -0.0018474592477129754 0.093040752460677584 0.041918094151780709 0.084911659316324245 -0.032046960055368931 -0.11819078130719277 0.059366979106140784 -0.057126614865939888 0.024215589789669437 -0.11341300900637291 0.093198537228712283 -0.0077629746346332589 -0.11779459636481655 -0.0079681465927128395 0.063871392260907656 -0.11078564827173987 0.045843373533581144 -0.048906594383170306 -0.016257207274086593 0.10154091099011481 0.058874986118713807 -0.0023187782515032315 0.023357765698128145 -0.025086918408502475 0.084046979570863364
leaf_weight=22.607932318933308 1.8912089035729902 2.6305630930000889 0.64729970427289174 0.815127399138876 2.2187227001413685 5.5881166821345687 1.9230619762092827 1.139776535565036 0.16413802118040621 2.9925215337425461 0.66903425334021704 1.010851345956328 1.7077842892613286 2.4568727288860845 0.92480910266749461 0.67749660881236184 0.61441692535299786 1.4384427191107536 2.5856507704011165 1.6227168105542658 1.1062511982163412 2.207376288017258 2.0800927910022438 0.62876323424279679 0.6725963216740638 2.0603099558502436 63.98897749138996 7.6999659501016122 3.1800244413316241 4.7297177575528622
leaf_count=175 48 38 296 114 26 55 17 19 6 25 11 16 38 50 23 13 37 56 101 14 41 23 28 7 23 19 483 49 21 27
internal_value=-0.000185944 -0.00718537 -0.0066885 -0.0103352 0.002071 0.0209429 0.0516917 -0.0123243 -0.0717762 0.000522395 -0.0096218 -0.012501 -0.00891782 -0.0126044 -0.00813591 -0.0236646 -0.0111219 -0.0230206 -0.0430414 0.00422728 -0.00810115 0.00874184 -0.00930922 -0.0869109 0.0493595 0.0106507 0.001476 0.00668678 0.0318773 0.0464511
internal_weight=144.681 29.7516 27.8604 23.1695 114.929 9.7299 4.14178 22.5222 0.979265 105.199 21.5429 20.4032 19.7341 18.7233 17.0155 7.54218 6.61737 5.93987 4.65286 9.47331 7.85059 6.74434 4.53697 2.06721 1.28701 4.69087 102.207 38.2176 15.6097 12.4297
internal_count=1899 1021 973 916 878 98 43 620 120 780 500 481 470 454 416 260 237 224 164 156 142 101 78 63 60 57 755 272 97 76
cat_boundaries=0 1 2 3 4
cat_threshold=4 137 2 13602
is_linear=0
shrinkage=0.1


Tree=94
num_leaves=31
num_cat=3
split_feature=2 2 0 0 2 0 7 2 2 2 2 2 0 2 3 1 2 0 2 2 2 1 4 0 2 1 1 1 2 2
split_gain=0.252728 0.337445 0.862044 0.726788 0.659496 0.511145 0.389665 1.58616 1.5608 1.56215 0.434734 1.11946 0.33819 0.268488 0.248598 1.02641 1.97484 1.90922 1.82492 1.11974 0.855792 0.719598 0.557068 1.25243 1.20956 0.57867 0.448969 0.445292 1.99842 1.39451
threshold=6395.1350000000011 20435.400000000005 47.500000000000007 31.500000000000004 22758.170000000002 39.500000000000007 0 23184.980000000003 35699.980000000003 61423.250000000007 44383.265000000007 53324.80000000001 48.500000000000007 28796.995000000006 1 25.500000000000004 31960.595000000005 60.500000000000007 28251.555000000004 30316.580000000005 344101.61000000004 26.500000000000004 2 56.500000000000007 68337.550000000017 66.500000000000014 16.500000000000004 53.500000000000007 41420.005000000005 38753.285000000011
decision_type=2 2 2 2 2 2 9 2 2 2 2 2 2 2 9 2 2 2 2 2 2 2 9 2 2 2 2 2 2 2
left_child=-1 2 3 -2 -3 -5 8 -8 13 10 -10 -12 -11 -6 21 16 -16 18 -17 -20 26 -9 25 24 -24 -23 -18 29 -29 -21
right_child=1 4 -4 5 6 -7 7 14 9 12 11 -13 -14 -15 15 17 20 -19 19 27 -22 22 23 -25 -26 -27 -28 28 -30 -31
leaf_value=-0.033257442354700205 0.047836046550868067 -0.037815726202850376 0.049782497376360035 -0.044686917021995315 -0.03959847340999495 0.0048987315496564973 0.1284495554931305 -0.043234283518748876 0.064184073242235823 -0.10399686476790333 -0.050319885078027128 0.065958954726999447 -0.025968722219820269 -0.092085307255094714 0.24247898831062834 -0.074668470709903859 0.033931321637526567 -0.10304169661835068 0.08054693846871129 0.047168156833688274 0.12380381969004386 0.0099913188518252708 -0.012696097888671152 0.055388043042951175 -0.095785511819085734 0.062130321915410652 -0.10929903197006603 -0.10389157331676675 0.031412261713890013 -0.01087293712944077
leaf_weight=2.2765181027352801 2.3791562080150461 4.7851435493212184 4.7400210388004771 3.416554765601175 1.5740507536102066 5.309742534533143 0.99087712541222472 2.9750831013516281 2.3748453677399084 1.1788968619221125 1.647405742260162 1.6645021287986308 1.0503823211183769 2.559093170100823 0.47328835725784202 3.2709456357406479 0.3725515025143975 2.086166088236495 1.8032351669389779 5.7112686208565782 0.41138305515050888 56.17712940290221 8.2001984493108449 2.0308852083981028 2.2280488488031542 2.2124903546646228 0.53046229205210693 1.9963207617402066 2.4087163603398949 15.041683232586363
leaf_count=24 29 40 35 33 22 39 6 63 21 175 19 24 31 30 2 32 23 18 13 46 3 619 68 14 45 16 56 11 30 312
internal_value=-0.000203142 0.000328273 0.0140807 -0.00115753 -0.00140457 -0.0145152 3.5729e-05 0.00229453 -0.0121794 0.00371905 0.0315327 0.00811966 -0.0672319 -0.0720964 0.00134892 -0.00497649 0.0673247 -0.0105157 -0.00413091 0.00442673 0.00425514 0.00435535 0.00696848 -0.00912941 -0.0304486 0.0102171 -0.0502073 -0.00102929 -0.0299061 0.00510013
internal_weight=143.877 141.601 15.8455 11.1055 125.755 8.7263 120.97 108.921 12.0492 7.91603 5.68675 3.31191 2.22928 4.13314 107.93 34.106 1.78769 32.3183 30.2322 26.9612 1.3144 73.8238 70.8488 12.4591 10.4282 58.3896 0.903014 25.158 4.40504 20.753
internal_count=1899 1875 136 101 1739 72 1699 1377 322 270 64 43 206 52 1371 546 84 462 444 412 82 825 762 127 113 635 79 399 41 358
cat_boundaries=0 1 2 3
cat_threshold=2080 186 25
is_linear=0
shrinkage=0.1


Tree=95
num_leaves=31
num_cat=4
split_feature=3 4 0 2 2 7 0 2 2 2 0 0 0 0 2 2 0 0 2 0 2 2 0 2 2 1 1 0 2 7
split_gain=0.205091 0.590432 1.42285 0.868882 0.927613 0.829333 0.971697 1.09949 1.03289 0.930358 1.05617 1.37202 0.86472 3.45839 1.48811 1.05599 0.805766 0.840057 0.661932 1.08185 0.658847 0.597338 0.616551 0.621201 0.579395 0.553603 0.981179 1.115 0.690835 0.52381
threshold=0 1 34.500000000000007 5182.0850000000009 12637.335000000001 2 31.500000000000004 20435.400000000005 24151.500000000004 34166.205000000009 51.500000000000007 38.500000000000007 36.500000000000007 44.500000000000007 53672.670000000006 66293.295000000027 49.500000000000007 44.500000000000007 18838.730000000003 60.500000000000007 41913.87000000001 41420.005000000005 21.500000000000004 43206.560000000005 50839.855000000003 51.000000000000007 48.500000000000007 53.500000000000007 193089.31000000003 3
decision_type=9 9 2 2 2 9 2 2 2 2 2 2 2 2 2 2 2 2 2 2 2 2 2 2 2 2 2 2 2 9
left_child=29 2 24 -3 -5 6 7 -6 -9 10 11 -7 21 14 -14 -16 17 -4 -8 25 -18 -11 -23 -24 -2 26 27 28 -20 -1
right_child=1 3 16 4 5 9 18 8 -10 12 -12 -13 13 -15 15 -17 20 -19 19 -21 -22 22 23 -25 -26 -27 -28 -29 -30 -31
leaf_value=-0.011379639471440548 -0.11502265388411592 0.10141608096500399 0.025912318560425324 -0.088092034638951752 0.11353376060925097 0.023254585326718185 -0.056446984177034532 -0.11849130533308075 0.026032544451748268 -0.14822665903540272 0.036257383485269461 -0.06754568459042587 0.13048345951392301 -0.067022963504699842 0.091888613715376585 -0.072492132418525201 -0.027391067291535967 0.10670477829720036 -0.020131138043497396 -0.075966891696269245 0.048002335866107138 0.085290436104817346 0.095311683766126545 -0.087194663741961442 -0.003575382902398123 -0.02994520858744943 0.054318215451655341 0.047475013082286292 0.048992762039268334 0.0078084045833417843
leaf_weight=9.6191668028477562 0.91325894367764593 0.71497567836195131 2.7032609146554005 1.465610657352953 1.373731069266795 2.9444120927364583 2.3484166767448214 0.52664793143048783 8.1032703513847064 1.0169843903859135 4.0976477600634098 3.8271498056128621 1.5263575948774799 6.8375352408038452 0.65015002433210589 0.9796986430301331 2.5375323779881001 2.4564141873270273 13.046072556840967 1.8136319646146137 2.1337380644399673 0.26770264343940686 0.20134721882641349 2.5289758059225278 0.95354347108514048 4.1073887189850202 4.0869883289560667 3.9350222889333955 1.6260375936981279 53.73963766451925
leaf_count=159 18 9 30 24 7 37 19 7 208 10 24 31 11 103 6 37 18 23 167 24 23 54 2 158 28 29 29 41 32 531
internal_value=-0.000206841 -0.00338865 0.0118272 -0.00718563 -0.00940673 -0.00765531 0.00268843 0.0304399 0.0172129 -0.0183809 -0.00381503 -0.0280639 -0.0428033 -0.0270556 0.0595289 -0.00692031 0.0371356 0.0643759 -0.00540922 -0.0012206 0.00704705 -0.0820008 -0.0595358 -0.0737358 -0.0580965 0.00383741 0.00995169 0.00020675 -0.0124705 0.00374114
internal_weight=143.082 79.7235 11.6977 68.0258 67.3108 65.8452 40.9672 10.0036 8.62992 24.878 10.8692 6.77156 14.0088 9.99374 3.15621 1.62985 9.83095 5.15968 30.9636 28.6151 4.67127 4.01501 2.99803 2.73032 1.8668 26.8015 22.6941 18.6071 14.6721 63.3588
internal_count=1899 1209 140 1069 1060 1036 563 222 215 473 92 68 381 157 54 43 94 53 341 322 41 224 214 160 46 298 269 240 199 690
cat_boundaries=0 1 2 3 4
cat_threshold=1451 44 5922 10754
is_linear=0
shrinkage=0.1


Tree=96
num_leaves=31
num_cat=4
split_feature=2 2 2 2 3 1 2 4 0 0 5 0 2 2 1 2 0 2 7 0 1 1 2 2 2 0 2 0 0 0
split_gain=0.242892 0.375779 0.293079 0.906352 0.294397 1.23544 0.996186 0.960472 0.792849 0.609636 0.59688 0.7073 0.627185 0.605753 0.562548 0.982999 0.507103 0.653762 0.488209 0.687654 0.615202 0.668261 0.564534 0.556193 0.984189 0.884595 0.70903 0.549446 0.514144 0.999227
threshold=6395.1350000000011 9449.8650000000016 13304.090000000002 14652.105000000001 0 37.500000000000007 265177.82500000001 1 53.500000000000007 56.500000000000007 2 28.500000000000004 64004.205000000009 82863.660000000018 48.500000000000007 45000.44000000001 46.500000000000007 48830.025000000001 3 32.500000000000007 26.500000000000004 48.500000000000007 28251.555000000004 38753.285000000011 28251.555000000004 26.500000000000004 73780.295000000013 35.500000000000007 53.500000000000007 50.500000000000007
decision_type=2 2 2 2 9 2 2 9 2 2 1 2 2 2 2 2 2 2 9 2 2 2 2 2 2 2 2 2 2 2
left_child=-1 -2 -3 -4 5 6 -5 8 10 -10 11 12 -7 -12 16 -16 17 -9 19 23 22 -22 -20 24 -6 -25 -27 -21 29 -29
right_child=1 2 3 4 18 7 -8 14 9 -11 13 -13 -14 -15 15 -17 -18 -19 20 27 21 -23 -24 25 -26 26 -28 28 -30 -31
leaf_value=-0.032764920968869182 0.050541210216175775 -0.031652969956064717 0.090730508690332889 -0.062670131029345932 -0.01369337515692336 0.022562635550573404 0.080966279597768573 -0.064589524642129428 0.077601105574534479 0.023127428584342431 -0.10431303792880015 0.009654436258512979 0.10023860971238974 -0.0064562191435500894 -0.084042879802073034 -0.0087746162070194925 0.026261331056166022 0.020662632388944419 0.13625274753779262 -0.057982701552926619 -0.0091078583602525239 0.02594779594862134 0.019773857694021835 -0.11406453562674575 0.077809417691548921 -0.035455343402290104 0.051554485159848257 -0.014874519607987295 -0.035630463169699304 0.050505078870873299
leaf_weight=2.2585913439979768 1.4725937948678609 2.9080927532631895 1.1025180891156185 4.0110509462538166 2.1894619889790174 2.6718936036340883 0.54892919457051892 1.9760134499520048 3.3829066879115981 5.2316908845677972 0.78265586448833246 29.141843019402586 1.7014335196581667 3.2988728619529866 2.8301425138488412 4.4845006763935089 3.8699579667299986 1.6511488588294012 0.67700711637735622 3.3139095224614712 15.319527319414194 8.4303685138584097 1.0796925744944017 0.7346770764197571 2.5381137058138847 1.969500629231334 1.785674739294336 19.328094769036404 8.7476575507316721 2.6592798184137783
leaf_count=24 16 32 8 195 24 33 9 22 27 43 39 273 60 105 21 39 31 28 4 39 241 79 45 109 19 24 37 171 80 22
internal_value=-0.000233082 0.000292351 -0.000242432 0.000431905 -0.00030908 0.00419065 -0.0453792 0.00858151 0.0141031 0.044519 0.0108851 0.0152821 0.0527823 -0.0252208 -0.0108451 -0.037897 0.00108276 -0.0257812 -0.00454812 -0.0103458 0.0054304 0.00333565 0.0646632 0.0114932 0.0354321 -0.0137132 0.00591989 -0.0192964 -0.0151252 -0.00696713
internal_weight=142.098 139.839 138.367 135.459 134.356 65.583 4.55998 61.0231 46.2113 8.6146 37.5967 33.5152 4.37333 4.08153 14.8118 7.31464 7.49712 3.62716 68.773 43.2664 25.5066 23.7499 1.7567 9.21743 4.72758 4.48985 3.75518 34.0489 30.735 21.9874
internal_count=1899 1875 1859 1827 1819 925 204 721 580 70 510 366 93 144 141 60 81 50 894 525 369 320 49 213 43 170 61 312 273 193
cat_boundaries=0 1 2 3 4
cat_threshold=1457 26 2 11936
is_linear=0
shrinkage=0.1


Tree=97
num_leaves=31
num_cat=3
split_feature=6 2 5 0 0 2 2 1 2 0 0 2 4 2 2 0 2 1 0 1 2 2 0 0 1 0 2 0 0 2
split_gain=0.233628 0.28446 0.557912 0.401472 0.343049 0.750916 1.45637 0.373058 0.281422 0.725086 0.983892 0.575862 0.275234 1.25699 0.860389 0.808041 0.517773 0.959221 0.888053 0.617675 0.886063 0.557077 0.990287 0.58878 0.479545 0.679238 1.09413 0.800395 1.27017 1.079
threshold=0 68337.550000000017 1 44.500000000000007 30.500000000000004 93974.700000000026 166828.36500000002 34.500000000000007 40949.195000000007 47.500000000000007 40.500000000000007 45803.650000000009 2 48439.730000000003 30316.580000000005 46.500000000000007 44056.680000000008 57.000000000000007 55.500000000000007 38.500000000000007 27097.545000000002 30039.515000000003 42.500000000000007 39.500000000000007 57.000000000000007 36.500000000000007 36356.030000000006 53.500000000000007 57.500000000000007 38195.715000000004
decision_type=1 2 1 2 2 2 2 2 2 2 2 2 9 2 2 2 2 2 2 2 2 2 2 2 2 2 2 2 2 2
left_child=8 12 3 -3 -4 -6 -7 -8 9 10 -1 -10 13 14 15 -2 19 18 -18 20 -14 22 23 -21 25 26 -23 29 -29 -27
right_child=1 2 4 -5 5 6 7 -9 11 -11 -12 -13 16 -15 -16 -17 17 -19 -20 21 -22 24 -24 -25 -26 27 -28 28 -30 -31
leaf_value=-0.10682832743109133 -0.0042303019451124585 0.021370489391783626 -0.032238532583320233 0.09765323191351262 -0.059533206544538302 0.090763965907709493 0.027125137478196788 -0.033899036321976814 0.065568200572070925 -0.12128419201892809 0.04514523576228327 -0.010817875282335427 0.064875470996003493 0.072724786788593676 -0.026214653700961633 0.063854840467278226 0.0010778737599894412 -0.074191728592629652 -0.057540220271286004 -0.0048083319861477909 -0.012309477907186112 -0.053071464974150745 -0.03173066341559469 0.042232691993324606 0.035835881168010328 0.0480005008946836 0.014481998521158723 -0.058777592657723449 0.031023886142591064 -0.015091552038359636
leaf_weight=0.65201345240348318 4.0379819720983523 1.537355086184107 1.9843599865853301 1.251622373005375 1.1623009829781947 2.3394410389009863 1.7357069001300258 2.3691657199524343 1.0392088674707363 0.79818650626111765 1.2289578672498462 19.621896575001301 3.5142360287718466 3.0638768672943106 6.0230005402117968 3.0671671777963638 16.108466992620386 2.499125348404049 3.0784032833762458 11.765614730305971 2.5786394281312823 4.7780694644898194 13.03964845347218 3.4382623285055152 5.0849028229713431 8.59834983199835 4.8124177791178226 3.2718811184167853 3.0370702482759953 3.9585895631462327
leaf_count=62 27 32 26 16 26 42 20 32 21 13 12 781 31 21 42 27 139 19 31 102 27 38 99 21 31 58 31 22 19 31
internal_value=-0.000220689 0.00174725 0.0162373 0.0556043 0.00478965 0.0144493 0.0277928 -0.00809554 -0.00765163 -0.0414232 -0.00753436 -0.00697582 0.000216243 0.00930438 0.00159053 0.0251608 -0.00221799 -0.0159173 -0.008327 0.001832 0.0322091 -0.00116362 -0.0115114 0.0058297 0.00754976 0.00249528 -0.0191738 0.0135107 -0.015548 0.0281107
internal_weight=141.476 118.136 12.38 2.78898 9.59097 7.60661 6.44431 4.10487 23.3403 2.67916 1.88097 20.6611 105.756 16.192 13.1281 7.10515 89.5637 21.686 19.1869 67.8777 6.09288 61.7848 28.2435 15.2039 33.5413 28.4564 9.59049 18.8659 6.30895 12.5569
internal_count=1899 1010 194 48 146 120 94 52 889 87 74 802 816 117 96 54 699 189 170 510 58 452 222 123 230 199 69 130 41 89
cat_boundaries=0 1 2 3
cat_threshold=3 2 42
is_linear=0
shrinkage=0.1


Tree=98
num_leaves=31
num_cat=3
split_feature=3 2 2 2 2 4 2 2 2 0 2 2 2 2 1 2 0 2 0 0 2 0 0 0 0 2 2 0 7 2
split_gain=0.208989 1.2002 1.41042 0.907328 1.26558 1.01517 1.12832 0.735484 0.66853 0.578338 0.570993 2.44208 0.594538 0.500542 0.878177 0.587658 0.49205 0.490668 1.15113 0.451696 1.07932 0.735143 0.434617 0.428225 0.843697 1.27371 0.632785 0.515997 0.371754 1.21273
threshold=0 5182.0850000000009 21538.500000000004 33632.600000000006 34166.205000000009 1 38195.715000000004 40403.080000000009 17932.775000000005 36.500000000000007 64708.420000000006 70200.60000000002 79476.60000000002 53324.80000000001 42.500000000000007 56991.460000000006 53.500000000000007 27914.400000000005 43.500000000000007 47.500000000000007 17560.060000000001 37.500000000000007 44.500000000000007 44.500000000000007 30.500000000000004 56991.460000000006 62897.960000000006 39.500000000000007 2 164562.62000000002
decision_type=9 2 2 2 2 9 2 2 2 2 2 2 2 2 2 2 2 2 2 2 2 2 2 2 2 2 2 2 9 2
left_child=1 -1 19 16 -5 7 -7 9 22 -6 13 -12 -13 14 -9 -15 17 -4 -19 20 21 -3 -2 24 25 -8 -25 -26 29 -10
right_child=8 2 3 4 5 6 23 10 28 -11 11 12 -14 15 -16 -17 -18 18 -20 -21 -22 -23 -24 26 27 -27 -28 -29 -30 -31
leaf_value=-0.10299781013612484 -0.01660841232169892 0.03205240146602855 -0.028447952045708186 0.11573726492406618 -0.038429059769567266 0.061498609435629341 0.10087595098796548 -0.0012871888818343114 -0.0069669527999931223 0.016587595721707839 -0.12913249275268845 0.070234775390437681 0.012108331208029614 0.11713802208989615 0.062009811415351085 0.036479367854832585 -0.051686154699709608 -0.021427043411792895 0.058414447981736388 0.062968132866498647 0.073800260237738044 -0.043729035666597207 -0.080814755580263742 -0.034656817100976713 -0.10953690314821798 -0.068476837497229603 0.019658699012368386 -0.041808614673108542 0.0059061789876200567 -0.10796565176926405
leaf_weight=1.0494848261587311 2.5870204091770566 2.6412444505840522 8.230575222987687 1.0365170766599465 3.7289701684785568 1.5567576922476316 0.83508708869339787 4.8622214088245546 26.8565137245314 3.9185401145368814 1.1473404770367768 2.239221317897317 8.2166721192261303 1.5824917220597847 3.9910126989707351 2.1045518830360379 3.7146562035195521 5.1851775213435749 2.7707264255732298 4.1613837301265448 2.6632634084671736 2.4840060211718082 1.7794204929377881 5.5963846519589406 1.9344398741377515 0.94854759573354386 3.4778480464592576 2.6879055574536324 25.512220171571244 1.2439259533857683
leaf_count=9 34 23 77 9 28 12 7 47 414 29 20 30 268 20 34 32 29 40 19 28 19 17 22 40 34 33 35 37 360 93
internal_value=-0.000202512 0.00290988 0.00462617 -0.000811135 0.00639337 0.00407223 -0.0123841 0.0127699 -0.00439014 -0.0102388 0.0253471 0.00935967 0.0245566 0.0401399 0.0272469 0.0710983 -0.0188628 -0.0113302 0.00637859 0.0363701 0.0221589 -0.00467586 -0.0427739 -0.027814 -0.0476092 0.0108131 -0.0138395 -0.0701527 -0.00208286 -0.00843584
internal_weight=140.744 82.765 81.7155 69.7656 49.8645 48.828 17.037 31.791 57.9791 7.64751 24.1435 11.6032 10.4559 12.5403 8.85323 3.68704 19.9011 16.1865 7.9559 11.9499 7.78851 5.12525 4.36644 15.4802 6.40598 1.78363 9.07423 4.62235 53.6127 28.1004
internal_count=1899 976 967 880 715 706 198 508 923 57 451 318 298 133 81 52 165 136 59 87 59 40 56 186 111 40 75 71 867 507
cat_boundaries=0 1 2 3
cat_threshold=430 16 11308
is_linear=0
shrinkage=0.1


Tree=99
num_leaves=31
num_cat=3
split_feature=6 2 2 2 2 0 2 2 2 2 1 2 4 2 2 0 2 0 0 1 1 0 1 2 0 2 3 0 0 0
split_gain=0.216652 0.35056 0.54494 0.874906 0.384431 0.699799 0.348563 0.658292 0.441767 0.685185 0.345341 1.05142 0.341984 0.48114 1.03975 1.16299 0.468122 0.843647 0.563679 0.953635 1.08712 0.858398 0.324643 0.298124 0.520288 0.292496 0.425945 0.833354 0.759753 1.32928
threshold=0 219850.91000000003 193089.31000000003 139034.62000000002 194682.52000000005 46.500000000000007 62897.960000000006 66758.250000000015 100125.67000000001 166828.36500000002 34.500000000000007 27097.545000000002 1 41913.87000000001 30316.580000000005 46.500000000000007 53672.670000000006 36.500000000000007 48.500000000000007 48.500000000000007 42.500000000000007 57.500000000000007 22.500000000000004 26202.650000000005 56.500000000000007 49195.090000000004 2 36.500000000000007 46.500000000000007 43.500000000000007
decision_type=1 2 2 2 2 2 2 2 2 2 2 2 9 2 2 2 2 2 2 2 2 2 2 2 2 2 9 2 2 2
left_child=6 2 3 23 -4 -6 10 -8 -9 -10 11 -1 13 14 15 -12 18 -18 25 20 21 -20 -3 -2 -25 26 27 -14 29 -28
right_child=1 22 4 -5 5 -7 7 8 9 -11 12 -13 16 -15 -16 -17 17 -19 19 -21 -22 -23 -24 24 -26 -27 28 -29 -30 -31
leaf_value=0.020746868484932603 -0.045804000467630029 0.038841822006240583 0.11750290489407754 -0.090814025554149219 -0.10316863421305696 0.11219650574325156 0.076358618003304929 -0.028821186734110188 0.071104758285299871 0.0021282889155124192 -0.0027396424346043048 -0.070986164532097218 -0.0031000553082941081 0.04741301740647539 -0.03466158386882813 0.082089134636964572 -0.074626111840230019 0.0019488919375331209 -0.042290937515904584 -0.046487893396525481 0.038815495780381654 0.014247646315434404 -0.10532270780927287 -0.0094539581530472712 0.031297828954465361 0.033104584342640991 8.0157999619104704e-06 0.045379406958370755 0.043937965972962352 -0.057500482476926656
leaf_weight=2.4845980089157811 1.7437000353238676 0.2040536247077388 0.57967198351980076 1.2757398889807507 0.3046794156107353 0.2988837652374059 1.6876051258295763 2.3715829565189761 1.9777115313336251 5.2982910899445415 4.0149769894778711 2.5134288771077991 6.4986127242445999 4.4056131020188323 3.6899103559553623 2.7050682008266449 2.3954972997307769 3.6023556161671877 6.1702397745102662 6.1383562050759783 4.9477817378938189 4.7545634973794222 0.66611108211509418 19.591691079011074 3.7292851365637025 3.7146759722381821 26.535780444275584 7.8036590628325939 3.00524803623557 4.736769061535596
leaf_count=21 48 11 7 168 37 7 15 25 23 55 27 39 40 26 25 25 25 25 50 38 33 34 68 629 46 28 222 56 16 30
internal_value=-0.000143539 -0.00667403 -0.00704887 -0.0100311 0.0593403 0.00347993 0.00194453 0.0187392 0.00866011 0.020877 0.000237278 -0.0253842 0.00158356 0.0117685 0.00798841 0.0314071 -0.001566 -0.0286346 0.000408183 -0.0130168 -7.26589e-05 -0.0176849 -0.0715161 -0.00591944 -0.00293729 0.00605879 0.00399073 0.0137427 -0.00316432 -0.00870264
internal_weight=139.846 28.3938 27.5237 26.3404 1.18324 0.603563 111.452 11.3352 9.64759 7.276 100.117 4.99803 95.1191 14.8156 10.41 6.72005 80.3035 5.99785 74.3057 22.0109 15.8726 10.9248 0.870165 25.0647 23.321 52.2947 48.5801 14.3023 34.2778 31.2725
internal_count=1899 1021 942 891 51 44 878 118 103 78 760 60 700 103 77 52 597 50 547 155 117 84 79 723 675 392 364 96 268 252
cat_boundaries=0 1 2 3
cat_threshold=4 42 3
is_linear=0
shrinkage=0.1


Tree=100
num_leaves=31
num_cat=4
split_feature=7 0 2 2 2 1 2 2 0 0 1 2 0 0 5 0 2 2 2 0 2 0 2 4 3 2 1 2 2 2
split_gain=0.210977 0.973994 0.610402 1.27494 0.795627 0.57098 1.7646 1.23585 0.548517 0.874981 0.621847 0.530178 0.945368 0.730363 0.517538 1.29086 0.493464 0.75061 0.436183 0.455012 0.495719 0.429009 0.838377 0.628771 0.572369 0.864015 0.848494 1.63179 0.816746 0.728366
threshold=0 66.500000000000014 34166.205000000009 32623.385000000006 36356.030000000006 47.500000000000007 41420.005000000005 40403.080000000009 48.500000000000007 31.500000000000004 55.500000000000007 62897.960000000006 54.500000000000007 44.500000000000007 1 41.500000000000007 67187.835000000006 91074.435000000012 87439.300000000003 42.500000000000007 151387.77500000002 61.500000000000007 9449.8650000000016 2 3 100125.67000000001 57.000000000000007 30039.515000000003 253672.84000000005 45000.44000000001
decision_type=9 2 2 2 2 2 2 2 2 2 2 2 2 2 1 2 2 2 2 2 2 2 2 9 9 2 2 2 2 2
left_child=2 21 3 -1 -4 6 -6 -7 9 -9 -11 12 13 -8 15 16 -13 -18 -16 20 -20 22 -2 -24 26 -26 28 -28 -25 -29
right_child=1 -3 4 -5 5 7 11 8 -10 10 -12 14 -14 -15 18 -17 17 -19 19 -21 -22 -23 23 24 25 -27 27 29 -30 -31
leaf_value=0.0085830120182076568 -0.091633560605860337 -0.085859694179959034 -0.049962309547933938 0.07993317418140311 0.078477851060193879 -0.084535977720451683 -0.012893185946997489 -0.039902970157039502 -0.034527611945851043 0.0088117897006562539 0.078935074282321938 0.15002470376866298 0.037273550861287967 -0.088142018931176222 -0.1044492015859752 -0.056767693636191031 -0.062321593565906164 0.095505205068723981 -0.10132285362449212 0.044384992997097104 0.013170544151937767 0.033658349335030049 -0.019089218245462121 0.014470701547046114 -0.038047551100489387 0.031275369416367174 -0.090945674137417304 0.036311489320100879 -0.057394786840679439 -0.03149942790310227
leaf_weight=18.55915242864285 1.0665363298030559 1.4126717012841243 3.3054015277884892 2.8950455302838227 3.3693527654977578 2.0972986910492173 3.3073296100919816 2.1189530168194306 3.3028811579570174 3.2519475063309073 2.0693423487246037 0.79775637527927834 2.06467489246279 2.1144973756745458 0.4149538525816755 0.86561323690693814 0.41226577654015262 1.1199179980831102 0.6308406834577911 1.49115400086157 0.94410785389482044 3.2209952897392204 7.6717648455523886 48.823082397211692 8.9762508867133857 2.2482191331800996 2.4441585245076549 3.4472004440613091 1.6343549576704379 2.930578712024726
leaf_count=155 20 21 25 21 25 12 50 27 23 38 15 7 16 17 30 17 20 70 38 32 37 30 115 690 154 83 18 23 37 33
internal_value=-0.00013444 -0.00315185 0.00425586 0.0182111 -0.00337039 0.00170008 0.0134338 -0.0143213 -0.000613783 0.0144413 0.0360813 -0.00203995 -0.0203113 -0.04224 0.0184477 0.0475064 0.086246 0.0530386 -0.00822765 0.00479459 -0.0326894 -0.0021172 -0.00357139 -0.00236997 0.00188893 -0.0127782 0.00610971 -0.021472 0.0121429 0.00515249
internal_weight=139.008 83.8758 55.1325 21.4542 33.6783 30.3729 17.5325 12.8404 10.7431 7.44024 5.32129 14.1631 7.4865 5.42183 6.67661 3.19555 2.32994 1.53218 3.48106 3.0661 1.57495 82.4631 79.2421 78.1756 70.5038 11.2245 59.2794 8.82194 50.4574 6.37778
internal_count=1899 1224 675 176 499 474 359 115 103 80 53 334 83 67 251 114 97 90 137 107 75 1203 1173 1153 1038 237 801 74 727 56
cat_boundaries=0 1 2 3 4
cat_threshold=5381 2 6 182
is_linear=0
shrinkage=0.1


Tree=101
num_leaves=31
num_cat=3
split_feature=3 0 0 2 0 0 2 0 0 0 5 1 2 7 1 2 2 1 0 2 2 1 1 2 2 2 0 2 0 1
split_gain=0.238666 0.312083 0.724626 0.805721 0.664209 0.626254 0.426341 0.406545 0.260636 0.66867 0.648215 0.524298 0.477228 0.463386 1.17189 1.35819 1.24045 0.874812 0.657241 1.1558 1.1048 0.974185 0.835407 0.598605 1.56125 0.53833 0.683732 2.24665 1.35866 1.10989
threshold=0 57.500000000000007 46.500000000000007 17560.060000000001 44.500000000000007 32.500000000000007 31447.195000000003 29.500000000000004 48.500000000000007 57.500000000000007 1 66.500000000000014 7774.2050000000008 2 57.000000000000007 26202.650000000005 28251.555000000004 55.500000000000007 41.500000000000007 23184.980000000003 28251.555000000004 51.000000000000007 38.500000000000007 61423.250000000007 137038.50500000003 73780.295000000013 27.500000000000004 39451.380000000012 37.500000000000007 48.500000000000007
decision_type=9 2 2 2 2 2 2 2 2 2 1 2 2 9 2 2 2 2 2 2 2 2 2 2 2 2 2 2 2 2
left_child=1 2 3 -1 5 7 -7 -5 11 -10 -11 12 -2 17 15 -15 -17 18 21 -20 -21 22 -14 -22 -25 26 27 -18 29 -28
right_child=8 -3 -4 4 -6 6 -8 -9 9 10 -12 -13 13 14 -16 16 25 -19 19 20 23 -23 -24 24 -26 -27 28 -29 -30 -31
leaf_value=-0.084312296149118712 0.063805786226529312 -0.016377098081299116 0.043474084828919041 0.014679730888770171 -0.050496564723992846 0.08479395551788399 0.022106642672188266 -0.072431962264443109 -0.020743947492395276 -0.0023651948784751695 0.054158734781952211 0.046597925051469979 -0.075859374280990544 -0.053896514554634213 -0.063116764640415587 0.076944252158078874 0.16570589311031592 0.047023031730292736 0.06892685141107395 -0.069315430390001292 0.033820253796813353 -0.081378454744251427 0.0011895078102444466 -0.12351074705564993 0.046963609653280385 0.025614210063479904 -0.025791006712530602 -0.072933671955644416 0.0084062904579647931 -0.12049113841403264
leaf_weight=1.0085355266928733 1.1354608602123324 3.2291272771544746 6.5005543362349263 1.2955415783217161 1.4924978874623773 1.6183651124592868 3.2914284052094445 0.91350016370415676 21.176873227639589 12.120147620793432 2.4367812016280341 2.4275138716911888 1.4816733502084449 4.6733658447919941 3.9857875688467166 2.1868736348114934 0.81322879146319127 4.5755646519828579 3.5071081649512044 1.7760087959468354 6.0590104851871711 1.661618016543797 28.009209237876348 0.95118129649199579 1.2344222855754194 5.0742553639793178 3.77853804908227 0.76618570752907544 7.4043540104757994 1.8403869569301603
leaf_count=7 15 29 59 34 17 18 48 14 207 100 41 22 111 53 39 18 10 37 22 11 50 20 402 32 18 283 56 49 59 18
internal_value=-0.000264774 0.00791036 0.0176825 0.00025402 0.0101582 0.0228748 0.0427696 -0.0213434 -0.00208263 -0.00940246 0.00709672 0.000805941 -0.000567868 -0.00148407 -0.00945861 -0.00496364 0.0054957 0.00447034 0.00111317 0.0195183 0.00222584 -0.00687911 -0.00268156 0.0176369 -0.0272273 -0.00244501 -0.0121952 0.0499401 -0.0197308 -0.0568085
internal_weight=138.425 19.3496 16.1204 9.61987 8.61133 7.11884 4.90979 2.20904 119.076 35.7338 14.5569 83.3417 80.9142 79.7788 30.523 26.5372 21.8638 49.2558 44.6802 13.5277 10.0206 31.1525 29.4909 8.24461 2.1856 19.6769 14.6027 1.57941 13.0233 5.61893
internal_count=1899 226 197 138 131 114 66 48 1673 348 141 1325 1303 1288 585 546 493 703 666 133 111 533 513 100 50 475 192 59 133 74
cat_boundaries=0 1 2 3
cat_threshold=424 2 807
is_linear=0
shrinkage=0.1


Tree=102
num_leaves=31
num_cat=3
split_feature=6 2 2 2 3 2 0 0 2 0 0 2 0 2 1 0 2 1 0 1 2 1 2 2 0 2 0 1 2 7
split_gain=0.219533 0.324891 0.415 0.782997 0.449576 0.923902 0.591442 0.529851 0.413678 0.334579 0.517376 0.321422 0.57691 0.309519 0.585295 0.372787 0.29417 0.288336 0.271725 0.271448 0.267794 0.724874 0.417145 0.897225 0.461695 0.387611 0.571962 0.264616 0.898083 0.306217
threshold=0 219850.91000000003 193089.31000000003 139034.62000000002 1 52787.085000000006 59.500000000000007 29.500000000000004 82863.660000000018 51.500000000000007 46.500000000000007 194682.52000000005 46.500000000000007 61032.000000000007 41.500000000000007 42.500000000000007 115648.01000000002 36.500000000000007 37.500000000000007 22.500000000000004 67187.835000000006 48.500000000000007 97441.610000000015 88121.210000000006 41.500000000000007 59732.775000000009 40.500000000000007 34.500000000000007 27097.545000000002 2
decision_type=1 2 2 2 9 2 2 2 2 2 2 2 2 2 2 2 2 2 2 2 2 2 2 2 2 2 2 2 2 9
left_child=13 2 3 4 16 -6 7 8 -7 10 -9 -4 -13 27 15 18 17 -2 -15 -3 25 22 23 24 -22 26 -19 28 -1 -29
right_child=1 19 11 -5 5 6 -8 9 -10 -11 -12 12 -14 14 -16 -17 -18 20 -20 -21 21 -23 -24 -25 -26 -27 -28 29 -30 -31
leaf_value=0.01971793294046837 0.054877052312948364 0.032434354221327517 0.10395266522806118 -0.088478352583053393 -0.11154413072924191 -0.10229645949694084 0.066944762564915425 -0.061338995125369972 0.077699097705612952 -0.11301876093197682 0.019912042098381308 -0.102941299520751 0.095993079134245957 0.0075062226614580679 0.060104005188119494 0.030056311011068423 0.052077462935190388 -0.04057905788769553 -0.037230674397355883 -0.10476969769051553 -0.020042353891749038 0.016956301670281167 -0.10875166014053071 0.052862080767335451 -0.11203121585598537 0.057227669497582734 0.027366480454110588 -0.0053530343831438608 -0.066369318562708168 0.0053566497475122793
leaf_weight=2.4663760964758685 1.0364067634509471 0.18900232471059908 0.57702090186648891 1.2146019075225911 1.4429382566450062 0.15990284930740006 0.66107441345229734 2.4733439454867043 0.63371427854872309 0.65985620161518443 1.1471952251158652 0.28534213339298731 0.29804178862832487 3.3798478716053051 2.5152799040079108 3.7960752611979842 1.3730954040947825 1.9959092859353393 2.2692271694540977 0.60824428440537304 1.1909065811778412 4.2071768471505493 0.76975175121333439 0.98014558595605183 1.0069431783631442 1.6436526428442446 3.2666277738753706 34.502943884115666 2.3823650900740176 58.470497672446072
leaf_count=21 64 11 7 168 72 51 9 101 88 17 18 37 7 38 29 36 39 54 23 68 38 37 43 14 21 21 36 241 39 451
internal_value=-0.000249048 -0.00686107 -0.00747111 -0.010096 -0.00623361 -0.0167225 -0.0220238 -0.0336152 0.0414325 -0.0475296 -0.035594 0.0510333 -0.00130881 0.00188026 0.0172368 0.00582109 0.00486374 0.0038579 -0.0104645 -0.0722429 0.000347097 -0.0119239 -0.042702 -0.026704 -0.062187 0.0148369 0.00159695 0.00019487 -0.0225799 0.00138262
internal_weight=137.604 27.8209 27.0236 25.8632 24.6486 7.17803 5.73509 5.07401 0.793617 4.2804 3.62054 1.1604 0.583384 109.783 11.9604 9.44515 17.4706 16.0975 5.64908 0.797247 15.0611 8.15492 3.94775 3.178 2.19785 6.90619 5.26254 97.8222 4.84874 92.9734
internal_count=1899 1021 942 891 723 356 284 275 139 136 119 51 44 878 126 97 367 328 61 79 264 153 116 73 59 111 90 752 60 692
cat_boundaries=0 1 2 3
cat_threshold=4 154 5640
is_linear=0
shrinkage=0.1


Tree=103
num_leaves=31
num_cat=4
split_feature=3 0 0 2 2 0 0 0 0 1 2 2 2 2 2 1 2 0 0 1 2 4 0 0 2 7 3 2 2 2
split_gain=0.213097 0.271013 0.56459 0.393435 0.479772 0.363194 0.219119 0.212317 0.564951 0.471765 1.16398 1.06584 0.555957 0.984447 0.645477 0.58621 0.633727 0.553127 0.50096 0.414657 0.65396 0.367744 0.863087 1.29871 0.635019 0.631994 0.679168 1.07152 1.4745 1.05159
threshold=0 57.500000000000007 46.500000000000007 48439.730000000003 105751.86500000001 37.500000000000007 37.500000000000007 48.500000000000007 51.500000000000007 43.500000000000007 31960.595000000005 37648.215000000004 33185.67500000001 35189.35500000001 20435.400000000005 38.500000000000007 60596.350000000006 61.500000000000007 58.500000000000007 66.500000000000014 6395.1350000000011 1 30.500000000000004 42.500000000000007 45000.44000000001 2 3 29386.665000000005 35699.980000000003 25204.395000000004
decision_type=9 2 2 2 2 2 2 2 2 2 2 2 2 2 2 2 2 2 2 2 2 9 2 2 2 9 9 2 2 2
left_child=1 2 3 5 6 -1 -5 19 -9 12 -11 -12 14 -14 -10 18 -17 -18 -15 20 -2 25 -23 -24 -25 26 29 -28 -29 -22
right_child=7 -3 -4 4 -6 -7 -8 8 9 10 11 -13 13 15 -16 16 17 -19 -20 -21 21 22 23 24 -26 -27 27 28 -30 -31
leaf_value=0.016311343818436991 0.086703288914341772 -0.014996041003139966 0.039972904076644278 0.01601917100390168 -0.034674159082862636 -0.037317010873712773 0.069548647737656372 -0.034160956189355003 0.0016132758941463086 0.068702856947784649 -0.055801921882269859 0.023111659424933807 0.081142127464445199 -0.12550690009122331 -0.061600865331474609 0.021019009333260209 -0.078846365764488807 0.0089530852071240449 -0.018108578006377832 0.041733257770290043 0.05932235937489691 0.047682919973964628 -0.059452928192992263 0.026848429180553763 -0.033689499774858515 -0.0074490083515760634 -0.0078963366350046707 0.10252981382275608 0.025413959259832961 -0.029895331440972013
leaf_weight=2.0603300672082714 0.84930253005586465 3.206950901541858 6.3369826830457887 1.4407423763477711 1.0218587448616743 3.2625889759510756 1.629708881722763 6.9554504163679658 2.7817944046109977 2.8811842855066043 2.7304038219153881 4.5867406195029616 1.3595673367381085 0.72386841743718555 3.8520649205893278 5.6575646353885531 1.4927313625812533 1.3816876858472822 1.0857844608835874 2.3851192227448328 1.5550160791026435 1.7194416220736446 6.6027031005942245 4.2263320330530405 2.9367633501533419 28.270308110615588 7.0389644389506456 2.96816577180289 15.059302319568813 8.7833340721554105
leaf_count=29 10 29 59 27 32 28 22 77 19 20 15 35 9 18 32 43 34 11 35 22 14 56 89 29 28 662 55 23 213 124
internal_value=-0.000249625 0.00753006 0.0168964 0.00136461 0.0246783 -0.0165592 0.0444311 -0.00197229 -0.0086061 -0.00237671 0.0148643 -0.00633507 -0.0119665 0.00114484 -0.0350931 -0.00937203 0.00159287 -0.0366426 -0.0610683 0.000645636 -0.000579203 -0.00151565 -0.0116157 -0.0274606 0.00202877 0.00238955 0.0101559 0.0180075 0.0381108 -0.00837499
internal_weight=136.843 18.9592 15.7522 9.41523 4.09231 5.32292 3.07045 117.884 35.4888 28.5334 10.1983 7.31714 18.3351 11.7012 6.63386 10.3416 8.53198 2.87442 1.80965 82.3948 80.0096 79.1603 15.4852 13.7658 7.1631 63.6751 35.4048 25.0664 18.0275 10.3384
internal_count=1899 226 197 138 81 57 49 1673 348 271 70 50 201 150 51 141 88 45 53 1325 1303 1293 202 146 57 1091 429 291 236 138
cat_boundaries=0 1 2 3 4
cat_threshold=424 20 901 16
is_linear=0
shrinkage=0.1


Tree=104
num_leaves=31
num_cat=3
split_feature=6 2 2 4 1 2 2 2 2 2 2 2 0 2 0 2 0 1 0 2 1 0 0 2 2 2 0 0 2 7
split_gain=0.192034 0.330266 0.442941 0.305165 0.682465 0.622734 0.577192 0.635332 0.420535 0.432631 0.41188 0.76393 0.292867 0.294439 0.275877 0.263677 0.36647 0.474495 0.375288 0.597306 0.993549 0.258408 0.23942 0.224173 0.660386 0.347932 0.340557 0.522285 0.279758 0.25958
threshold=0 68337.550000000017 246932.65500000003 1 35.500000000000007 194682.52000000005 187263.57500000004 139034.62000000002 72166.920000000013 125081.79500000001 73780.295000000013 64004.205000000009 32.500000000000007 59330.335000000006 43.500000000000007 79476.60000000002 31.500000000000004 55.500000000000007 58.500000000000007 104218.32000000002 44.500000000000007 45.500000000000007 66.500000000000014 20435.400000000005 22758.170000000002 24904.665000000005 47.500000000000007 37.500000000000007 16813.290000000005 2
decision_type=1 2 2 9 2 2 2 2 2 2 2 2 2 2 2 2 2 2 2 2 2 2 2 2 2 2 2 2 2 9
left_child=1 22 14 8 -5 6 7 10 -2 -10 11 12 13 -6 -3 -12 -17 18 19 21 -21 -18 23 26 -25 -26 27 -1 -29 -27
right_child=3 2 -4 4 5 -7 -8 -9 9 -11 15 -13 -14 -15 -16 16 17 -19 -20 20 -22 -23 -24 24 25 29 -28 28 -30 -31
leaf_value=0.02492985234553486 0.060802742208738228 0.017439859074190014 -0.014847621118167379 -0.1028096520814361 -0.10474168672612141 -0.10386576397930705 0.077181163003092426 -0.10381090437487606 -0.039661518678262578 0.054466235872318927 0.035911822905589454 -0.097116056396948272 -0.0058652435352854401 0.0049642939249297281 0.060117297405254948 0.025781174193716616 -0.014450244452959411 -0.084344867670087892 0.057519152692888265 -0.041328874173632929 0.12219334855272124 -0.079557769776188392 -0.029077048885596715 -0.039759772965006934 0.034702616053226151 0.0085295560628283404 0.036504869524150441 -0.040299659160368484 0.0043910671904727446 -0.0033431499886938023
leaf_weight=5.4899408156052214 2.1482071344798896 3.7649358301423472 2.5415181657299399 0.87262518947682721 0.64074574370171233 0.72363789056544092 0.74084630253491823 0.73728020608541456 1.2386771690798926 0.80604281085834362 2.1017806106246999 1.2582668707182163 6.936229579616338 0.39574408193584532 2.5342093966901302 2.8200103188282792 1.1592416444327689 0.91350700147449959 0.78509264718741167 0.83551372628426157 0.66914520331192762 1.2856899845646692 2.7123591788113108 4.1775339571759096 2.9559349957853547 15.007179806707425 4.1774656586349002 2.8668377157300711 2.7389133460819721 59.978956487961113
leaf_count=50 38 45 26 262 61 71 16 85 30 30 30 49 104 7 27 110 34 13 7 43 9 22 25 33 26 126 35 22 19 444
internal_value=-0.00028888 0.00170744 0.0203915 -0.00653888 -0.011187 -0.0126376 -0.00953521 -0.0126632 0.00883477 -0.0025557 -0.00926936 -0.0247025 -0.0132741 -0.0628546 0.0346094 0.00420876 -0.00365984 -0.0183591 -0.0056278 -0.01818 0.031392 -0.0486876 0.000227949 0.00104408 -0.00102496 0.00105115 0.0121688 0.00300635 -0.0184642 -0.000275384
internal_weight=136.014 108.946 8.84066 27.0683 22.8754 22.0027 21.2791 20.5382 4.19293 2.04472 19.801 9.23099 7.97272 1.03649 6.29915 10.57 8.4682 5.64819 4.73468 3.94959 1.50466 2.44493 100.105 97.3928 82.1196 77.9421 15.2732 11.0957 5.60575 74.9861
internal_count=1899 878 98 1021 923 661 590 574 98 60 489 221 172 68 72 268 238 128 115 108 52 56 780 755 629 596 126 91 41 570
cat_boundaries=0 1 2 3
cat_threshold=4 9 14594
is_linear=0
shrinkage=0.1


Tree=105
num_leaves=31
num_cat=2
split_feature=0 2 2 7 1 0 0 0 1 2 2 2 2 2 5 0 2 1 2 0 2 1 0 0 2 2 0 2 0 2
split_gain=0.187686 0.746959 0.797332 0.235748 0.895687 1.05485 0.893759 0.862776 0.720203 0.664461 0.516881 0.473331 0.857932 0.462629 0.515799 0.506966 0.599379 0.630678 0.594443 0.455435 0.671885 0.418641 0.412267 1.15151 0.581362 0.661186 1.13367 0.732474 0.435761 0.433001
threshold=24.500000000000004 79476.60000000002 194682.52000000005 0 24.500000000000004 41.500000000000007 26.500000000000004 32.500000000000007 32.500000000000007 39451.380000000012 39994.490000000005 52477.80000000001 99434.165000000023 91074.435000000012 1 39.500000000000007 46703.295000000006 44.500000000000007 27914.400000000005 47.500000000000007 20946.475000000002 27.500000000000004 35.500000000000007 33.500000000000007 19430.205000000005 37648.215000000004 30.500000000000004 42737.520000000004 30.500000000000004 35189.35500000001
decision_type=2 2 2 9 2 2 2 2 2 2 2 2 2 2 1 2 2 2 2 2 2 2 2 2 2 2 2 2 2 2
left_child=1 -1 -3 6 5 -5 10 9 21 -8 -2 -11 -13 15 -15 22 18 -18 19 -17 -21 -6 23 24 -10 26 -26 -27 -29 -24
right_child=3 2 -4 4 8 -7 7 -9 13 11 -12 12 -14 14 -16 16 17 -19 -20 20 -22 -23 29 -25 25 27 -28 28 -30 -31
leaf_value=-0.10747968700847002 0.12776364226680645 0.060270561659761274 -0.12770228858050739 0.031834969171966966 0.11023327375026951 -0.12363753687217077 -0.059952495220010477 0.00783288684269977 -0.030718930503058087 0.052239697185178138 0.030160545717997023 -0.062871564164637725 0.039647745203600919 -0.06074718233766422 -0.0029862587998866702 -0.01798708948872612 0.026764511050495633 -0.0292498727248829 -0.027419366368266682 0.053740066506648212 -0.012914797407387893 0.014049156634918578 0.00065889205586939061 -0.068875900547688468 0.0013492062750175599 -0.063707250375726318 0.088345588495327754 0.036147960679069398 -0.022153143570117211 0.051914090399861779
leaf_weight=0.77761884498613598 0.85578832018654738 0.9787245993647955 0.29327548407309223 0.66121295459743024 0.87040835175139253 1.2835273406817576 3.5365472157718596 48.599034550163196 2.7300609736703398 1.1828450906905343 1.4825061699666546 2.0104004400782292 1.3742875368334351 2.8712121851422125 3.3496209641161832 5.9839925952255744 7.8228042327100393 2.7051385837839916 17.146538513246924 3.0713678260799497 2.9791448996402323 0.94252908288035542 2.7785787824541321 2.0226060256245537 3.0219105602009204 1.4621813823468981 2.9701321955071762 3.6600486015668139 1.9731678608222862 4.0514962421730161
leaf_count=99 9 170 39 25 17 27 32 517 27 13 49 35 36 106 96 43 76 26 120 25 28 43 28 32 27 13 22 49 28 42
internal_value=-0.000239105 -0.03027 0.0169311 0.000222306 -0.00335386 -0.0707768 0.00452742 0.00279575 -0.00200629 -0.0274113 0.0658821 -0.00221523 -0.0212456 -0.00360441 -0.0296457 -0.00108809 -0.00808262 0.0123717 -0.0154621 0.00157429 0.0209206 0.0602281 0.0101703 0.00217161 0.0112566 0.0200127 0.0444715 -0.000642689 0.0157266 0.0310627
internal_weight=135.449 2.04962 1.272 133.399 74.3577 1.94474 59.0414 56.7031 72.4129 8.10408 2.33829 4.56753 3.38469 70.6 6.22083 64.3792 39.709 10.5279 29.181 12.0345 6.05051 1.81294 24.6702 17.8401 15.8175 13.0874 5.99204 7.0954 5.63322 6.83008
internal_count=1899 308 209 1591 900 52 691 633 848 116 58 84 71 788 202 586 318 102 216 96 53 60 268 198 166 139 49 90 77 70
cat_boundaries=0 1 2
cat_threshold=5382 2
is_linear=0
shrinkage=0.1


Tree=106
num_leaves=31
num_cat=3
split_feature=3 5 2 0 2 2 2 0 2 0 1 1 0 0 0 2 2 2 5 2 2 1 2 0 2 2 2 2 2 2
split_gain=0.2049 0.257018 0.504044 0.529911 0.30196 0.488547 0.344609 0.618058 0.481247 0.181479 0.516594 0.943092 0.853712 0.511333 0.611753 2.12719 1.50518 0.695215 0.539654 0.403337 0.381401 0.349354 0.367474 0.756939 0.744846 0.527444 1.10103 1.8718 0.680751 0.356583
threshold=0 1 63392.280000000006 47.500000000000007 53324.80000000001 80148.565000000017 29386.665000000005 48.500000000000007 39451.380000000012 48.500000000000007 55.500000000000007 42.500000000000007 52.500000000000007 57.500000000000007 53.500000000000007 41913.87000000001 48206.475000000006 53672.670000000006 2 44383.265000000007 34166.205000000009 66.500000000000014 16330.520000000002 33.500000000000007 17932.775000000005 21538.500000000004 22758.170000000002 23184.980000000003 24151.500000000004 25204.395000000004
decision_type=9 1 2 2 2 2 2 2 2 2 2 2 2 2 2 2 2 2 1 2 2 2 2 2 2 2 2 2 2 2
left_child=1 4 -3 -4 6 -6 7 -1 -8 21 11 13 -13 14 16 -16 -11 -17 -15 -20 -14 22 23 -2 -24 -26 -27 -28 -29 -30
right_child=9 2 3 -5 5 -7 8 -9 -10 10 -12 12 20 18 15 17 -18 -19 19 -21 -22 -23 24 -25 25 26 27 28 29 -31
leaf_value=0.00012226555506993881 -0.017111710354182363 -0.086451397417597553 -0.040837318510819974 0.065686847787485764 0.091054085024792564 0.0097734175475978034 -0.030928665784389481 0.06774629638195441 0.019933156137491765 0.040838318487994928 -0.046624324302579123 -0.018384683194921345 0.068231517550215323 0.045408715803531119 -0.11166094396125821 0.057667578555336454 -0.072794540413110828 -0.040419195415154305 0.0019205037982099945 -0.046752078823643094 0.02046253811484415 0.038537204565272994 -0.061295906967003655 0.055986840309819368 0.036815299316970689 -0.091017481377130768 0.15070930607535729 -0.090877832522744548 0.053924507178845886 -0.0026241167030025946
leaf_weight=3.2308525749249402 2.5367279028869225 0.75654411414871292 0.97321744983491931 0.89778145728632808 1.2956728842109435 1.7227011053473686 3.5795248519352754 2.3235047236084938 3.8732769186608493 2.8697058644029365 3.1709576901048413 3.710247182287274 2.9592790585011244 2.0445885875960794 3.0393540095537901 1.4317203704267742 1.9631098808022214 1.4589357550721613 5.9979620017111284 2.3773733861162327 3.8407259220257401 2.3428806795855044 2.0969248395413151 3.2080791190674063 3.5377786724129683 1.3855981978122134 0.80394836515188117 0.86612793296808277 1.1350534029770631 63.459246295948105
leaf_count=32 31 18 37 10 17 26 32 23 31 28 23 27 20 39 25 15 38 29 48 28 28 22 17 31 30 15 5 10 9 1155
internal_value=-0.000234759 0.0074316 -0.0175736 0.0102773 0.0161688 0.0446641 0.00955632 0.0284108 -0.0044954 -0.00193767 -0.00814097 -0.00429062 0.0201989 -0.0164416 -0.0317288 -0.0532516 -0.00531982 0.00816245 -0.000651242 -0.0118954 0.041251 0.000482003 -0.000646168 0.0237088 -0.00255536 -0.000825084 -0.0027935 -0.000948724 -0.0028113 -0.00163044
internal_weight=134.889 18.6531 2.62754 1.871 16.0255 3.01837 13.0072 5.55436 7.4528 116.236 34.864 31.693 10.5103 21.1827 10.7628 5.93001 4.83282 2.89066 10.4199 8.37534 6.8 81.3724 79.0295 5.74481 73.2847 71.1878 67.65 66.2644 65.4604 64.5943
internal_count=1899 226 65 47 161 43 118 55 63 1673 348 325 75 250 135 69 66 44 115 76 48 1325 1303 62 1241 1224 1194 1179 1174 1164
cat_boundaries=0 1 2 3
cat_threshold=424 2 1
is_linear=0
shrinkage=0.1


Tree=107
num_leaves=31
num_cat=2
split_feature=6 2 2 0 3 0 1 1 2 0 2 2 1 1 2 0 0 0 2 2 0 2 2 2 0 2 2 0 2 2
split_gain=0.180702 0.28059 0.383777 0.432385 0.253447 0.410845 0.297072 0.407854 0.227745 0.21997 0.172279 0.503336 0.300719 0.671174 0.746623 0.615288 0.763346 1.05413 0.492229 0.46034 0.637515 1.63389 1.56212 0.387085 0.3174 0.526769 0.458342 0.573226 0.645233 0.276433
threshold=0 68337.550000000017 166828.36500000002 39.500000000000007 1 25.500000000000004 35.500000000000007 8.5000000000000018 82863.660000000018 66.500000000000014 20435.400000000005 22429.340000000004 47.500000000000007 41.500000000000007 34598.850000000006 55.500000000000007 29.500000000000004 33.500000000000007 48439.730000000003 24904.665000000005 54.500000000000007 27647.070000000003 30654.320000000003 36356.030000000006 48.500000000000007 35189.35500000001 54800.880000000012 38.500000000000007 42737.520000000004 30039.515000000003
decision_type=1 2 2 2 9 2 2 2 2 2 2 2 2 2 2 2 2 2 2 2 2 2 2 2 2 2 2 2 2 2
left_child=1 9 3 -3 8 -6 7 -7 -2 10 -1 -12 13 19 -15 16 -14 -18 29 -13 21 -21 -23 -22 25 -24 27 28 -27 -19
right_child=4 2 -4 -5 5 6 -8 -9 -10 -11 11 12 15 14 -16 -17 17 18 -20 20 23 22 24 -25 -26 26 -28 -29 -30 -31
leaf_value=0.010941889462733006 -0.00097039808956293815 0.0076663746615280833 0.0016056374586202308 0.077488220315531209 -0.10072895169434425 0.095726532828466313 -0.011073544014938212 -0.1025779750936632 0.045505803545936051 -0.028000000384911357 -0.038235222489885839 0.044044862112545623 -0.052589261103640483 -0.0020388667942584618 0.053584095151846284 -0.051509353679187068 0.055812871759408793 -0.038469357164791364 0.02699750541687599 -0.074154004288423767 0.00078348823660284684 0.058104456321275991 -0.043704580924106673 0.045359783141463578 -0.035291789931955204 -0.046461325388447439 -0.029406398110909879 0.034525067312290471 0.017506694164480696 -0.0061359775482081698
leaf_weight=15.129660729318855 1.8203767149243502 1.6883491431362911 5.1327900281175971 1.8684806828387079 0.55270532639406766 0.12207578495145099 20.631573890452273 0.68955665035173297 2.5055935282725841 2.661534445360302 3.4185802345164111 2.2316701523959628 2.7005558637902203 4.312468219548462 5.4793871976435184 2.8342828527092925 3.307516084052625 3.3950917758047607 3.7799512706696978 3.4378616176545647 3.939381279051303 3.8407450094819096 2.9816905539482894 3.8537383293733001 4.2977315187454215 2.687718869186936 3.5656953097786745 5.6922606024891138 3.8151594772934914 11.954676253721116
leaf_count=126 27 23 55 20 310 2 524 125 33 25 27 20 20 31 37 18 27 25 28 29 29 28 32 35 35 24 33 41 31 79
internal_value=-0.000216916 0.00171003 0.0190998 0.0443453 -0.00635796 -0.0107259 -0.0134081 -0.0727514 0.0078356 0.00036071 0.00114166 -0.000677075 0.000966754 0.00560147 0.029087 -0.00734024 -0.00236018 0.00368542 -0.00532738 -9.87245e-05 -0.00268358 -0.00924071 -0.000938823 0.0228267 -0.0107812 -0.00516079 0.00213106 0.0113522 -0.00893207 -0.0132875
internal_weight=134.329 108.007 8.68962 3.55683 26.3219 21.9959 21.4432 0.811632 4.32597 99.3174 96.6558 81.5262 78.1076 50.1355 9.79186 27.9721 25.1378 22.4372 19.1297 40.3437 38.112 30.3189 26.881 7.79312 23.0403 18.7425 15.7608 12.1951 6.50288 15.3498
internal_count=1899 878 98 43 1021 961 651 127 60 780 755 629 602 405 68 197 179 159 132 337 317 253 224 64 196 161 129 96 55 104
cat_boundaries=0 1 2
cat_threshold=4 137
is_linear=0
shrinkage=0.1


Tree=108
num_leaves=31
num_cat=2
split_feature=2 2 2 2 3 1 2 2 2 1 0 0 2 4 1 0 1 2 0 0 2 2 2 2 2 0 0 0 0 0
split_gain=0.178486 0.254261 0.19906 0.509168 0.344096 0.683193 0.732825 0.962999 1.01004 0.534144 0.692422 0.492529 1.00209 0.403112 0.797619 1.02451 0.984991 1.1782 0.544141 1.13913 0.830046 1.51753 1.33004 0.765537 0.602084 0.39564 0.596549 0.586056 1.08756 0.637545
threshold=6395.1350000000011 9449.8650000000016 13304.090000000002 15130.985000000002 0 37.500000000000007 40617.340000000004 42127.220000000008 91074.435000000012 27.500000000000004 64.500000000000014 40.500000000000007 344101.61000000004 1 57.000000000000007 53.500000000000007 44.500000000000007 56991.460000000006 53.500000000000007 56.500000000000007 33632.600000000006 34598.850000000006 26766.650000000005 20435.400000000005 36356.030000000006 44.500000000000007 48.500000000000007 37.500000000000007 39.500000000000007 29.500000000000004
decision_type=2 2 2 2 9 2 2 2 2 2 2 2 2 9 2 2 2 2 2 2 2 2 2 2 2 2 2 2 2 2
left_child=-1 -2 -3 -4 5 6 -5 -8 -9 10 -6 12 -10 14 15 16 17 -7 20 -20 22 -22 23 -15 -21 27 -27 29 -29 -23
right_child=1 2 3 4 9 13 7 8 11 -11 -12 -13 -14 18 -16 -17 -18 -19 19 24 21 25 -24 -25 -26 26 -28 28 -30 -31
leaf_value=-0.029128110666785167 0.043132379961547888 -0.026661502770262042 0.04867077127635773 -0.096091555915300803 0.0041072131001272634 -0.066223495828377041 0.13073075018773558 -0.1075546343712087 -0.11610031136120487 -0.0079646248074098022 0.10727164241090854 0.074884395801166778 0.12391779845566485 0.041730528881482917 -0.068651460038356191 -0.049523605188951957 0.077866031107153066 0.056913895558056662 0.080683052364581523 -0.026396522427041949 -0.14079320144031901 0.021836916219822481 0.064717621101483574 -0.028715379703808604 0.035820940492056516 -0.062038778683529076 0.0060842027489822446 0.092868302479255704 0.0057350101466363389 -0.026173254806185903
leaf_weight=2.0998965845792545 1.3688066280155897 2.7806223682127884 2.1470382735133162 1.2885477292293206 2.2227896298281844 1.7050267285085268 0.43988502025604281 1.0088153152973975 0.52294762191741007 61.50481128233514 0.91982023144373659 0.8116489210515283 0.26064722985029221 2.5055857356637699 2.1594305287580928 2.7635874254629016 2.1436904286965728 1.4276651815162038 3.4407454128377122 2.7147636413574219 0.77300412952900188 4.8783199761528575 5.6280251302523538 4.0137110759969801 3.6419336730614305 2.2131984957959494 3.0665798832778819 2.0410141902975729 4.8043516597244889 6.3877098711382132
leaf_count=24 16 32 16 27 112 23 3 66 72 820 9 22 2 24 22 18 20 23 28 21 5 127 44 39 32 34 34 24 54 106
internal_value=-0.000203641 0.000257951 -0.000192738 0.000384807 -0.000442659 0.00462343 -0.0328796 -0.006121 -0.0292384 -0.00511823 0.0343027 0.020288 -0.0362631 0.00833008 -0.00741849 -0.000199129 0.0256353 -0.010106 0.0110304 0.0343362 0.00777977 -0.00293994 0.0291041 -0.00164064 0.00924964 0.00161567 -0.0224719 0.00863759 0.0317147 -0.0053843
internal_weight=133.685 131.585 130.216 127.435 125.288 60.6408 4.33249 3.04394 2.60406 64.6474 3.14261 1.59524 0.783595 56.3083 10.1994 8.03997 5.27638 3.13269 46.1089 9.79744 36.3115 24.1642 12.1473 6.5193 6.3567 23.3912 5.27978 18.1114 6.84537 11.266
internal_count=1899 1875 1859 1827 1811 870 192 165 162 941 121 96 74 678 106 84 66 46 572 81 491 384 107 63 53 379 68 311 78 233
cat_boundaries=0 1 2
cat_threshold=1209 5
is_linear=0
shrinkage=0.1


Tree=109
num_leaves=31
num_cat=4
split_feature=3 2 2 2 4 2 0 1 2 0 2 1 0 0 4 0 0 2 7 1 2 0 2 2 2 1 2 1 1 0
split_gain=0.195558 0.606689 0.764577 0.70211 0.53704 1.48509 0.660874 0.813251 0.961638 0.891601 0.846439 0.693556 1.13755 0.551849 0.465848 1.11697 0.547417 1.20543 0.542599 0.977986 1.44773 1.38381 0.925389 1.4537 0.929779 0.822541 0.817011 0.76554 0.738218 0.707737
threshold=0 21538.500000000004 16813.290000000005 23883.185000000001 1 28251.555000000004 54.500000000000007 41.500000000000007 73780.295000000013 39.500000000000007 92565.815000000017 57.000000000000007 30.500000000000004 33.500000000000007 2 34.500000000000007 49.500000000000007 39994.490000000005 3 47.500000000000007 24151.500000000004 32.500000000000007 44056.680000000008 48830.025000000001 50197.330000000009 51.000000000000007 85814.590000000011 66.500000000000014 44.500000000000007 26.500000000000004
decision_type=9 2 2 2 9 2 2 2 2 2 2 2 2 2 9 2 2 2 9 2 2 2 2 2 2 2 2 2 2 2
left_child=1 2 -1 -3 6 -6 7 8 9 13 -10 12 -9 -5 15 -2 -17 -18 19 20 -16 29 28 -24 -25 -21 -23 -26 -20 -22
right_child=14 3 -4 4 5 -7 -8 11 10 -11 -12 -13 -14 -15 18 16 17 -19 22 25 21 26 23 24 27 -27 -28 -29 -30 -31
leaf_value=0.0054822603948330925 -0.056842912666770246 -0.064366173705695195 0.071546382438508915 -0.03059923789842045 0.077668758901689394 -0.023511118926887856 0.056643098025880328 -0.021613034196766037 0.082545724588287128 -0.059669083473901388 -0.0019826487205300745 -0.012336183829932944 0.059789020723502173 0.034425079317794635 -0.064660501370058965 0.056967812143866481 -0.04588859662065526 0.059923311194600405 0.011041277368717966 0.074417825452409325 -0.022879804616226268 -0.024670094340174191 -0.1323246939280481 0.053162726628778204 -0.042662019019504033 0.0025047845060857075 0.038550487365774613 0.10386989095718957 -0.021729625381193326 0.082529594975644674
leaf_weight=4.4712635157629839 1.5923947510455025 1.6100772084901098 2.8803167156875134 2.6803592369833549 1.5977729707956339 15.754982328740878 3.0277610574848941 2.2641544266371039 1.759670514409662 4.4988887251820415 3.6252626361674629 3.451002301182597 7.1003386108204722 2.5439082751981914 3.375988347688696 4.8438944057561439 2.1152180577628314 2.1927592320134863 13.061471847962823 3.3204436921514562 0.80977769164746805 8.6548579216469061 1.4723459780143446 1.2922267988324154 9.3934682028411736 3.0529093401273713 2.6762235066271378 0.37060273176757697 14.510594668274278 2.9846625681966543
leaf_count=39 48 14 22 51 13 166 32 27 22 37 80 32 68 22 39 54 17 24 146 29 65 90 26 8 502 26 58 8 96 38
internal_value=-0.000191591 0.00387016 0.0313659 0.000595828 0.00276115 -0.00900532 0.00927186 0.00745582 -0.00826191 -0.0270372 0.0256393 0.0259853 0.0401076 0.00106375 -0.00333421 0.0105939 0.0339033 0.00796963 -0.00674314 0.00441301 -0.00545059 0.00776496 -0.013163 -0.038981 -0.0265506 0.0399707 -0.00973839 -0.0371003 -0.00620535 0.060034
internal_weight=132.986 57.2658 7.35158 49.9142 48.3041 17.3528 30.9513 27.9236 15.1081 9.72316 5.38493 12.8155 9.36449 5.22427 75.7198 10.7443 9.15187 4.30798 64.9756 24.8749 18.5015 15.1255 40.1007 12.5286 11.0563 6.37335 11.3311 9.76407 27.5721 3.79444
internal_count=1899 625 61 564 550 179 371 339 212 110 102 127 95 73 1274 143 95 41 1131 345 290 251 786 544 518 55 148 510 242 103
cat_boundaries=0 1 2 3 4
cat_threshold=427 16 44 4610
is_linear=0
shrinkage=0.1


Tree=110
num_leaves=31
num_cat=2
split_feature=7 3 1 0 0 2 0 2 2 0 2 2 0 0 0 0 2 0 2 2 2 0 2 2 0 2 1 2 2 1
split_gain=0.193067 0.461007 1.10723 0.726259 1.30211 1.92396 0.616119 0.487457 0.889925 0.740479 1.99555 0.784641 1.36359 0.668127 0.456284 0.703571 1.21995 1.01643 0.453579 0.957678 1.27994 0.417524 0.389556 0.365635 0.361946 0.524316 0.357359 0.344488 0.557473 0.699169
threshold=0 1 25.500000000000004 36.500000000000007 46.500000000000007 44383.265000000007 58.500000000000007 35189.35500000001 35421.17500000001 46.500000000000007 30654.320000000003 27647.070000000003 31.500000000000004 53.500000000000007 56.500000000000007 40.500000000000007 41913.87000000001 42.500000000000007 37648.215000000004 42737.520000000004 44056.680000000008 47.500000000000007 107486.18000000001 42737.520000000004 39.500000000000007 208029.46500000003 41.500000000000007 157540.32500000004 64708.420000000006 77.500000000000014
decision_type=9 9 2 2 2 2 2 2 2 2 2 2 2 2 2 2 2 2 2 2 2 2 2 2 2 2 2 2 2 2
left_child=1 7 -3 22 5 -5 23 9 -9 10 11 12 -1 -11 15 18 -17 -18 -10 -20 -21 -19 -4 -6 25 27 -14 28 -22 -30
right_child=-2 2 3 4 6 -7 -8 8 14 13 -12 -13 26 -15 -16 16 17 21 19 20 24 -23 -24 -25 -26 -27 -28 -29 29 -31
leaf_value=0.033447290620657377 0.0029939294159124293 0.07615381534002269 -0.11171368373525709 0.061434581983753803 -0.10777157526743433 -0.063319294046219096 -0.004706119599187087 0.12365254473748535 0.061306210028371104 0.0395917023367535 -0.12216540328075953 0.040039404051524966 -0.084569875611065257 -0.024076091980584503 0.046503112589005677 -0.08670118526168745 -0.058045351002149526 0.061669861139970021 -0.079605197277674525 0.1784925754767282 0.022594102695951458 0.0022704696391904959 -0.027803056286301683 -0.043152747966350734 0.071210550850688892 -0.089023472457331679 -0.029108459493334182 0.071873691258064587 -0.07036803420509237 0.11917876309299567
leaf_weight=2.6028257467260136 75.379086702683708 0.96555032867763557 1.6452104107811458 3.1298898085951787 2.1353528918698435 2.0431931255734526 1.4809163820464162 0.68723852187395351 2.0936396920005853 4.376014287932775 1.8047130438499142 2.5448312202061061 2.3335413202876225 2.6441660216078162 2.7501975387567645 2.0075829518027586 2.0103567037731409 1.9916555823292581 1.0628386462049082 0.48678657482378085 4.3165034022968012 2.9158320334390737 0.83359965521958646 1.4843282205983994 0.90896373835857946 0.55623883537191421 2.3136484804563224 0.84098982851719473 1.464211090133176 0.22443103278055776
leaf_count=33 928 41 61 24 23 39 21 4 13 32 20 18 30 24 40 17 30 36 14 5 59 40 27 28 14 44 17 50 164 3
internal_value=-0.000178679 -0.00418888 -0.0156708 -0.0349118 -0.0231896 0.012161 -0.0590426 0.0017468 0.0114771 -0.0100229 -0.0255369 -0.00773295 -0.0245015 0.0156111 0.00821472 0.00317159 -0.0180727 0.00184358 0.0190328 0.0100574 0.020889 0.0263771 -0.0834954 -0.0812732 0.0116583 0.00434563 -0.0569579 0.0119317 0.00353718 -0.0451761
internal_weight=132.034 56.6552 13.718 12.7525 10.2737 5.17308 5.1006 42.9372 24.3175 18.6197 11.5996 9.79485 7.25002 7.02018 23.6302 20.88 8.92543 6.91784 11.9546 9.86096 8.79812 4.90749 2.47881 3.61968 8.31134 7.40237 4.64719 6.84614 6.00515 1.68864
internal_count=1899 971 264 223 135 63 72 707 533 174 118 98 80 56 529 489 123 106 366 353 339 76 88 51 334 320 47 276 226 167
cat_boundaries=0 1 2
cat_threshold=10794 532
is_linear=0
shrinkage=0.1


Tree=111
num_leaves=31
num_cat=5
split_feature=6 2 2 2 3 2 0 0 1 1 0 0 0 1 2 2 0 7 1 2 0 2 0 2 5 2 2 2 7 0
split_gain=0.20225 0.254291 0.260056 0.585397 0.365077 0.785736 0.43499 0.381719 0.481771 0.480123 0.683178 0.63761 0.241092 0.240019 0.232989 0.326432 0.321283 0.21215 0.481709 0.31131 0.44261 0.667937 0.524212 0.300353 0.262372 0.247773 0.20481 0.200131 0.182932 1.27998
threshold=0 219850.91000000003 193089.31000000003 139034.62000000002 1 52787.085000000006 59.500000000000007 51.500000000000007 55.500000000000007 41.500000000000007 47.500000000000007 29.500000000000004 38.500000000000007 12.500000000000002 68337.550000000017 166828.36500000002 39.500000000000007 2 41.500000000000007 105751.86500000001 34.500000000000007 73780.295000000013 45.500000000000007 82863.660000000018 3 32623.385000000006 49530.245000000003 92056.155000000013 4 40.500000000000007
decision_type=1 2 2 2 9 2 2 2 2 2 2 2 2 2 2 2 2 9 2 2 2 2 2 2 1 2 2 2 9 2
left_child=14 2 3 4 17 -6 7 8 9 10 11 -7 -4 -3 28 16 -16 18 23 20 21 26 -22 25 -24 -2 -19 -23 29 -1
right_child=1 13 12 -5 5 6 -8 -9 -10 -11 -12 -13 -14 -15 15 -17 -18 19 -20 -21 22 27 24 -25 -26 -27 -28 -29 -30 -31
leaf_value=0.015199687595058367 -0.02137850461086057 0.040842363015373306 -0.011909727320719333 -0.083352825967727584 -0.11061149558292252 0.050749475261339438 0.054644737258720225 -0.11139802261212231 0.079715442146719898 -0.090211191686588629 0.10119220168966432 -0.069673365945522037 0.084168726637606051 -0.1038753538342868 0.0098849757586130082 0.0016042775615745604 0.071184953333858922 -0.013330641729562357 0.0018809890221587449 -0.024066209753686219 0.077831572032954766 0.068438209982609077 -0.0087423720233297513 0.0089951815487672466 0.044478623928563166 -0.1118991603587163 -0.10868812547052208 -0.00073862184079672084 0.0045246105207533685 -0.017796330177452909
leaf_weight=20.099725549574941 0.44749135625897885 0.14832970942370494 0.47550248933839501 1.0372080700108188 1.2731330371098142 0.61994676139147609 0.63355921627953637 0.55636364337988187 0.4099551360704935 1.090585049241781 0.44796483020763833 1.5120895594591273 0.57943482766859233 0.5040591240831418 1.6421787096187457 4.9241388021036983 1.7836761628277598 0.36001115354884161 4.4010475124232471 1.3347237197158381 2.4911271564196795 0.78340762099833205 1.8085341909900308 0.48418087611935323 1.898872533114627 0.93250586741487496 0.60166077164467424 0.89711726602399722 48.648914105957374 28.322846285067499
leaf_count=165 10 3 37 168 72 115 9 17 9 54 9 71 14 76 23 55 20 27 46 48 38 21 23 33 27 43 29 22 403 212
internal_value=-0.000169749 -0.00672277 -0.00773218 -0.00986627 -0.00655005 -0.0158637 -0.0230758 -0.0336951 -0.0231006 -0.0345838 -0.0110697 -0.0346572 0.0408623 -0.0709718 0.00188816 0.0180962 0.0418009 0.00423193 -0.00622676 0.010566 0.0277462 -0.00652494 0.0423546 -0.0587701 0.0185165 -0.082546 -0.0729901 0.0315094 0.000688465 -0.00339823
internal_weight=131.15 25.7288 25.0764 24.0215 22.9843 6.5436 5.27046 4.6369 4.08054 3.67059 2.58 2.13204 1.05494 0.652389 105.421 8.34999 3.42585 16.4407 6.26523 10.1755 8.84073 2.6422 6.19853 1.86418 3.70741 1.38 0.961672 1.68052 97.0715 48.4226
internal_count=1899 1021 942 891 723 356 284 275 258 249 195 186 51 79 878 98 43 367 132 235 187 99 88 86 50 53 56 43 780 377
cat_boundaries=0 1 2 3 4 5
cat_threshold=4 154 2564 2 1673
is_linear=0
shrinkage=0.1


Tree=112
num_leaves=31
num_cat=4
split_feature=3 0 2 2 2 1 0 0 2 2 2 2 7 0 1 1 4 0 0 1 7 0 0 1 0 0 2 2 2 2
split_gain=0.209444 0.227769 0.454391 0.922147 0.736882 0.652078 0.540922 0.594564 0.468513 0.196211 0.985186 0.572144 0.383551 0.978342 0.986505 0.826408 0.546351 0.534077 0.697424 0.582224 0.366193 0.765533 0.998132 0.855808 0.824244 1.57073 1.32946 0.798332 0.631163 0.746682
threshold=0 57.500000000000007 16330.520000000002 21538.500000000004 31680.205000000005 53.500000000000007 37.500000000000007 51.500000000000007 65263.595000000008 47640.350000000006 48830.025000000001 45803.650000000009 1 39.500000000000007 43.500000000000007 42.500000000000007 2 46.500000000000007 55.500000000000007 42.500000000000007 3 47.500000000000007 57.500000000000007 44.500000000000007 43.500000000000007 41.500000000000007 53324.80000000001 54800.880000000012 324720.70000000001 229435.06500000003
decision_type=9 2 2 2 2 2 2 2 2 2 2 2 9 2 2 2 9 2 2 2 9 2 2 2 2 2 2 2 2 2
left_child=1 2 -1 -4 -5 6 -6 8 -8 11 -11 12 13 14 -2 -15 -14 19 -19 -18 -12 23 -23 24 25 26 -22 -28 29 -29
right_child=9 -3 3 4 5 -7 7 -9 -10 10 20 -13 16 15 -16 -17 17 18 -20 -21 21 22 -24 -25 -26 -27 27 28 -30 -31
leaf_value=-0.038922691247782304 0.043355005281763365 -0.01292631770880974 0.10988608099668098 -0.034830713691788716 -0.024306157010916814 0.074103887904286 0.08788403324592374 -0.021045064435693678 0.016171383305138023 -0.083374289672074942 0.0058373812509729854 0.04356543882243135 -0.0032105012986270035 -0.045254678524077781 -0.021242462268636145 0.0011773148852342501 0.038476887885484909 0.090347975865226138 0.020219722511582564 -0.018275105799775839 -0.12323304722834055 -0.091719746745609801 -0.0036190538888078161 0.023986306008947089 0.041857235207017382 -0.18270956019257611 0.12536715622391265 -0.0091804497011188819 0.11270092776991787 -0.12232098837919028
leaf_weight=1.3184201158583189 5.0832957429374819 3.0401958329603067 1.1104460917413224 2.4130652000894761 2.5911343819097947 2.2519282447174191 1.9016619824105876 1.5119075661059467 1.7488349364139137 1.6502371703609231 17.187305157327501 3.0278044075530479 31.440695355449861 9.8276569446316007 4.4195227812451776 6.2843250073492518 3.8372217058204097 2.6370090716518462 3.0680030174553394 3.4178459951654077 1.1222362788394109 2.6649657015805124 2.4851744713960215 6.2286734493391114 1.5861268336884675 0.67759280535392452 0.43789619777817268 4.5101946184076951 0.36237006922601711 0.66995626847347001
leaf_count=11 61 29 11 32 51 21 27 13 31 21 410 31 281 82 37 48 38 22 21 24 15 63 40 113 31 12 5 284 4 30
internal_value=-0.00013719 0.00770391 0.0171169 0.0225781 0.0147711 0.0267339 0.0129758 0.0316885 0.0535288 -0.00189803 -0.00773651 0.00100603 -0.000834443 -0.00872795 0.0133123 -0.0271443 0.00464001 0.0167885 0.0526349 0.0117412 -0.00444592 -0.0106471 -0.0492072 -0.0047402 -0.0238434 -0.0372376 -0.0233595 -0.00461809 -0.0148878 -0.0238131
internal_weight=130.514 17.8876 14.8474 13.529 12.4185 10.0055 7.75354 5.1624 3.6505 112.626 39.5827 73.0434 70.0156 25.6148 9.50282 16.112 44.4008 12.9601 5.70501 7.25507 37.9325 20.7452 5.15014 15.595 9.36637 7.78025 7.10265 5.98042 5.54252 5.18015
internal_count=1899 226 197 186 175 143 122 71 58 1673 1028 645 614 228 98 130 386 105 43 62 1007 597 103 494 381 350 338 323 318 314
cat_boundaries=0 1 2 3 4
cat_threshold=424 2696 16 7048
is_linear=0
shrinkage=0.1


Tree=113
num_leaves=31
num_cat=3
split_feature=6 0 2 1 2 0 0 0 0 2 3 2 2 2 2 2 2 0 2 2 1 2 2 7 1 0 2 0 1 2
split_gain=0.187826 0.222415 0.204646 0.419456 0.390314 0.517157 0.390056 0.938978 0.82481 0.37425 0.326115 1.00644 0.993867 0.669823 0.60476 0.469989 1.2466 1.04795 0.68789 0.448002 1.16686 0.807049 0.716125 0.888739 0.967557 1.10423 0.970156 0.753216 0.681713 0.56644
threshold=0 57.500000000000007 59732.775000000009 48.500000000000007 53672.670000000006 39.500000000000007 54.500000000000007 42.500000000000007 39.500000000000007 51574.885000000009 1 44383.265000000007 40403.080000000009 49195.090000000004 17932.775000000005 28251.555000000004 32239.695000000003 47.500000000000007 26098.345000000005 40617.340000000004 44.500000000000007 45388.020000000004 36356.030000000006 2 48.500000000000007 39.500000000000007 25754.010000000006 31.500000000000004 47.500000000000007 27914.400000000005
decision_type=1 2 2 2 2 2 2 2 2 2 9 2 2 2 2 2 2 2 2 2 2 2 2 9 2 2 2 2 2 2
left_child=1 -1 4 6 9 -6 7 8 -4 10 13 12 14 19 -12 17 -17 18 -16 22 21 -21 23 24 25 -2 -27 -25 -24 -29
right_child=2 -3 3 -5 5 -7 -8 -9 -10 -11 11 -13 -14 -15 15 16 -18 -19 -20 20 -22 -23 28 27 -26 26 -28 29 -30 -31
leaf_value=-0.0074955069842945607 -0.037627046375797696 -0.045567634163467229 0.013528273403733053 0.046854033062263718 -0.064495738211237622 0.005246665780152344 -0.032896918930552625 0.060768717359500374 -0.063910549008554918 0.040012900819812978 0.019551004949031212 -0.052520244190892441 0.048266037507100616 0.056649489692005256 -0.031004135879969794 0.039844203772182264 -0.030043582654248918 0.019380499415071056 -0.11316842999329309 -0.022369663862696745 -0.055534488918738835 0.055161812066693162 0.067838611763164788 0.022169689769029877 0.082799537608945567 0.073353853151054402 0.0014278637976214395 -0.0055315248838682576 0.0025375232017922919 -0.039561879191596094
leaf_weight=18.660235204217319 2.831247512251144 1.6719265439314757 5.3270960644294956 2.8943923767656079 2.1188776418566695 2.1341107273474336 2.2693798233522093 2.9224708375986665 1.8541537456330841 2.4546745810657731 5.6290873624384501 4.5044965865090481 3.498339897952973 2.4496670872904351 2.1766116484068361 3.8783776648342592 7.464298305567354 1.9648883361369369 1.9158057793974874 2.8183409813791496 4.2493853271007538 2.5640400033444166 3.5260271853767327 5.070739950984712 2.7021050667390218 3.5769192390143871 3.9419946493580937 10.730401771841573 2.9247270785272121 8.9885104708373529
leaf_count=861 28 28 96 35 26 18 40 45 23 20 42 43 26 21 26 30 56 22 17 27 34 20 26 36 23 26 32 92 19 61
internal_value=-0.000110363 -0.00712292 0.00168986 0.0125836 0.000102201 -0.0294996 0.00456681 0.0129815 -0.00646595 0.00150322 0.000421726 -0.00666816 -0.00139592 0.00467756 -0.00894006 -0.0181572 -0.006147 -0.0406471 -0.0694682 0.00318402 -0.0163621 0.0145645 0.00743446 0.00218461 0.0167103 0.0156015 0.0356447 -0.0086963 0.0382316 -0.0210436
internal_weight=129.713 20.3322 109.381 15.2675 94.1137 4.25299 12.3731 10.1037 7.18125 89.8607 87.406 31.0319 26.5274 56.3741 23.0291 17.4 11.3427 6.05731 4.09242 53.9244 9.63177 5.38238 44.2927 37.8419 13.0523 10.3502 7.51891 24.7897 6.45075 19.7189
internal_count=1899 889 1010 239 771 44 204 164 119 727 707 262 219 445 193 151 86 65 43 424 81 47 343 298 109 86 58 189 45 153
cat_boundaries=0 1 2 3
cat_threshold=3 562 8199
is_linear=0
shrinkage=0.1


Tree=114
num_leaves=31
num_cat=4
split_feature=3 5 2 0 1 0 0 2 0 0 2 2 2 3 2 0 0 5 2 0 1 2 1 2 1 2 0 0 0 0
split_gain=0.179713 0.215079 0.392103 0.399113 0.279585 0.923188 0.877034 0.921235 0.197594 0.159007 0.153784 0.799359 0.46911 0.307004 0.866718 0.852801 0.735397 0.620015 1.02497 0.618535 0.448679 0.525209 0.428626 0.408319 0.449713 0.408744 0.363856 0.52551 0.325773 0.302578
threshold=0 1 63392.280000000006 47.500000000000007 47.500000000000007 45.500000000000007 42.500000000000007 39451.380000000012 53.500000000000007 45.500000000000007 47640.350000000006 48830.025000000001 45803.650000000009 2 59732.775000000009 39.500000000000007 61.500000000000007 3 100125.67000000001 53.500000000000007 17.500000000000004 229435.06500000003 44.500000000000007 67862.145000000019 71.000000000000014 70200.60000000002 38.500000000000007 25.500000000000004 40.500000000000007 33.500000000000007
decision_type=9 1 2 2 2 2 2 2 2 2 2 2 2 9 2 2 2 1 2 2 2 2 2 2 2 2 2 2 2 2
left_child=1 4 -3 -4 6 -6 7 -1 9 -8 12 -12 -2 16 22 29 17 18 -13 23 -20 26 -15 -19 25 -25 27 -22 -28 -16
right_child=10 2 3 -5 5 -7 8 -9 -10 -11 11 13 -14 14 15 -17 -18 19 20 -21 21 -23 -24 24 -26 -27 28 -29 -30 -31
leaf_value=-0.071752613382680172 -0.00084112742132776684 -0.08141351878551481 -0.037983308629770174 0.057616397820811439 0.048904123022962848 -0.034804372810818371 0.056010062516635477 0.03205330139714066 0.069028047999800404 0.013000162155569778 -0.076074428449509374 -0.10007623301239231 0.039745555682791152 -0.094150019210069713 0.0097428183086032457 -0.03025183336341828 -0.063418290036018288 0.026505082940023697 0.10337953587801706 0.086378446997246408 0.078373141969386398 -0.076680513776653414 -0.02900752079429297 -0.11615914457729602 0.096592908936350474 -0.011348009436247817 0.095470369955971607 -0.076256748775752267 0.0092015165819835012 0.061416700811925629
leaf_weight=1.5429629049031048 69.514693464770971 0.67039093132189131 0.89732653186365474 0.85071351495571434 2.1592044567223647 3.3797573428601027 1.5990131055004897 1.9171996689983641 2.6900405543856323 1.8587718673516063 1.6049273793250893 1.1687680544273487 2.969432973288348 1.7682320477470082 4.7642002673237567 6.2271157294744626 1.3997963791480277 9.2910992616962194 0.42377986753126595 1.3768309876904812 0.30777593205130027 0.80669472416775523 2.3557183995726518 0.4362792053434531 0.32821338530629862 2.5285573754517827 0.69099816674133752 0.76874180076993071 1.1942793962662106 1.4868101864121852
leaf_count=16 614 18 37 10 29 23 18 26 26 23 21 114 31 25 131 86 25 97 15 21 53 37 26 9 5 226 11 47 47 32
internal_value=-0.000103438 0.0072 -0.0163938 0.00854192 0.0157205 -0.00217303 0.0260361 -0.014236 0.0487023 0.0328896 -0.00174456 -0.00697075 0.000821574 -0.00399929 -0.0107308 -0.0040591 0.00443312 0.011643 -0.0172644 0.0227435 0.00582287 -0.00514772 -0.0569388 0.0157812 -0.0144756 -0.0267711 0.0143354 -0.0320481 0.0408211 0.0220335
internal_weight=128.978 17.5654 2.41843 1.74804 15.1469 5.53896 9.60799 3.46016 6.14783 3.45778 111.413 38.9288 72.4841 37.3239 16.6021 12.4781 20.7218 19.322 5.36104 13.961 4.19227 3.76849 4.12395 12.5841 3.29305 2.96484 2.9618 1.07652 1.88528 6.25101
internal_count=1899 226 65 47 161 52 109 42 67 41 1673 1028 645 1007 300 249 707 682 324 358 210 195 51 337 240 235 158 100 58 163
cat_boundaries=0 1 2 3 4
cat_threshold=424 2 9236 1
is_linear=0
shrinkage=0.1


Tree=115
num_leaves=31
num_cat=5
split_feature=3 7 2 4 2 2 2 2 2 2 0 0 0 4 0 7 0 1 2 1 0 0 2 0 2 2 0 0 2 2
split_gain=0.203852 0.497796 0.844872 0.575499 0.718169 1.07086 0.424568 0.702954 0.414999 0.802955 0.47151 0.412972 0.375918 0.357622 0.962022 0.554071 1.11093 0.668567 0.694168 0.618463 0.701308 0.848842 0.931204 1.31384 1.19077 0.721172 0.669087 0.544768 0.76565 0.534502
threshold=0 1 34598.850000000006 2 45388.020000000004 57611.885000000009 74709.99500000001 122487.8 39113.875000000007 44383.265000000007 35.500000000000007 24.500000000000004 21.500000000000004 3 36.500000000000007 4 60.500000000000007 64.500000000000014 64708.420000000006 35.500000000000007 56.500000000000007 52.500000000000007 48830.025000000001 35.500000000000007 16330.520000000002 30039.515000000003 38.500000000000007 40.500000000000007 78297.630000000019 164562.62000000002
decision_type=9 9 2 9 2 2 2 2 2 2 2 2 2 9 2 9 2 2 2 2 2 2 2 2 2 2 2 2 2 2
left_child=1 2 -1 8 -5 -6 -7 -8 10 -10 -3 12 -2 14 -13 16 -15 18 19 -17 21 22 24 -24 -21 26 -26 -20 -29 -30
right_child=11 3 -4 4 5 6 7 -9 9 -11 -12 13 -14 15 -16 17 -18 -19 27 20 -22 -23 23 -25 25 -27 -28 28 29 -31
leaf_value=0.0081926410106941943 0.020351729765888549 -0.016429008351575118 -0.053662004745222584 0.011641257111084706 -0.074961015366438746 0.042627686252036487 -0.057076788447240373 0.032351117351482155 0.084864808049964019 0.022523545435533338 0.022379529914531751 -0.039939766747356664 -0.10687901698668151 0.0099486820894183082 0.042632907102383009 0.033399902031375273 -0.07474518546801856 0.045356538133412623 -0.10919696955067071 0.031679119308437864 -0.057130404412094639 0.033654882655635876 -0.04415890518192539 0.076818429169668856 -0.036402393238633257 -0.027293841218247072 -0.11744412480427509 -0.12032041164834167 0.045965551503526318 -0.061323788384587942
leaf_weight=4.3181879621697572 0.34316073957597726 4.9163260559580548 4.5193561911146389 8.5809782193973678 3.2026456175371987 1.5400459925876928 2.1230351082049315 1.5000295586069112 2.4420168772776369 13.419498199495136 8.6194200096651894 1.8279090694122695 0.71834709445829503 28.927478244644593 6.1855194800300524 2.4579223536420676 1.6363590913824726 1.640297618228941 1.403753002610755 2.4219946998637267 4.0774521697312585 3.4362184987403444 1.5841032885946327 2.0717742303386331 1.9268197506898994 7.7082483440171927 2.1616421067155898 0.71428428334184024 1.1092971757170742 0.79864287108648557
leaf_count=40 155 41 104 70 23 20 31 26 28 165 77 35 111 351 75 37 24 13 139 20 29 23 27 20 22 80 18 14 50 31
internal_value=-9.97945e-05 0.00410091 -0.0109961 0.00842049 -0.00546189 -0.0295339 -0.00135573 -0.0200516 0.0157784 0.0321215 0.00828386 -0.00336869 -0.0657483 -0.00291745 0.0105866 -0.00541359 0.0040795 -0.0130192 -0.0201084 -0.0144969 -0.0191339 -0.011864 -0.0206145 0.0243986 -0.0321882 -0.0453008 -0.0792506 -0.0589211 -0.0320069 0.00105541
internal_weight=128.333 55.1815 8.83754 46.344 16.9467 8.36576 5.16311 3.62306 29.3973 15.8615 13.5357 73.1512 1.06151 72.0897 8.01343 64.0763 30.5638 33.5125 31.8722 27.8462 25.3883 21.3108 17.8746 3.65588 14.2187 11.7967 4.08846 4.02598 2.62222 1.90794
internal_count=1899 625 144 481 170 100 77 57 311 193 118 1274 266 1008 110 898 375 523 510 276 239 210 187 47 140 120 40 234 95 81
cat_boundaries=0 1 2 3 4 5
cat_threshold=427 6658 16 14 5634
is_linear=0
shrinkage=0.1


Tree=116
num_leaves=31
num_cat=2
split_feature=6 2 1 0 0 0 2 0 0 1 2 2 2 2 2 2 7 2 2 0 0 0 1 1 0 0 0 0 0 1
split_gain=0.163555 0.228024 0.43518 0.670176 0.253625 0.872956 0.543343 0.816117 0.24344 0.40012 1.19885 0.23479 1.91816 1.14323 1.10437 0.49296 0.448645 1.80746 0.717344 0.767317 0.647519 1.73275 0.607044 1.06107 0.443851 0.361071 0.464065 0.368808 0.552995 0.554479
threshold=0 61032.000000000007 41.500000000000007 43.500000000000007 42.500000000000007 51.500000000000007 191446.83500000005 38.500000000000007 29.500000000000004 44.500000000000007 34750.085000000006 38195.715000000004 36356.030000000006 39451.380000000012 40949.195000000007 35421.17500000001 1 28251.555000000004 27469.245000000006 39.500000000000007 47.500000000000007 39.500000000000007 38.500000000000007 44.500000000000007 50.500000000000007 54.500000000000007 58.500000000000007 48.500000000000007 41.500000000000007 44.500000000000007
decision_type=1 2 2 2 2 2 2 2 2 2 2 2 2 2 2 2 9 2 2 2 2 2 2 2 2 2 2 2 2 2
left_child=-1 8 4 -4 6 -6 7 -3 9 10 -2 12 15 -13 -15 16 17 20 19 -18 21 -10 -21 24 -24 27 -27 28 -16 -30
right_child=1 2 3 -5 5 -7 -8 -9 11 -11 -12 13 -14 14 25 -17 18 -19 -20 22 -22 -23 23 -25 -26 26 -28 -29 29 -31
leaf_value=-0.0066941395100485329 -0.058989349025660588 -0.00644537513955589 0.090631527985678556 0.00056937903634103235 0.076398939575491695 -0.014596488199366729 0.022226323967929187 -0.12085314808129299 0.041446471598910954 -0.035947541904587245 0.047761328969788304 -0.071617678855815783 0.071409174792512811 0.066421854865438487 -0.020466285078143812 -0.040508031247338594 -0.038705825298267965 -0.06925453118578398 0.024463076992842937 0.052239820865498936 0.054015859078200661 -0.064507986576931825 -0.0073115451301980598 0.034923966724777024 -0.060029276147786609 0.048370501688959726 -0.012753909734339937 -0.039606470990627585 0.048584906578926987 -0.011844812766158275
leaf_weight=19.937760317057837 1.727530634496359 2.1901514393975945 1.6458419417031103 1.6591554959304629 1.7570892657386137 2.6357607488753274 2.7496982009033673 0.87165537494001899 3.3470990406349284 4.6768256668001413 2.6904256739653647 2.4085520049557116 4.0857663452625266 2.3087457893416312 9.3358242707327062 2.8082378208637229 4.7182524567469981 4.4027368724346152 17.189105906523764 2.5318246404640368 2.3709690684918314 2.8643022733740509 4.287371749058364 4.6633866745978594 2.5451515219174325 2.507002603262662 2.4617233276367188 3.9011370772495857 3.0297602592036119 3.0438359752297401
leaf_count=889 26 52 28 20 33 41 37 16 30 38 25 17 27 23 88 18 47 37 121 22 23 23 36 36 22 21 28 27 24 24
internal_value=-0.000110872 0.00158658 0.0138818 0.0454191 0.00366745 0.0218006 -0.0100392 -0.0390157 -1.32695e-05 -0.0155614 0.00601916 0.00165406 0.00544647 -0.00564578 0.000330472 0.000236408 0.00257532 -0.00969691 0.00759484 -0.00382102 0.00955738 -0.00741297 0.00791255 -0.00184996 -0.0269492 -0.00595424 0.0180868 -0.0121401 -0.00518661 0.0183
internal_weight=127.353 107.415 13.5094 3.305 10.2044 4.39285 5.81151 3.06181 93.9056 9.09478 4.41796 84.8108 55.8142 28.9966 26.588 51.7284 48.9202 12.9851 35.9351 18.746 8.58237 6.2114 14.0277 11.4959 6.83252 24.2793 4.96873 19.3106 15.4094 6.0736
internal_count=1899 1010 227 48 179 74 105 68 783 89 51 694 442 252 235 415 397 113 284 163 76 53 116 94 58 212 49 163 136 48
cat_boundaries=0 1 2
cat_threshold=3 2208
is_linear=0
shrinkage=0.1


Tree=117
num_leaves=31
num_cat=1
split_feature=0 7 0 2 2 0 2 1 1 0 0 2 2 1 2 0 0 2 2 0 0 2 2 2 2 2 2 0 2 0
split_gain=0.172426 0.237786 0.554487 1.05481 0.932639 0.711853 0.525738 1.10611 0.473014 0.487596 0.54671 1.7136 0.690886 0.671713 0.483151 0.464472 0.844785 0.412216 0.699987 0.477639 0.487051 0.365696 0.413332 0.300485 0.724238 0.373759 0.358025 0.858688 0.817936 0.563269
threshold=66.500000000000014 0 57.500000000000007 40617.340000000004 11449.650000000003 60.500000000000007 21538.500000000004 55.500000000000007 48.500000000000007 55.500000000000007 28.500000000000004 50520.56500000001 14652.105000000001 38.500000000000007 51187.615000000013 48.500000000000007 53.500000000000007 67187.835000000006 98517.260000000009 32.500000000000007 28.500000000000004 64004.205000000009 65819.000000000015 30654.320000000003 32623.385000000006 27647.070000000003 37981.94000000001 51.500000000000007 40949.195000000007 42.500000000000007
decision_type=2 9 2 2 2 2 2 2 2 2 2 2 2 2 2 2 2 2 2 2 2 2 2 2 2 2 2 2 2 2
left_child=1 6 4 -4 -3 -5 -1 -8 9 10 11 -6 -12 -13 -15 17 -17 19 -19 20 -10 -16 -23 25 -25 -14 -26 28 -28 -30
right_child=-2 2 3 5 8 -7 7 -9 15 -11 12 13 23 14 21 16 -18 18 -20 -21 -22 22 -24 24 26 -27 27 -29 29 -31
leaf_value=0.041351367349667351 -0.022912030604226474 -0.073592023040003632 0.052631294152268963 0.017714768225074819 -0.10072751878315443 -0.076064697544613064 0.011810279820368632 -0.036618011953890729 0.029973515572774695 -0.050921036156859535 0.066636502564429601 -0.108911706994302 -0.001936525415438509 0.16495921624557619 -0.10607963132921834 -0.051293903967812443 0.024901553065327958 -0.063696365454476531 0.034161798146036912 0.035884349162788459 -0.0392665229390919 0.13081510706550326 0.011206334065900591 -0.068952569017889417 0.014899279558489482 0.037640664481153219 -0.090140071755116014 -0.074617801850440049 -0.013664910768527442 0.022903824984162307
leaf_weight=4.1515113703790112 3.2437325973296529 1.9541882523917582 4.7168551469221693 1.9716613474301996 2.3354062455910016 1.3731286558322606 27.922848584785243 5.6747496728785327 2.0205149897374275 2.6135215328540644 1.3768978994339693 0.37475024568266269 10.558919992588924 0.2557722590863708 0.20911048806738142 3.1275233803316942 2.7210630550980568 1.5394931493501638 1.3918044946622101 9.8854118586750683 2.0432984079234302 0.35382160404697049 1.5749939474335404 2.0047432581195634 6.010458359669431 3.0828551938757291 1.1013267738744676 2.0292970081209196 12.656255055451767 6.3131139999022698
leaf_count=42 37 30 36 27 62 30 394 45 21 36 10 128 98 2 13 23 21 26 33 91 24 3 124 23 48 25 15 29 290 113
internal_value=-0.000153588 0.000444913 -0.00249771 0.022171 -0.00538478 -0.0207843 0.00614984 0.00363058 -0.00362123 -0.00880918 -0.00661839 -0.0376401 -0.00311038 0.0155791 0.0350691 0.00844215 -0.0158439 0.0168565 -0.0172325 0.02402 -0.0048406 0.0195296 0.0331473 -0.0053051 -0.0108825 0.00700738 -0.00674112 -0.0126266 -0.00635881 -0.00149463
internal_weight=126.589 123.345 85.5962 8.06165 77.5345 3.34479 37.7491 33.5976 75.5804 52.8512 50.2377 5.10385 45.1339 2.76845 2.3937 22.7291 5.84859 16.8805 2.9313 13.9492 4.06381 2.13793 1.92882 43.757 30.1152 13.6418 28.1105 22.1 20.0707 18.9694
internal_count=1899 1862 1381 93 1288 57 481 439 1258 1019 983 332 651 270 142 239 44 195 59 136 45 140 127 641 518 123 495 447 418 403
cat_boundaries=0 1
cat_threshold=1408
is_linear=0
shrinkage=0.1


Tree=118
num_leaves=31
num_cat=5
split_feature=3 4 7 0 0 1 2 1 2 2 2 0 0 2 2 0 0 1 4 2 2 2 0 0 2 2 0 5 0 2
split_gain=0.179547 0.49265 0.449279 0.596657 0.814941 0.754796 0.743324 0.613559 0.56809 0.473591 0.739237 0.762079 0.469917 0.466702 1.03239 0.72316 0.64438 0.532692 0.438937 0.59056 1.01604 1.7251 0.737656 0.830305 0.678458 0.631952 0.534132 0.533687 0.499009 0.620533
threshold=0 1 2 32.500000000000007 28.500000000000004 55.500000000000007 33410.24500000001 52.500000000000007 9449.8650000000016 33632.600000000006 42127.220000000008 27.500000000000004 21.500000000000004 30039.515000000003 24904.665000000005 31.500000000000004 60.500000000000007 48.500000000000007 3 28251.555000000004 30949.395000000004 34166.205000000009 58.500000000000007 45.500000000000007 48439.730000000003 26098.345000000005 42.500000000000007 4 39.500000000000007 38753.285000000011
decision_type=9 9 9 2 2 2 2 2 2 2 2 2 2 2 2 2 2 2 9 2 2 2 2 2 2 2 2 1 2 2
left_child=18 2 13 4 6 7 -4 8 -5 -8 -11 12 -12 14 15 -2 -15 -17 27 25 -21 -22 23 26 -25 -20 28 -1 29 -23
right_child=1 -3 3 5 -6 -7 9 -9 -10 10 11 -13 -14 16 -16 17 -18 -19 19 20 21 22 -24 24 -26 -27 -28 -29 -30 -31
leaf_value=-0.03368754916124355 0.049289048232913898 0.0099054000906290268 -0.11734343600580827 0.067911538361281457 -0.11392608296611538 -0.06732883070223461 0.14934674562254749 0.056714145981748447 -0.017440801673425078 -0.11898255461803375 0.075825744766617215 0.13300210016197972 -0.10449028088445633 0.01185032634903623 -0.069515008452007587 -0.042564180741023749 -0.061238792699759764 0.021782646153386702 0.016948774936124421 -0.054950941664240555 0.10727613542689921 -0.044350694473177049 0.060557877928893347 3.9104290465189577e-05 -0.064294163119019407 0.074107142946738938 0.06268631294693576 0.020557438109912271 -0.030615990648908683 0.021698076102318227
leaf_weight=7.1321347588673234 2.2816105704405327 13.949983891914597 0.58915602775232745 0.81847053393722546 1.5546613127080489 2.4560499582439652 0.22124169766902912 1.34461224451661 16.507362889271462 0.42557070113252837 0.23204156220162964 0.4664018127732561 0.38321650870057056 25.034384098958984 2.729435949222534 3.3422962265904061 1.2673126664012659 2.0916773714125156 7.5660006754333136 2.6904674603138146 1.6914383567636857 1.6384944650344646 2.0554542485624543 3.2711986117064944 3.2859345786273479 2.5986693426966667 1.7059729173779477 2.4322239309549314 3.3271373743191353 10.78768602243508
leaf_count=69 24 197 16 6 71 25 1 9 262 7 70 8 80 474 28 43 21 13 67 21 16 13 18 25 35 21 21 45 29 164
internal_value=-0.000154071 -0.00307331 -0.00697748 -0.0155914 -0.0579138 -0.0152142 -0.0203409 -0.00835864 -0.0134088 0.0127228 -0.00733182 0.0365963 -0.036485 0.000964319 -0.0166566 0.00204244 0.00832862 -0.0177954 0.00405389 0.00857866 0.00372446 0.00941053 0.00306141 -0.00185945 -0.0321998 0.0315617 0.00953539 -0.00972502 0.00377952 0.012989
internal_weight=125.878 75.6955 61.7455 24.9988 3.87229 21.1265 2.31763 18.6704 17.3258 1.72847 1.50723 1.08166 0.615258 36.7467 10.445 7.71558 26.3017 5.43397 50.1828 40.6185 30.4538 27.7633 26.0719 24.0164 6.55713 10.1647 17.4593 9.56436 15.7533 12.4262
internal_count=1899 1355 1158 555 253 302 182 277 268 166 165 158 150 603 108 80 495 56 544 430 342 321 305 287 60 88 227 114 206 177
cat_boundaries=0 1 2 3 4 5
cat_threshold=171 17 5666 14 2
is_linear=0
shrinkage=0.1


Tree=119
num_leaves=31
num_cat=3
split_feature=6 2 1 2 2 4 1 0 2 1 0 1 0 0 0 2 2 2 2 2 1 2 2 2 2 0 2 0 4 2
split_gain=0.164777 0.258958 0.297226 0.730169 0.284005 0.262698 0.388912 0.367842 0.429585 0.420764 0.318676 0.412402 3.71017 0.710567 0.713524 0.413509 1.00066 0.408178 0.906204 0.617221 0.892954 0.554105 0.530329 0.34264 0.260509 0.747528 0.232778 0.612267 0.216081 0.547883
threshold=0 62897.960000000006 34.500000000000007 27097.545000000002 246932.65500000003 1 57.000000000000007 29.500000000000004 17932.775000000005 44.500000000000007 60.500000000000007 55.500000000000007 40.500000000000007 36.500000000000007 34.500000000000007 37981.94000000001 27647.070000000003 46017.575000000004 41420.005000000005 29386.665000000005 48.500000000000007 34166.205000000009 50197.330000000009 36356.030000000006 30316.580000000005 46.500000000000007 24904.665000000005 46.500000000000007 2 194682.52000000005
decision_type=1 2 2 2 2 9 2 2 2 2 2 2 2 2 2 2 2 2 2 2 2 2 2 2 2 2 2 2 9 2
left_child=1 2 3 -1 -3 6 24 8 -7 -10 11 13 -13 14 15 16 -9 18 19 20 26 -21 -19 -23 25 -4 27 -15 -2 -30
right_child=28 4 5 -5 -6 7 -8 10 9 -11 -12 12 -14 17 -16 -17 -18 22 -20 21 -22 23 -24 -25 -26 -27 -28 -29 29 -31
leaf_value=0.014627181079225608 0.007472803551121919 0.026983906335390263 -0.0077311646402818254 -0.066545525963871532 -0.014321825358206867 0.028095295369803788 0.051812782452230692 -0.029962801498677156 -0.005496951870661522 -0.056034329504119629 -0.029196433723014798 0.058058033038115589 -0.075968538449107462 0.021366563188854167 -0.058637983875324387 -0.02912745725918155 0.0444000154532797 0.068201877003242872 -0.035219296200957748 0.05012660275722676 0.051483175265967546 -0.012511233456987451 0.012666456556284691 0.029601288891102525 -0.0051374329521443225 0.06939681825931493 -0.035060017165260859 -0.035170546880659792 -0.012201850036818934 -0.10314552465020176
leaf_weight=2.2760774060152462 3.770245965133654 7.3859925090800953 2.8489200882613641 2.1596275118645281 2.1488750511780381 1.4270360358059386 2.8223516792058936 3.2370922341942769 3.0949165900237858 3.5225349869579077 3.3188327495008698 3.6408547125756723 4.7733140215277672 4.3317606458440441 2.8083642181009045 3.7730024792253971 4.1034584678709507 2.7997169420123091 4.2446968182921401 6.6053622849285585 2.6423485251143566 3.4925248436629772 4.4566998295485973 4.3241042755544186 5.4667285978794098 2.2483227495104074 3.38405523262918 3.4338967828080058 19.83705961788656 0.6853194989162138
leaf_count=21 98 92 21 39 26 13 22 30 38 30 29 27 30 33 28 35 28 20 30 51 25 22 37 33 37 23 31 27 814 109
internal_value=-7.12414e-05 0.00181386 0.000355091 -0.0248937 0.0176748 0.00164535 0.0107819 -0.0013107 -0.0216673 -0.0323985 0.000993892 0.00260863 -0.0179745 0.00583756 -0.0136025 -0.00222221 0.0116069 0.0126522 0.0078588 0.0143397 -0.000784925 0.0288038 0.0340935 0.0107851 0.0100262 0.0262889 -0.0131718 -0.00363359 -0.00611893 -0.0102461
internal_weight=125.064 100.771 91.2366 4.4357 9.53487 86.8009 13.3863 73.4146 8.04449 6.61745 65.3701 62.0513 8.41417 53.6371 13.9219 11.1136 7.34055 39.7152 32.4587 28.2141 13.7921 14.422 7.25642 7.81663 10.564 5.09724 11.1497 7.76566 24.2926 20.5224
internal_count=1899 878 760 60 118 700 103 597 81 68 516 487 57 430 121 93 58 309 252 222 116 106 57 55 81 44 91 60 1021 923
cat_boundaries=0 1 2 3
cat_threshold=4 42 9
is_linear=0
shrinkage=0.1


Tree=120
num_leaves=31
num_cat=3
split_feature=3 0 0 1 5 1 0 7 2 0 1 1 2 0 2 0 0 2 2 2 0 2 2 2 2 0 2 1 2 2
split_gain=0.171296 0.516038 0.545908 0.513581 0.286215 0.271415 0.221047 0.217595 0.33482 0.675048 0.588527 0.609582 1.0204 0.704443 0.874385 0.701261 1.13709 0.638699 0.551596 0.693268 0.523367 0.400005 0.986932 0.581433 0.371864 0.358139 0.316416 0.493661 1.31673 0.646767
threshold=0 51.500000000000007 47.500000000000007 48.500000000000007 1 48.500000000000007 40.500000000000007 2 38753.285000000011 49.500000000000007 38.500000000000007 51.000000000000007 39994.490000000005 42.500000000000007 42737.520000000004 31.500000000000004 28.500000000000004 45388.020000000004 59330.335000000006 87439.300000000003 44.500000000000007 45388.020000000004 48439.730000000003 53672.670000000006 33897.615000000005 49.500000000000007 36356.030000000006 48.500000000000007 30316.580000000005 24151.500000000004
decision_type=9 2 2 2 1 2 2 9 2 2 2 2 2 2 2 2 2 2 2 2 2 2 2 2 2 2 2 2 2 2
left_child=1 2 3 4 6 -3 -1 -2 9 20 -10 12 -12 14 -14 16 -16 -17 -19 -20 26 -15 -23 -24 -11 -25 27 28 29 -9
right_child=7 5 -4 -5 -6 -7 -8 8 10 24 11 -13 13 21 15 17 -18 18 19 -21 -22 22 23 25 -26 -27 -28 -29 -30 -31
leaf_value=-0.0074572875033475945 0.0027869724889786566 0.0055701389961780824 0.067348498289136458 0.048172763757802703 -0.037544474730263518 -0.038461465759351526 0.031930886274863873 -0.018785996531250834 -0.10270244977351904 -0.038399568675253543 -0.13706023326306482 -0.053560400791460565 -0.11546271845504018 0.05086781820429459 -0.043132060373132323 -0.12472132071724916 0.067019097257611931 0.012892479565185506 -0.11335793313508047 0.0071535434243611157 0.037867261880317554 -0.081947026027634803 0.091728364550402286 -0.044208067870033341 0.010416151424990493 0.026821868228097259 0.036975328406530568 0.015771515954442952 -0.067332662692413836 0.043266089557361415
leaf_weight=3.3717741956934333 50.816072831730708 3.0967038962990037 2.1950699388980857 2.9087661551311612 1.6899204510264114 2.5549259707331657 2.4674646873027086 3.9116644937603358 0.7586063651797329 5.9014462351915409 0.57607568800449982 3.171633751015178 0.87578782715718517 2.7434882521629316 1.6050150244918753 0.69436495937407006 2.2522651930048596 2.2212696243077517 1.0808287180261684 0.85495782422367472 4.712922192644327 1.071771092712879 1.0086053702980278 1.0224234776105734 2.1214836924336851 2.3219449318130501 2.1662496634526169 7.6680991657776749 3.5270539156408631 2.9438252270920202
leaf_count=36 739 32 28 34 41 16 25 56 211 56 4 45 12 18 114 7 38 25 31 51 37 7 10 30 16 38 18 52 42 30
internal_value=-9.46852e-06 0.00696978 0.0220181 0.0124853 -0.00130202 -0.0143352 0.00918682 -0.0017092 -0.0056402 -0.0002615 -0.0161368 -0.0130825 -0.00607818 -0.00182781 -0.0202173 -0.010639 0.0211852 -0.0359418 -0.0211127 -0.0601329 0.00785799 0.0197502 0.00401287 0.0251776 -0.0254913 0.00510695 0.000862284 -0.00347163 -0.0176838 0.00785987
internal_weight=124.312 18.2846 12.633 10.4379 7.52916 5.65163 5.83924 106.028 55.2118 32.9527 22.259 21.5004 18.3288 17.7527 9.58449 8.7087 3.85728 4.85142 4.15706 1.93579 24.9298 8.16823 5.42474 4.35297 8.02293 3.34437 20.2169 18.0506 10.3825 6.85549
internal_count=1899 212 164 136 102 48 61 1687 948 307 641 430 385 381 278 266 152 114 107 82 235 103 85 78 72 68 198 180 128 86
cat_boundaries=0 1 2 3
cat_threshold=169 2 4494
is_linear=0
shrinkage=0.1


Tree=121
num_leaves=31
num_cat=4
split_feature=3 4 0 0 2 0 2 0 2 0 0 0 0 0 4 2 2 5 0 2 1 2 0 0 2 0 0 1 1 2
split_gain=0.145101 0.401305 0.778794 1.06386 0.517225 1.09584 0.850978 0.803188 0.828719 1.17318 0.656827 0.574785 0.483287 0.395791 0.381783 0.480416 0.99564 0.438493 0.433192 0.816864 0.474271 0.949965 0.746357 0.427067 0.552449 0.566769 0.380907 0.380464 0.3751 0.370942
threshold=0 1 36.500000000000007 30.500000000000004 30039.515000000003 60.500000000000007 30167.705000000005 58.500000000000007 25410.690000000006 48.500000000000007 57.500000000000007 65.500000000000014 56.500000000000007 43.500000000000007 2 49530.245000000003 52477.80000000001 3 36.500000000000007 28796.995000000006 47.500000000000007 29386.665000000005 45.500000000000007 37.500000000000007 70619.775000000009 43.500000000000007 48.500000000000007 48.500000000000007 66.500000000000014 24904.665000000005
decision_type=9 9 2 2 2 2 2 2 2 2 2 2 2 2 9 2 2 1 2 2 2 2 2 2 2 2 2 2 2 2
left_child=14 2 3 -2 7 6 -6 8 9 -3 12 -7 28 -4 17 18 -17 27 19 -16 21 29 -22 -18 -25 -26 -23 -1 -8 -20
right_child=1 4 13 -5 5 11 10 -9 -10 -11 -12 -13 -14 -15 15 16 23 -19 20 -21 22 26 -24 24 25 -27 -28 -29 -30 -31
leaf_value=-0.046301036210345661 0.028211171877192139 0.00028237781618044934 0.08401218747544896 -0.11433028365947345 0.13785368874603487 -0.097786989428745363 -0.0014269111191210961 0.031167126120478825 -0.063077552153507133 -0.083581364372064371 0.047410525796752041 -0.0056926730791213593 -0.054248912244630604 0.026612554422323378 0.04525474267311938 -0.095911449267629761 0.02163340529006829 0.018259406084541959 0.034182609004302943 -0.025310997804250435 0.040594118207566011 0.10469864754133994 -0.028102966968684081 -0.054954642955490976 0.048248631229108288 -0.021052472572411236 0.047040152624617346 0.0044853874059701797 0.049068509453476433 -0.014556416557022431
leaf_weight=4.9691629582084715 1.3113156159815829 9.7482517337048247 1.5697177885449489 0.87165419885423023 0.46364239999093015 1.7030713403364637 36.683022387198434 2.6152950637042514 4.8826171751716165 2.0124367267417247 2.9219000015873453 1.1256216506008057 1.6770690819248546 5.1182112073292956 2.46369826642331 1.0943774729967106 6.5776003831415419 2.3984416040475462 4.0007036216557044 4.9092644728370942 3.0789499953389159 2.1840102397836745 3.2517770677804947 2.2316282736137509 1.8822194421663878 3.1637154677882791 2.4101503640413284 2.0978286974132061 1.5325638641370449 2.5612194910645485
leaf_count=54 43 107 22 19 4 33 886 21 49 25 28 22 18 62 24 9 115 45 29 50 32 23 24 23 21 36 23 15 16 21
internal_value=-6.04311e-06 -0.00267254 0.0108856 -0.0287053 -0.00571278 -0.000837713 0.00310368 -0.0203505 -0.0284459 -0.014068 0.00164446 -0.0611399 -0.00170763 0.0400848 0.0037854 0.00805576 -0.00408677 -0.00908655 0.0185982 -0.00173124 0.0271697 0.0395756 0.00530787 0.00316619 -0.0135248 0.00479802 0.0744503 -0.0312251 0.000598112 0.015159
internal_weight=123.511 74.2364 8.8709 2.18297 65.3655 46.1069 43.2782 19.2586 16.6433 11.7607 42.8146 2.82869 39.8927 6.68793 49.2747 39.8093 14.9495 9.46543 24.8598 7.37296 17.4868 11.1561 6.33073 13.8552 7.27756 5.04593 4.59416 7.06699 38.2156 6.56192
internal_count=1899 1355 146 62 1209 1007 952 202 181 132 948 55 920 84 544 430 204 114 226 74 152 96 56 195 80 57 46 69 902 50
cat_boundaries=0 1 2 3 4
cat_threshold=171 14 14 2
is_linear=0
shrinkage=0.1


Tree=122
num_leaves=31
num_cat=4
split_feature=6 2 3 2 2 1 0 0 0 5 2 2 2 0 0 1 1 0 0 1 0 0 0 2 2 2 1 0 4 2
split_gain=0.152246 0.330004 0.222447 0.46569 0.663204 0.42057 0.309602 0.491527 0.496613 0.306388 0.285447 0.676325 0.229101 0.577783 0.223792 0.312378 0.410219 0.250508 0.280245 0.653671 0.269821 0.932359 0.483781 0.369455 0.212076 0.28924 0.234574 0.624885 0.201921 0.376537
threshold=0 14652.105000000001 1 105751.86500000001 91074.435000000012 64.500000000000014 24.500000000000004 38.500000000000007 40.500000000000007 2 60596.350000000006 44056.680000000008 78297.630000000019 40.500000000000007 29.500000000000004 51.000000000000007 48.500000000000007 33.500000000000007 40.500000000000007 48.500000000000007 43.500000000000007 46.500000000000007 48.500000000000007 104218.32000000002 68337.550000000017 246932.65500000003 34.500000000000007 51.500000000000007 3 41913.87000000001
decision_type=1 2 9 2 2 2 2 2 2 1 2 2 2 2 2 2 2 2 2 2 2 2 2 2 2 2 2 2 9 2
left_child=24 -2 3 4 10 14 -5 -8 -9 -10 11 -3 13 -12 15 16 -4 -16 19 -19 -20 -22 -23 -24 26 -26 27 -1 29 -28
right_child=1 2 5 6 -6 -7 7 8 9 -11 12 -13 -14 -15 17 -17 -18 18 20 -21 21 22 23 -25 25 -27 28 -29 -30 -31
leaf_value=-0.077704349702875194 -0.10964292914978496 -0.030935462235595873 -0.069775956171994932 0.078406476580370116 0.076599086978371311 -0.11215043435933483 -0.10577127016837376 0.080366621724332177 0.011575579097326106 -0.10394953587721965 -0.097833902728374181 0.077115074898592637 0.01779150705878416 0.014972814874116348 0.025173118912276846 -0.11734058728339743 0.035413741625399661 -0.11389229796986074 0.023065780650087932 0.022204244081286153 -0.10829442376865661 0.049701257120960407 -0.037959043494368766 0.030857382481846843 0.030515658375702966 -0.013018586535172164 0.0058875741025148712 0.0040279971689902048 -0.00085513991113134484 0.042334274568486596
leaf_weight=1.3759308056905855 0.31716658151708799 0.99569421870546326 0.85850069827211217 0.2437592430142107 1.739478656745632 0.46665540855610821 0.74875729069026453 0.45507055392954476 0.44986936752684414 0.46880823254468851 0.84031383736146403 1.3852245142552417 1.3197657580894882 0.98773804306983948 1.7028142346825905 0.47474585991585616 0.65253424399998039 0.84356263760127947 1.965103616239501 0.60674929339438677 0.99390094599220891 1.3206182282883672 2.9903368589002639 1.0555225695716215 5.3745677971746764 2.131358833052218 9.0882258331403118 2.9218919272534549 73.86894020345062 4.1194359101355067
leaf_count=25 18 34 274 50 37 10 85 10 16 35 36 31 40 21 64 10 13 54 37 11 33 19 52 31 72 26 77 35 615 28
internal_value=-1.12452e-05 -0.00586366 -0.00695514 0.00500566 0.0227457 -0.0109558 -0.0283304 -0.0405886 -0.00506091 -0.0473778 0.00580207 0.0319286 -0.0139593 -0.0368819 -0.0155855 -0.0465817 -0.0243502 -0.0102232 -0.0163888 -0.0569552 -0.00932205 -0.0193286 -0.00285164 -0.0200056 0.00181204 0.0181538 0.000667964 -0.0221383 0.00179361 0.00982007
internal_weight=122.763 23.8827 23.5655 9.63448 7.26822 13.931 2.36626 2.12251 1.37375 0.918678 5.52874 2.38092 3.14782 1.82805 13.4644 1.98578 1.51103 11.4786 9.77579 1.45031 8.32548 6.36038 5.36648 4.04586 98.8804 7.50593 91.3744 4.29782 87.0766 13.2077
internal_count=1899 1021 1003 395 199 608 196 146 61 51 162 65 97 57 598 297 287 301 237 65 172 135 102 83 878 98 780 60 720 105
cat_boundaries=0 1 2 3 4
cat_threshold=4 153 2 42
is_linear=0
shrinkage=0.1


Tree=123
num_leaves=31
num_cat=2
split_feature=3 0 2 2 0 2 2 1 1 1 0 2 1 2 2 2 2 0 2 0 2 2 7 0 1 0 0 0 2 0
split_gain=0.152726 0.403721 0.550929 1.14851 0.296371 0.314117 0.349049 0.209368 0.173743 1.7957 0.553503 1.09314 0.626658 0.623533 0.671743 0.757408 0.496925 0.45935 0.449932 0.412098 0.867895 0.67329 0.426175 0.742218 0.72661 0.668104 0.648442 0.818059 0.63852 0.503467
threshold=0 51.500000000000007 22429.340000000004 38753.285000000011 24.500000000000004 79476.60000000002 80148.565000000017 48.500000000000007 41.500000000000007 44.500000000000007 52.500000000000007 31960.595000000005 48.500000000000007 23184.980000000003 30654.320000000003 34598.850000000006 40949.195000000007 66.500000000000014 25410.690000000006 28.500000000000004 50520.56500000001 50839.855000000003 1 31.500000000000004 38.500000000000007 45.500000000000007 48.500000000000007 46.500000000000007 36356.030000000006 42.500000000000007
decision_type=9 2 2 2 2 2 2 2 2 2 2 2 2 2 2 2 2 2 2 2 2 2 9 2 2 2 2 2 2 2
left_child=1 2 -1 -4 5 -2 -7 -3 17 -10 12 -12 18 -14 -15 -16 -13 19 -11 20 -6 -22 23 -21 25 29 27 -26 -28 -25
right_child=4 7 3 -5 8 6 -8 -9 9 10 11 16 13 14 15 -17 -18 -19 -20 22 21 -23 -24 24 26 -27 28 -29 -30 -31
leaf_value=-0.030664873102608597 -0.10576550438009602 0.0056942236103469032 0.090648805812834507 0.011342479425424613 -0.085687657955729121 0.12011045373442913 -0.057239029541260616 -0.033173886431610532 0.074589068576954839 -0.080129232215277346 0.076617692030532439 -0.036423164248942243 0.036086818103202349 -0.041697954502895249 0.052250091590234804 -0.0063538121397675633 0.025297124320012073 -0.059973828578798682 -0.020309924899948845 0.028307408963493381 0.16716166053783002 -0.011383689628577155 0.0086080897164905676 -0.090305910923560051 -0.017695300911292667 0.059982656802076387 -0.07533356272184269 0.053300734031185695 -0.019394538090731776 0.028176999971895218
leaf_weight=1.7914084233343626 0.56072355508513172 3.061666681431233 2.3637333844671948 8.0282229678705317 1.7973977042420295 0.16909733461216092 0.32286562529043294 2.5319764129817486 3.282366346451453 1.5247852965258042 2.4880737625062457 2.4751986656337976 4.083269824273887 4.3431450845673707 2.5815841704607037 15.132179730251663 2.7579743629321456 1.477321398560888 7.1695691427157726 4.5432500381430136 0.24035218358039845 1.7416621541633501 18.790343813583604 0.672297966069894 15.020510604052111 2.2669534598244354 3.6688822202850115 1.8196034799329925 4.5976139926933683 0.76871676906011999
leaf_count=18 97 32 33 113 37 2 200 16 37 14 18 16 34 33 18 174 25 23 92 50 1 97 306 35 203 48 40 16 63 8
internal_value=-3.79598e-05 0.00661823 0.0205523 0.0293813 -0.00164895 -0.0545987 0.00371947 -0.0118995 -0.00126878 0.00332197 -0.00217493 0.0220489 -0.00754425 0.000191006 -0.00645418 0.00218706 -0.00389549 -0.00493453 -0.0308008 -0.00348067 -0.0353663 0.0102679 -0.00116978 -0.00712286 -0.0151812 0.0261398 -0.0212838 -0.0100241 -0.0442217 -0.0271006
internal_weight=122.073 17.777 12.1834 10.392 104.296 1.05269 0.491963 5.59364 103.243 45.8381 42.5558 7.72125 34.8345 26.1402 22.0569 17.7138 5.23317 57.4049 8.69435 55.9276 3.77941 1.98201 52.1482 33.3578 28.8146 3.70797 25.1066 16.8401 8.2665 1.44101
internal_count=1899 212 164 146 1687 299 202 48 1388 461 424 59 365 259 225 192 41 927 106 904 135 98 769 463 413 91 322 219 103 43
cat_boundaries=0 1 2
cat_threshold=169 4647
is_linear=0
shrinkage=0.1


Tree=124
num_leaves=31
num_cat=2
split_feature=7 3 1 0 0 0 0 2 2 2 0 2 2 2 2 2 1 2 2 0 0 0 2 1 1 0 1 0 0 2
split_gain=0.142355 0.531556 0.90724 0.901309 2.29076 0.640754 0.932985 0.790314 0.603304 1.39323 0.423376 0.607767 0.591936 0.631303 0.443651 0.420572 0.584839 0.385413 1.00687 0.331969 0.314903 0.530448 0.348263 0.275073 0.264136 0.425397 0.51372 0.235519 0.245169 0.651885
threshold=0 1 25.500000000000004 46.500000000000007 42.500000000000007 46.500000000000007 40.500000000000007 13304.090000000002 45000.44000000001 59330.335000000006 27.500000000000004 104873.49500000001 15130.985000000002 27647.070000000003 17932.775000000005 66293.295000000027 41.500000000000007 50520.56500000001 51574.885000000009 36.500000000000007 36.500000000000007 39.500000000000007 107486.18000000001 47.500000000000007 24.500000000000004 66.500000000000014 15.500000000000002 65.500000000000014 26.500000000000004 39451.380000000012
decision_type=9 9 2 2 2 2 2 2 2 2 2 2 2 2 2 2 2 2 2 2 2 2 2 2 2 2 2 2 2 2
left_child=24 5 -3 4 20 6 7 -2 -8 -10 11 14 -12 -14 -9 23 19 -16 -19 -17 22 -22 -4 -15 25 26 -1 28 29 -26
right_child=1 2 3 -5 -6 -7 8 10 9 -11 12 -13 13 15 17 16 -18 18 -20 -21 21 -23 -24 -25 27 -27 -28 -29 -30 -31
leaf_value=0.031689347243526567 -0.1186316366002212 0.065767637835024984 -0.11006722436547363 -0.075446345609693405 0.08002963408877245 0.020574319710095882 -0.061790301083801347 0.037338580111569923 0.066523087145215196 -0.076525487823496413 0.10660144119329516 0.070416124382334314 -0.028277003657704171 0.018296415970647129 -0.11500778255265068 -0.054158544887888384 -0.10824652873996683 0.14478104935564923 -0.11450890777729315 0.039145710817812665 0.013569292276805166 -0.07276271776249868 -0.025937092444090606 0.053683621360800786 0.09380030075550902 -0.093159426927396677 -0.07766245987005016 0.035467804252287939 0.0020290602194905014 -0.0061130801506929242
leaf_weight=1.3379145291837624 0.49959159528953634 0.90688385906105295 1.377616216832392 4.0881583300651982 1.8188025005511006 14.111316443944814 4.1106703970581284 0.43309010565281258 1.439075253903866 1.2922460032859815 0.674171082675456 0.49744450082653191 3.2463326154393135 6.3123009948176314 1.0043196489277759 0.54876390539720832 0.53699573894846242 0.24236217327415932 0.39197663812228711 1.2497502602782331 1.4342969938879835 1.4126812311005776 0.76543458308151446 3.3690021107904613 1.0648210504732554 0.72176168952137221 0.63280766543175548 2.3639244192745528 61.768187600231613 1.6885285861862938
leaf_count=24 11 42 61 71 21 160 34 2 11 44 4 97 34 64 33 74 28 2 53 33 19 21 27 31 20 9 46 20 682 121
internal_value=3.29866e-05 -0.00357403 -0.0164212 -0.0383308 -0.0160459 0.00274829 -0.00592028 0.00547875 -0.0375852 -0.00115623 0.00882917 -0.0288421 0.014902 0.0108517 -0.0526748 0.0214222 -0.0166669 -0.076465 -0.0154419 0.0106767 -0.0510642 -0.029269 -0.0800184 0.0306108 0.00282423 -0.027479 -0.003424 0.00446634 0.00333051 0.0325271
internal_weight=121.341 51.7633 11.8039 10.897 6.80883 39.9594 25.8481 19.0061 6.84199 2.73132 18.5065 2.56919 15.9373 15.2631 2.07175 12.0168 2.33551 1.63866 0.634339 1.79851 4.99003 2.84698 2.14305 9.6813 69.5779 2.69248 1.97072 66.8855 64.5215 2.75335
internal_count=1899 977 262 220 149 715 555 466 89 55 455 187 268 264 90 230 135 88 55 107 128 40 88 95 922 79 70 843 823 141
cat_boundaries=0 1 2
cat_threshold=5509 564
is_linear=0
shrinkage=0.1


Tree=125
num_leaves=31
num_cat=3
split_feature=7 0 1 1 0 0 0 2 2 2 2 0 0 0 4 0 0 0 2 0 2 1 2 7 1 2 0 2 2 2
split_gain=0.132575 0.43182 0.608553 0.69161 0.610873 1.96127 0.632134 0.462544 0.67887 0.803396 0.677555 0.361367 0.357876 0.32146 0.349322 0.524045 0.544153 0.754331 0.834438 0.630919 0.621514 0.454722 0.412069 0.408932 1.07935 1.25551 0.598304 0.366805 0.676856 0.492126
threshold=0 32.500000000000007 51.000000000000007 47.500000000000007 39.500000000000007 35.500000000000007 43.500000000000007 39451.380000000012 52477.80000000001 61032.000000000007 75900.700000000012 57.500000000000007 66.500000000000014 61.500000000000007 1 59.500000000000007 40.500000000000007 35.500000000000007 50197.330000000009 41.500000000000007 10705.280000000001 55.500000000000007 33410.24500000001 2 41.500000000000007 43206.560000000005 47.500000000000007 27469.245000000006 32623.385000000006 39113.875000000007
decision_type=9 2 2 2 2 2 2 2 2 2 2 2 2 2 9 2 2 2 2 2 2 2 2 9 2 2 2 2 2 2
left_child=1 7 3 4 5 -3 -6 -1 -9 -10 -11 -8 13 14 -2 16 17 20 22 -18 -16 23 -19 24 25 26 -21 -25 -29 -30
right_child=12 2 -4 -5 6 -7 11 8 9 10 -12 -13 -14 -15 15 -17 19 18 -20 21 -22 -23 -24 27 -26 -27 -28 28 29 -31
leaf_value=-0.067840874231133524 -0.012230426494922016 0.046242137582320444 0.042239739909542835 -0.033613320084594875 0.057887768685879498 -0.098817516727317159 -0.0015875323517804919 0.071397058208615125 -0.12627830107520452 0.098754924491650922 -0.031322755574055818 0.040081775384619288 -0.042527764093408846 0.027275597326937042 -0.13163963076322902 0.062138138458322695 -0.048938378300112689 0.02511036536355489 -0.010130513495254673 -0.040619360797774201 0.00085500877698673329 -0.036849785342284162 0.071984539787523394 0.044031583452988743 0.030904164769586479 0.024180488302443071 -0.11876978522348305 -0.051571249472670534 0.051247949320711722 0.0029766303629455444
leaf_weight=1.4715873659588385 15.899132552069203 1.9327725060284238 5.1132669830694786 4.0100706014782181 3.6109298933297387 1.8001733167329801 7.8344659765716624 0.94732198072597418 0.62589734885841641 0.54458913318740121 1.5128618119560995 2.8340813852846622 2.151005062100011 3.7817667705239719 0.35969219467370095 1.4005766286281858 3.5435832277871695 3.6248635104857367 3.4361559992830735 1.9414237327873691 22.536715816004289 3.6803874848410478 3.8859659386798739 3.2134390622377493 2.4021240888396278 1.6388512806151991 1.9774014216382054 1.7484679296612728 2.8427992463111869 8.2159792018355784
leaf_count=20 232 19 47 39 40 24 83 8 9 11 48 30 27 42 7 18 37 38 82 15 668 28 31 35 25 35 26 13 20 142
internal_value=3.35108e-06 0.00468827 0.0111611 0.00394512 0.0123067 -0.0237113 0.0217225 -0.020548 -0.00137919 -0.0270719 0.00310766 0.00948185 -0.00201077 -0.00123236 -0.00254157 0.00140573 0.000314174 0.00909662 0.030688 -0.00921099 -0.00122642 -0.00412159 0.0493622 0.000901342 -0.0111277 -0.0493168 -0.0800533 0.00851114 0.00624435 0.0153854
internal_weight=120.518 32.238 27.1358 22.0225 18.0124 3.73295 14.2795 5.10226 3.63067 2.68335 2.05745 10.6685 88.2803 86.1293 82.3476 66.4484 65.0479 33.8434 10.947 31.2045 22.8964 27.6609 7.51083 23.9805 7.9598 5.55768 3.91883 16.0207 12.8072 11.0588
internal_count=1899 378 282 235 196 43 153 96 76 68 59 113 1521 1494 1452 1220 1202 826 151 376 675 339 69 311 101 76 41 210 175 162
cat_boundaries=0 1 2 3
cat_threshold=4356 7 545
is_linear=0
shrinkage=0.1


Tree=126
num_leaves=31
num_cat=4
split_feature=3 2 2 2 4 0 0 2 0 2 2 2 2 2 0 2 4 0 0 2 2 7 1 2 2 1 2 0 0 2
split_gain=0.162692 0.365665 0.595956 0.393662 0.364257 0.948682 0.97953 0.801819 0.618246 0.383741 0.459471 0.788294 0.536485 0.572307 0.531631 0.566688 0.271654 0.60264 0.555978 0.493058 0.997104 0.365342 0.619669 0.822002 1.2025 0.73973 0.716086 0.59791 0.669273 0.42382
threshold=0 21538.500000000004 16813.290000000005 23883.185000000001 1 51.500000000000007 47.500000000000007 50520.56500000001 54.500000000000007 27097.545000000002 30949.395000000004 34598.850000000006 39451.380000000012 41420.005000000005 39.500000000000007 73192.050000000003 2 36.500000000000007 30.500000000000004 27469.245000000006 42737.520000000004 3 47.500000000000007 59732.775000000009 60596.350000000006 51.000000000000007 64004.205000000009 32.500000000000007 44.500000000000007 164562.62000000002
decision_type=9 2 2 2 9 2 2 2 2 2 2 2 2 2 2 2 9 2 2 2 2 9 2 2 2 2 2 2 2 2
left_child=1 2 -1 -3 5 6 7 -5 9 -6 -11 -12 -13 -14 -15 -16 17 18 -2 -19 -21 22 23 27 -25 -24 -26 -18 -29 -23
right_child=16 3 -4 4 8 -7 -8 -9 -10 10 11 12 13 14 15 -17 21 19 -20 20 -22 29 25 24 26 -27 -28 28 -30 -31
leaf_value=0.0037674069605805622 0.0082949276705816706 -0.053864607785887614 0.066024995520604007 0.016889944901791489 0.039754319965914046 -0.068084183981828625 0.076566552051890918 -0.079356204445684989 0.04355923294981117 -0.035499097956043578 0.075563882109067615 -0.035565557056035819 0.08533229884835325 0.021453407859707362 -0.041773666769189366 0.016123476697082258 0.01797086641119866 -0.0079199696433479901 -0.11006982861426728 0.10308350093153958 0.010007514894704706 -0.010900416277349494 0.064720055295715992 0.16509583678220305 -0.11752434060993702 -0.001541320736753223 0.023746139040953032 -0.069108389894365838 -0.011088834717581346 -0.062921246024827834
leaf_weight=4.1716724177822462 1.1046646825488986 1.2524438852560695 2.435030035674572 2.0567102311179046 2.6647572122747141 2.9219240490347147 1.3458129819482563 1.4946020722563842 4.5971244331449261 3.2009331523440805 1.4789336930480228 3.5023482723081569 0.89677399207721364 7.4871705102559627 3.9531920019653626 2.9536738019669428 3.1288148649255225 2.1335909976623952 0.61932160911965173 2.0201817015185952 2.6750494265579619 39.753324280285597 3.3457160587422541 0.57444979995489021 0.39272174285724748 3.3938914525206201 4.1550461941951653 3.2142493526916933 5.2121459933114238 1.6303574318808376
leaf_count=37 42 13 21 19 28 25 16 42 45 25 19 31 11 145 34 47 37 20 17 15 49 700 31 3 7 31 153 38 57 141
internal_value=-0.000110215 0.00405301 0.0267137 0.00131018 0.00310256 -0.0100881 0.00391577 -0.0236161 0.00734939 0.00379258 -0.000289948 0.00526952 -0.000262313 0.00782387 0.00299495 -0.0170144 -0.00290141 0.0085763 -0.0342262 0.0319411 0.0500546 -0.00536034 0.00403849 -0.00457801 0.0287671 0.0313525 0.0115468 -0.0193593 -0.0332204 -0.0104296
internal_weight=119.767 46.4131 6.6067 39.8064 38.554 7.81905 4.89713 3.55131 30.7349 26.1378 23.473 20.2721 18.7932 15.2908 14.394 6.90687 73.3535 8.55281 1.72399 6.82882 4.69523 64.8007 23.417 16.6774 5.12222 6.73961 4.54777 11.5552 8.4264 41.3837
internal_count=1899 558 58 500 487 102 77 61 385 340 312 287 268 237 226 81 1341 143 59 84 64 1198 357 295 163 62 160 132 95 841
cat_boundaries=0 1 2 3 4
cat_threshold=426 44 14 4610
is_linear=0
shrinkage=0.1


Tree=127
num_leaves=31
num_cat=3
split_feature=6 3 2 2 1 2 1 0 0 2 1 2 0 2 7 2 2 1 0 2 2 0 2 1 0 0 0 0 0 2
split_gain=0.166718 0.233804 0.44381 0.62776 0.839426 0.629582 0.898517 0.559357 0.55192 0.469325 0.437938 0.43324 0.512831 0.406463 0.753772 0.597134 1.2863 1.0916 0.319402 0.424181 0.543317 0.282405 0.269892 0.252228 0.412164 0.235294 0.928854 1.1259 0.232524 0.223884
threshold=0 1 48439.730000000003 21538.500000000004 47.500000000000007 33632.600000000006 41.500000000000007 38.500000000000007 41.500000000000007 30316.580000000005 41.500000000000007 17932.775000000005 44.500000000000007 34166.205000000009 2 61032.000000000007 50197.330000000009 44.500000000000007 56.500000000000007 27097.545000000002 30949.395000000004 39.500000000000007 70200.60000000002 41.500000000000007 47.500000000000007 46.500000000000007 40.500000000000007 31.500000000000004 44.500000000000007 40617.340000000004
decision_type=1 9 2 2 2 2 2 2 2 2 2 2 2 2 9 2 2 2 2 2 2 2 2 2 2 2 2 2 2 2
left_child=1 2 3 23 5 9 8 -6 -7 28 22 12 -3 18 25 16 17 -16 19 21 -21 -13 -4 24 -1 26 27 -15 -5 -2
right_child=29 11 10 4 7 6 -8 -9 -10 -11 -12 13 -14 14 15 -17 -18 -19 -20 20 -22 -23 -24 -25 -26 -27 -28 -29 -30 -31
leaf_value=-0.0063121581982839266 -0.034998144910623578 -0.0034516432500647761 -0.0057856671915574101 -0.014770391237380479 0.0036067887641796554 -0.025407757455013294 0.072633304071652027 -0.042160262552806409 0.029863297193273033 -0.048071300128040409 0.051302569749922457 -0.027838726176473295 -0.073942440300747855 -0.0046701697056387159 0.012758634002460439 0.0054748205342213651 -0.11666927517272636 -0.064208376745626281 -0.019336705478587419 0.058829803946483551 0.0040193576975049517 0.017668728016164596 0.033470028517961943 0.048924122022835456 0.042846101970425585 0.040043217550941791 -0.039961163081258314 0.087425299971114756 0.022439316040303789 -0.0052841159464632114
leaf_weight=4.1518229581415635 2.9023453901354541 2.339098152704536 4.3429750530049187 3.576151882996788 4.1336120031774026 3.1180211361497623 2.8559978865087032 7.5442958269268274 4.2957951310090721 2.493706101551652 3.9796186219900846 2.4447071668691915 1.8470264757052062 3.3652541898190957 3.6239362312480825 3.012413991149514 2.0073395763756707 3.7489957176148891 2.7092642621137193 4.0331794219091535 3.2787925659213215 3.083822812885046 2.9350060382857919 2.8992352709174156 2.894811674952507 3.2640719367191187 2.6861454844474792 2.1922082854434848 3.1663707084953785 20.073280765416712
leaf_count=29 100 30 37 33 34 28 21 53 38 22 41 31 20 28 37 31 32 28 25 30 36 25 38 27 18 34 20 25 27 921
internal_value=-0.000101229 0.00184487 0.00590886 0.00222141 -0.00475568 0.00793906 0.0249766 -0.0259602 0.00661801 -0.0110051 0.0246298 -0.00322615 -0.034554 -0.000719669 -0.00890707 -0.018407 -0.0456997 -0.0263776 0.0118646 0.0184478 0.034252 -0.0024546 0.0100451 0.0240971 0.0138824 0.00926649 0.00832119 0.031658 0.00270374 -0.00629696
internal_weight=118.999 96.0237 52.3874 41.1298 31.184 19.506 10.2698 11.6779 7.41382 9.23623 11.2576 43.6363 4.18612 39.4501 23.9004 12.3927 9.38027 7.37293 15.5498 12.8405 7.31197 5.52853 7.27798 9.94587 7.04663 11.5077 8.24361 5.55746 6.74252 22.9756
internal_count=1899 878 446 330 256 169 87 87 66 82 116 432 50 382 235 128 97 65 147 122 66 56 75 74 47 107 73 53 60 1021
cat_boundaries=0 1 2 3
cat_threshold=4 294 2720
is_linear=0
shrinkage=0.1


Tree=128
num_leaves=31
num_cat=2
split_feature=3 2 2 2 0 1 2 2 2 2 2 2 2 1 2 2 0 0 0 1 2 7 0 2 2 0 1 2 2 2
split_gain=0.169643 0.366905 1.23984 0.804923 0.3112 0.54889 0.358853 0.146567 0.672864 0.402792 0.254017 0.318192 0.43478 0.308929 0.273294 0.402394 0.275999 0.259309 0.390984 1.07501 0.243225 0.228269 0.414536 0.424738 1.00521 0.487976 0.520376 0.418824 0.974341 0.950215
threshold=0 39451.380000000012 44056.680000000008 47640.350000000006 48.500000000000007 44.500000000000007 29386.665000000005 47640.350000000006 48830.025000000001 45803.650000000009 50520.56500000001 58941.060000000005 59330.335000000006 66.500000000000014 344101.61000000004 253672.84000000005 25.500000000000004 53.500000000000007 30.500000000000004 45.500000000000007 193089.31000000003 1 61.500000000000007 38195.715000000004 40403.080000000009 49.500000000000007 42.500000000000007 30039.515000000003 35699.980000000003 24904.665000000005
decision_type=9 2 2 2 2 2 2 2 2 2 2 2 2 2 2 2 2 2 2 2 2 9 2 2 2 2 2 2 2 2
left_child=1 4 -3 -4 5 -1 -6 9 -9 21 -10 17 -13 14 15 16 20 18 -12 -20 -14 -2 23 25 -25 27 -27 29 -29 -23
right_child=7 2 3 -5 6 -7 -8 8 10 -11 11 12 13 -15 -16 -17 -18 -19 19 -21 -22 22 -24 24 -26 26 -28 28 -30 -31
leaf_value=-0.052672869974492179 0.005410961913353318 0.12165318170907241 -0.085000377506597391 0.022018542344891551 0.042075524556375983 0.022120113666123306 -0.014780366670388246 -0.075474673607291862 0.023312503454475657 0.038389058703200918 0.0024416452869737383 0.072564997009766596 0.014357106067016451 0.064047821689839649 0.062960961014339539 -0.060726941621693502 -0.0074263249833826737 0.011602014762763891 -0.11027277279087151 0.0046469134590628293 0.1154887808414328 0.014441681224446588 0.0368258310952825 -0.092508901532883617 -0.0080508513951220422 -0.0542434639579659 -0.00091771798340044156 0.048207144036017641 -0.027760503932838243 -0.03997787293581271
leaf_weight=2.502764722361464 25.751835625997046 1.1643801890604644 0.78644807962700713 6.6078133153278031 2.314224399626255 1.6139739782083777 2.1335475509986281 1.3877309019117081 3.0074591329321256 2.7285831995250183 1.6045204500951538 0.75808070204220968 0.86874266564338032 0.64179718215018411 0.55588353588245709 1.3603822958975786 19.754131568704906 1.3431177046149967 1.7825789402122612 1.4980805418454108 0.32744840572195244 8.3612451060034854 2.0813340055756262 1.9316882936982427 5.2100167510216124 3.4332111800904377 3.9187228931114078 5.0647869131353209 2.5325121611822397 5.2065500739263362
leaf_count=37 255 15 7 162 28 22 20 20 29 31 34 8 201 12 6 48 532 18 25 18 26 84 20 17 52 33 28 45 16 50
internal_value=-9.97994e-05 0.00700537 0.0257397 0.0106361 -0.00353656 -0.0233502 0.0148024 -0.00181628 -0.00724115 0.00076768 -0.00441478 -0.0071493 -0.00197426 -0.00437795 -0.00629846 -0.00802409 -0.0046019 -0.0273121 -0.038011 -0.0577958 0.0420411 -0.000849109 -0.00518146 -0.00908642 -0.0308951 -0.00362474 -0.0258198 0.00408497 0.0228838 -0.00644146
internal_weight=118.234 17.1232 8.55864 7.39426 8.56451 4.11674 4.44777 101.11 34.89 66.2205 33.5022 30.4948 24.2665 23.5084 22.8666 22.3107 20.9503 6.2283 4.88518 3.28066 1.19619 63.4919 37.7401 35.6587 7.14171 28.517 7.35193 21.1651 7.5973 13.5678
internal_count=1899 291 184 169 107 59 48 1608 977 631 957 928 833 825 813 807 759 95 77 43 227 600 345 325 69 256 61 195 61 134
cat_boundaries=0 1 2
cat_threshold=1448 9507
is_linear=0
shrinkage=0.1


Tree=129
num_leaves=31
num_cat=2
split_feature=0 7 2 2 2 2 2 0 1 2 2 1 0 1 0 2 1 2 0 2 5 2 2 2 0 0 2 2 1 2
split_gain=0.15061 0.176285 0.791629 0.438432 0.347211 0.574224 0.609035 0.343458 0.803268 0.49684 0.30509 0.284754 0.250592 0.492497 0.256399 0.241587 0.679229 0.617471 0.219323 0.952277 0.339658 0.302917 0.550873 0.210912 0.696863 0.288482 0.474618 0.46449 0.298923 0.69575
threshold=66.500000000000014 0 12637.335000000001 60596.350000000006 85814.590000000011 88985.940000000017 91074.435000000012 28.500000000000004 48.500000000000007 48830.025000000001 52477.80000000001 20.500000000000004 28.500000000000004 44.500000000000007 46.500000000000007 20435.400000000005 44.500000000000007 22429.340000000004 26.500000000000004 208029.46500000003 1 160829.54000000001 143316.38000000003 27097.545000000002 44.500000000000007 58.500000000000007 40617.340000000004 27647.070000000003 47.500000000000007 61032.000000000007
decision_type=2 9 2 2 2 2 2 2 2 2 2 2 2 2 2 2 2 2 2 2 1 2 2 2 2 2 2 2 2 2
left_child=1 2 -1 7 12 -6 -7 8 9 -4 -9 -8 13 -5 -14 16 -3 -17 19 -13 21 22 -20 24 -19 27 -27 -25 -29 -30
right_child=-2 15 3 4 5 6 11 10 -10 -11 -12 18 14 -15 -16 17 -18 23 20 -21 -22 -23 -24 25 -26 26 -28 28 29 -31
leaf_value=-0.1137856667814281 -0.022104518660349862 0.00023465957861670413 -0.11445499716917443 -0.10274606452316398 0.087317196886892545 -0.1296953005942017 0.081232037639739657 0.0011579034252872009 0.030692856935576104 0.0071080655501996942 0.031729002721158056 0.077845455759272819 -0.10832224441446298 0.128242858379715 -0.035717857114471958 -0.060154390795189375 0.065410557599716937 -0.013051983749684996 -0.066904791130901614 -0.12378713408549956 -0.078848454887713984 -0.029886259764499348 0.1017062921563112 -0.068934659589951694 0.066029907562245707 -0.059030311819022602 0.0050532100281272469 0.012480594030668203 -0.015308610778901804 0.027522537666560095
leaf_weight=0.65240883192745869 3.0167558439134146 4.9278190923505454 1.1278190815828559 0.17483836044993806 0.5427021365467225 0.46754505930584844 0.3165079982500173 33.391460053215269 1.1705922021646982 0.47900783958175441 3.6181389687699257 0.84355001420044551 0.93442207033513103 0.19553513733262662 1.0144502457696942 1.5518791412468989 2.3670313241891563 2.3380686851451165 0.30479515642219057 0.324269969969464 0.97402216015325116 2.3232525952334981 0.53192770827445202 0.8491037581989066 2.1288427449762821 1.9711836501955975 2.7936534069012851 27.073439834446617 14.121564788045363 5.1851190874876911
leaf_count=21 37 44 50 37 12 8 41 318 13 18 49 100 55 8 20 13 30 29 44 24 81 74 15 8 22 13 33 488 117 77
internal_value=-4.89245e-05 0.000531191 -0.00362708 -0.00289664 -0.0228973 -0.0112452 -0.0200344 0.00160135 -0.0323145 -0.0782161 0.0041466 -0.0109087 -0.0561996 0.0192023 -0.0705293 0.00366931 0.0213829 0.0020744 -0.0164093 0.0218579 -0.0272195 -0.0113055 0.0402859 0.00378481 0.0246369 0.00199337 -0.0214577 0.00435929 0.00570112 -0.00380562
internal_weight=117.712 114.695 49.3872 48.7348 8.94782 6.62857 6.08587 39.787 2.77742 1.60683 37.0096 5.61833 2.31925 0.370373 1.94887 65.3077 7.29485 58.0129 5.30182 1.16782 4.134 3.15998 0.836723 56.461 4.46691 51.9941 4.76484 47.2292 46.3801 19.3067
internal_count=1899 1862 988 967 519 399 387 448 81 68 367 379 120 45 75 874 74 800 338 124 214 133 59 787 51 736 46 690 682 194
cat_boundaries=0 1 2
cat_threshold=10787 1
is_linear=0
shrinkage=0.1


Tree=130
num_leaves=31
num_cat=3
split_feature=6 3 2 0 2 7 2 0 2 2 1 0 2 0 2 2 2 1 0 0 0 2 2 0 1 1 0 2 2 2
split_gain=0.162831 0.213428 0.400735 0.434491 0.356563 0.423152 0.759813 0.837458 0.867681 0.665604 0.650291 0.570082 0.572557 0.422489 0.411193 0.345676 0.499701 0.655402 0.711079 0.64506 0.405715 0.440539 0.39301 0.706373 0.339403 0.321978 0.279247 0.250781 0.227168 0.197595
threshold=0 1 17932.775000000005 44.500000000000007 20435.400000000005 2 43206.560000000005 53.500000000000007 61032.000000000007 49530.245000000003 44.500000000000007 56.500000000000007 27647.070000000003 40.500000000000007 50197.330000000009 48439.730000000003 21538.500000000004 48.500000000000007 44.500000000000007 31.500000000000004 53.500000000000007 30316.580000000005 31680.205000000005 47.500000000000007 41.500000000000007 53.500000000000007 36.500000000000007 10705.280000000001 70200.60000000002 219850.91000000003
decision_type=1 9 2 2 2 9 2 2 2 2 2 2 2 2 2 2 2 2 2 2 2 2 2 2 2 2 2 2 2 2
left_child=1 15 3 -3 -4 9 11 8 14 10 13 12 -7 -6 -8 16 27 18 19 -18 21 -20 -19 -24 28 26 -14 -1 -17 -2
right_child=29 2 4 -5 5 6 7 -9 -10 -11 -12 -13 25 -15 -16 24 17 22 20 -21 -22 -23 23 -25 -26 -27 -28 -29 -30 -31
leaf_value=-0.0045437754285619497 -0.0075196827503774995 -0.0048754844418646588 0.040185104487211736 -0.070665626633668446 0.0108179725918446 -0.031102414765520628 -0.052982661920129119 0.018670263312919409 -0.0091742621089568981 0.059750068939101876 0.037740948181695898 -0.036746360894270753 -0.019452773579612146 -0.048101640737589255 -0.11517228016800592 -0.004961758295900974 0.020175030794676446 -0.047852764209822402 0.011673902935986059 -0.030275819447206379 0.0065537673930111603 0.073960130710231997 0.016842052031647372 -0.051789982043392462 0.046459104185505792 0.051965558923893478 0.023155299205027499 0.031854750279557489 0.031474562698172552 -0.070468594014242728
leaf_weight=2.5647228434681875 22.217783316806166 2.3049935931339851 2.0321114882826796 1.7782646315172312 2.3580472730100137 2.5895612763706621 2.5617000102065486 2.3064697850495577 3.0280714859254658 2.8542423211038122 3.3305260725319386 3.1256299940869203 2.1397750522010011 2.5150700402446091 1.8175169923342762 4.2594072362408024 4.1346436941530609 4.1315642986446601 1.9529014863073806 6.5478230603039265 4.8343244562856853 2.7130826972424984 4.0848225280642509 2.3695081919431686 3.8731339648365974 2.5950645208358765 5.4709683246910572 7.2262606779113412 2.8600813783705235 0.51010213224799272
leaf_count=20 942 30 18 20 17 32 24 28 39 26 25 28 29 26 31 37 35 33 16 56 42 25 36 13 41 17 42 54 38 79
internal_value=-5.71317e-05 0.00188125 -0.00302469 -0.0335272 -0.000589486 -0.00284766 -0.00856627 -0.0339489 -0.0503333 0.00953413 0.00368464 0.00153974 0.0108922 -0.0195911 -0.0787934 0.0057846 0.00264369 -0.00361764 0.00695231 -0.0107488 0.0268561 0.0478908 -0.02377 -0.00835408 0.0226359 0.0215477 0.011176 0.0223203 0.00967565 -0.00620318
internal_weight=117.088 94.3603 42.808 4.08326 38.7248 36.6926 25.6348 9.71376 7.40729 11.0579 8.20364 15.921 12.7954 4.87312 4.37922 51.5523 40.5597 30.7687 20.1828 10.6825 9.50031 4.66598 10.5859 6.45433 10.9926 10.2058 7.61074 9.79098 7.11949 22.7279
internal_count=1899 878 432 50 382 364 270 122 94 94 68 148 120 43 55 446 330 256 174 91 83 41 82 49 116 88 71 74 75 1021
cat_boundaries=0 1 2 3
cat_threshold=4 294 640
is_linear=0
shrinkage=0.1


end of trees

feature_importances:
Income=1692
Age=1190
Hours=547
Education=158
Occupation=144
Gender=71
Marital=69
Employment=59

parameters:
[boosting: gbdt]
[objective: binary]
[metric: binary_logloss]
[tree_learner: serial]
[device_type: cpu]
[data_sample_strategy: bagging]
[data: ]
[valid: ]
[num_iterations: 131]
[learning_rate: 0.1]
[num_leaves: 31]
[num_threads: 0]
[seed: 0]
[deterministic: 0]
[force_col_wise: 0]
[force_row_wise: 0]
[histogram_pool_size: -1]
[max_depth: -1]
[min_data_in_leaf: 20]
[min_sum_hessian_in_leaf: 0.001]
[bagging_fraction: 1]
[pos_bagging_fraction: 1]
[neg_bagging_fraction: 1]
[bagging_freq: 0]
[bagging_seed: 3]
[bagging_by_query: 0]
[feature_fraction: 1]
[feature_fraction_bynode: 1]
[feature_fraction_seed: 2]
[extra_trees: 0]
[extra_seed: 6]
[early_stopping_round: 0]
[early_stopping_min_delta: 0]
[first_metric_only: 0]
[max_delta_step: 0]
[lambda_l1: 0]
[lambda_l2: 0]
[linear_lambda: 0]
[min_gain_to_split: 0]
[drop_rate: 0.1]
[max_drop: 50]
[skip_drop: 0.5]
[xgboost_dart_mode: 0]
[uniform_drop: 0]
[drop_seed: 4]
[top_rate: 0.2]
[other_rate: 0.1]
[min_data_per_group: 100]
[max_cat_threshold: 32]
[cat_l2: 10]
[cat_smooth: 10]
[max_cat_to_onehot: 4]
[top_k: 20]
[monotone_constraints: ]
[monotone_constraints_method: basic]
[monotone_penalty: 0]
[feature_contri: ]
[forcedsplits_filename: ]
[refit_decay_rate: 0.9]
[cegb_tradeoff: 1]
[cegb_penalty_split: 0]
[cegb_penalty_feature_lazy: ]
[cegb_penalty_feature_coupled: ]
[path_smooth: 0]
[interaction_constraints: ]
[verbosity: 1]
[saved_feature_importance_type: 0]
[use_quantized_grad: 0]
[num_grad_quant_bins: 4]
[quant_train_renew_leaf: 0]
[stochastic_rounding: 1]
[linear_tree: 0]
[max_bin: 255]
[max_bin_by_feature: ]
[min_data_in_bin: 3]
[bin_construct_sample_cnt: 200000]
[data_random_seed: 1]
[is_enable_sparse: 1]
[enable_bundle: 1]
[use_missing: 1]
[zero_as_missing: 0]
[feature_pre_filter: 1]
[pre_partition: 0]
[two_round: 0]
[header: 0]
[label_column: ]
[weight_column: ]
[group_column: ]
[ignore_column: ]
[categorical_feature: 3,4,5,6,7]
[forcedbins_filename: ]
[precise_float_parser: 0]
[parser_config_file: ]
[objective_seed: 5]
[num_class: 1]
[is_unbalance: 0]
[scale_pos_weight: 1]
[sigmoid: 1]
[boost_from_average: 1]
[reg_sqrt: 0]
[alpha: 0.9]
[fair_c: 1]
[poisson_max_delta_step: 0.7]
[tweedie_variance_power: 1.5]
[lambdarank_truncation_level: 30]
[lambdarank_norm: 1]
[label_gain: ]
[lambdarank_position_bias_regularization: 0]
[eval_at: ]
[multi_error_top_k: 1]
[auc_mu_weights: ]
[num_machines: 1]
[local_listen_port: 12400]
[time_out: 120]
[machine_list_filename: ]
[machines: ]
[gpu_platform_id: -1]
[gpu_device_id: -1]
[gpu_use_dp: 0]
[num_gpu: 1]

end of parameters

pandas_categorical:[["Associate", "Bachelor", "College", "Doctorate", "HSgrad", "Master", "Preschool", "Professional", "Vocational", "Yr10", "Yr11", "Yr12", "Yr1t4", "Yr5t6", "Yr7t8", "Yr9"], ["Consultant", "PSFederal", "PSLocal", "PSState", "Private", "SelfEmp", "Volunteer"], ["Female", "Male"], ["Absent", "Divorced", "Married", "Married-spouse-absent", "Unmarried", "Widowed"], ["Cleaner", "Clerical", "Executive", "Farming", "Home", "Machinist", "Military", "Professional", "Protective", "Repair", "Sales", "Service", "Support", "Transport"]]
